Date,Unemployment_Z,Empire_St_Z,Kansas_City_Z,Richmond_Z,Chicago_Z,Philly_Z,ten_two_z,ten_three_mo_z,thirty_five_z,Sentiment_Z,Confidence_Z,Wages_Z,CPI_Z,SP500_Z
1927-12-31,,,,,,,,,,,,,,
1928-01-31,,,,,,,,,,,,,,
1928-02-29,,,,,,,,,,,,,,
1928-03-31,,,,,,,,,,,,,,
1928-04-30,,,,,,,,,,,,,,
1928-05-31,,,,,,,,,,,,,,
1928-06-30,,,,,,,,,,,,,,
1928-07-31,,,,,,,,,,,,,,
1928-08-31,,,,,,,,,,,,,,
1928-09-30,,,,,,,,,,,,,,
1928-10-31,,,,,,,,,,,,,,
1928-11-30,,,,,,,,,,,,,,
1928-12-31,,,,,,,,,,,,,,
1929-01-31,,,,,,,,,,,,,,
1929-02-28,,,,,,,,,,,,,,
1929-03-31,,,,,,,,,,,,,,
1929-04-30,,,,,,,,,,,,,,1.751111111111111
1929-05-31,,,,,,,,,,,,,,1.8346666666666667
1929-06-30,,,,,,,,,,,,,,2.151
1929-07-31,,,,,,,,,,,,,,2.0780000000000003
1929-08-31,,,,,,,,,,,,,,2.085909090909091
1929-09-30,,,,,,,,,,,,,,2.4852631578947366
1929-10-31,,,,,,,,,,,,,,1.8922222222222222
1929-11-30,,,,,,,,,,,,,,-0.0825
1929-12-31,,,,,,,,,,,,,,-0.32666666666666666
1930-01-31,,,,,,,,,,,,,,-0.375
1930-02-28,,,,,,,,,,,,,,-0.3275
1930-03-31,,,,,,,,,,,,,,-0.34454545454545454
1930-04-30,,,,,,,,,,,,,,-0.013076923076923076
1930-05-31,,,,,,,,,,,,,,-0.5708333333333334
1930-06-30,,,,,,,,,,,,,,-1.200909090909091
1930-07-31,,,,,,,,,,,,,,-1.1727272727272728
1930-08-31,,,,,,,,,,,,,,-1.37375
1930-09-30,,,,,,,,,,,,,,-1.4442857142857142
1930-10-31,,,,,,,,,,,,,,-1.878
1930-11-30,,,,,,,,,,,,,,-2.1806666666666668
1930-12-31,,,,,,,,,,,,,,-2.5518181818181818
1931-01-31,,,,,,,,,,,,,,-2.629375
1931-02-28,,,,,,,,,,,,,,-2.583636363636364
1931-03-31,,,,,,,,,,,,,,-2.5942857142857143
1931-04-30,,,,,,,,,,,,,,-2.8299999999999996
1931-05-31,,,,,,,,,,,,,,-2.8583333333333334
1931-06-30,,,,,,,,,,,,,,-2.173529411764706
1931-07-31,,,,,,,,,,,,,,-2.0255555555555556
1931-08-31,,,,,,,,,,,,,,-2.2363636363636363
1931-09-30,,,,,,,,,,,,,,-2.8315
1931-10-31,,,,,,,,,,,,,,-3.315
1931-11-30,,,,,,,,,,,,,,-3.1824999999999997
1931-12-31,,,,,,,,,,,,,,-3.370526315789474
1932-01-31,,,,,,,,,,,,,,-3.34875
1932-02-29,,,,,,,,,,,,,,-3.079333333333333
1932-03-31,,,,,,,,,,,,,,-2.9092307692307693
1932-04-30,,,,,,,,,,,,,,-3.3782352941176472
1932-05-31,,,,,,,,,,,,,,-3.5755555555555554
1932-06-30,,,,,,,,,,,,,,-3.915625
1932-07-31,,,,,,,,,,,,,,-3.8927272727272726
1932-08-31,,,,,,,,,,,,,,-2.9933333333333336
1932-09-30,,,,,,,,,,,,,,-2.441
1932-10-31,,,,,,,,,,,,,,-2.75
1932-11-30,,,,,,,,,,,,,,-3.011111111111111
1932-12-31,,,,,,,,,,,,,,-2.974615384615385
1933-01-31,,,,,,,,,,,,,,-2.8185714285714285
1933-02-28,,,,,,,,,,,,,,-3.1225
1933-03-31,,,,,,,,,,,,,,-2.787
1933-04-30,,,,,,,,,,,,,,-1.9537499999999999
1933-05-31,,,,,,,,,,,,,,-1.071875
1933-06-30,,,,,,,,,,,,,,-0.366875
1933-07-31,,,,,,,,,,,,,,1.1871428571428573
1933-08-31,,,,,,,,,,,,,,1.042857142857143
1933-09-30,,,,,,,,,,,,,,1.0984615384615386
1933-10-31,,,,,,,,,,,,,,0.14923076923076925
1933-11-30,,,,,,,,,,,,,,0.735
1933-12-31,,,,,,,,,,,,,,2.0999999999999996
1934-01-31,,,,,,,,,,,,,,3.282222222222222
1934-02-28,,,,,,,,,,,,,,4.407272727272727
1934-03-31,,,,,,,,,,,,,,5.37125
1934-04-30,,,,,,,,,,,,,,5.711666666666666
1934-05-31,,,,,,,,,,,,,,4.2575
1934-06-30,,,,,,,,,,,,,,5.336666666666667
1934-07-31,,,,,,,,,,,,,,2.8822222222222225
1934-08-31,,,,,,,,,,,,,,0.4747058823529412
1934-09-30,,,,,,,,,,,,,,0.125
1934-10-31,,,,,,,,,,,,,,0.23249999999999998
1934-11-30,,,,,,,,,,,,,,1.0483333333333333
1934-12-31,,,,,,,,,,,,,,1.41
1935-01-31,,,,,,,,,,,,,,1.1099999999999999
1935-02-28,,,,,,,,,,,,,,0.9
1935-03-31,,,,,,,,,,,,,,0.6100000000000001
1935-04-30,,,,,,,,,,,,,,1.62
1935-05-31,,,,,,,,,,,,,,1.4733333333333334
1935-06-30,,,,,,,,,,,,,,1.765
1935-07-31,,,,,,,,,,,,,,2.378
1935-08-31,,,,,,,,,,,,,,2.611666666666667
1935-09-30,,,,,,,,,,,,,,3.9979999999999998
1935-10-31,,,,,,,,,,,,,,3.733076923076923
1935-11-30,,,,,,,,,,,,,,2.1106666666666665
1935-12-31,,,,,,,,,,,,,,1.103846153846154
1936-01-31,,,,,,,,,,,,,,0.6728571428571428
1936-02-29,,,,,,,,,,,,,,1.3081818181818183
1936-03-31,,,,,,,,,,,,,,1.3308333333333333
1936-04-30,,,,,,,,,,,,,,1.2266666666666666
1936-05-31,,,,,,,,,,,,,,1.5857142857142856
1936-06-30,,,,,,,,,,,,,,2.1255555555555556
1936-07-31,,,,,,,,,,,,,,2.705
1936-08-31,,,,,,,,,,,,,,2.505
1936-09-30,,,,,,,,,,,,,,1.932857142857143
1936-10-31,,,,,,,,,,,,,,1.8033333333333335
1936-11-30,,,,,,,,,,,,,,2.165
1936-12-31,,,,,,,,,,,,,,2.4425
1937-01-31,,,,,,,,,,,,,,2.822857142857143
1937-02-28,,,,,,,,,,,,,,3.575
1937-03-31,,,,,,,,,,,,,,3.8549999999999995
1937-04-30,,,,,,,,,,,,,,4.2299999999999995
1937-05-31,,,,,,,,,,,,,,3.492857142857143
1937-06-30,,,,,,,,,,,,,,2.897777777777778
1937-07-31,,,,,,,,,,,,,,3.57625
1937-08-31,,,,,,,,,,,,,,3.5666666666666664
1937-09-30,,,,,,,,,,,,,,2.3425000000000002
1937-10-31,,,,,,,,,,,,,,1.7233333333333334
1937-11-30,,,,,,,,,,,,,,0.8240000000000001
1937-12-31,,,,,,,,,,,,,,0.052000000000000005
1938-01-31,,,,,,,,,,,,,,0.057499999999999996
1938-02-28,,,,,,,,,,,,,,-0.612
1938-03-31,,,,,,,,,,,,,,-1.68
1938-04-30,,,,,,,,,,,,,,-1.31
1938-05-31,,,,,,,,,,,,,,-0.97
1938-06-30,,,,,,,,,,,,,,-0.54
1938-07-31,,,,,,,,,,,,,,-0.205
1938-08-31,,,,,,,,,,,,,,-0.3409090909090909
1938-09-30,,,,,,,,,,,,,,-0.8300000000000001
1938-10-31,,,,,,,,,,,,,,-0.528
1938-11-30,,,,,,,,,,,,,,-0.49
1938-12-31,,,,,,,,,,,,,,-0.6171428571428572
1939-01-31,,,,,,,,,,,,,,-0.665
1939-02-28,,,,,,,,,,,,,,-0.9333333333333332
1939-03-31,,,,,,,,,,,,,,-1.005
1939-04-30,,,,,,,,,,,,,,-1.62
1939-05-31,,,,,,,,,,,,,,
1939-06-30,,,,,,,,,,,,,,
1939-07-31,,,,,,,,,,,,,,-1.0750000000000002
1939-08-31,,,,,,,,,,,,,,
1939-09-30,,,,,,,,,,,,,,-0.8933333333333334
1939-10-31,,,,,,,,,,,,,,-0.95
1939-11-30,,,,,,,,,,,,,,
1939-12-31,,,,,,,,,,,,,,-1.2175
1940-01-31,,,,,,,,,,,,,,-1.24
1940-02-29,,,,,,,,,,,,,,
1940-03-31,,,,,,,,,,,,,,
1940-04-30,,,,,,,,,,,,,,
1940-05-31,,,,,,,,,,,,,,-1.3
1940-06-30,,,,,,,,,,,,,,
1940-07-31,,,,,,,,,,,,,,-1.9
1940-08-31,,,,,,,,,,,,,,-1.97
1940-09-30,,,,,,,,,,,,,,-1.97
1940-10-31,,,,,,,,,,,,,,-1.79
1940-11-30,,,,,,,,,,,,,,
1940-12-31,,,,,,,,,,,,,,-1.75
1941-01-31,,,,,,,,,,,,,,
1941-02-28,,,,,,,,,,,,,,
1941-03-31,,,,,,,,,,,,,,
1941-04-30,,,,,,,,,,,,,,-2.18
1941-05-31,,,,,,,,,,,,,,-2.26
1941-06-30,,,,,,,,,,,,,,
1941-07-31,,,,,,,,,,,,,,
1941-08-31,,,,,,,,,,,,,,-1.97
1941-09-30,,,,,,,,,,,,,,
1941-10-31,,,,,,,,,,,,,,
1941-11-30,,,,,,,,,,,,,,
1941-12-31,,,,,,,,,,,,,,-2.566666666666667
1942-01-31,,,,,,,,,,,,,,
1942-02-28,,,,,,,,,,,,,,-2.48
1942-03-31,,,,,,,,,,,,,,-2.76
1942-04-30,,,,,,,,,,,,,,-2.722
1942-05-31,,,,,,,,,,,,,,-2.55
1942-06-30,,,,,,,,,,,,,,-2.473333333333333
1942-07-31,,,,,,,,,,,,,,
1942-08-31,,,,,,,,,,,,,,
1942-09-30,,,,,,,,,,,,,,-2.33
1942-10-31,,,,,,,,,,,,,,
1942-11-30,,,,,,,,,,,,,,
1942-12-31,,,,,,,,,,,,,,
1943-01-31,,,,,,,,,,,,,,
1943-02-28,,,,,,,,,,,,,,
1943-03-31,,,,,,,,,,,,,,
1943-04-30,,,,,,,,,,,,,,-1.47
1943-05-31,,,,,,,,,,,,,,
1943-06-30,,,,,,,,,,,,,,
1943-07-31,,,,,,,,,,,,,,-1.11
1943-08-31,,,,,,,,,,,,,,-1.4400000000000002
1943-09-30,,,,,,,,,,,,,,
1943-10-31,,,,,,,,,,,,,,
1943-11-30,,,,,,,,,,,,,,-1.58
1943-12-31,,,,,,,,,,,,,,-1.5
1944-01-31,,,,,,,,,,,,,,-1.41
1944-02-29,,,,,,,,,,,,,,
1944-03-31,,,,,,,,,,,,,,
1944-04-30,,,,,,,,,,,,,,
1944-05-31,,,,,,,,,,,,,,
1944-06-30,,,,,,,,,,,,,,
1944-07-31,,,,,,,,,,,,,,-1.28
1944-08-31,,,,,,,,,,,,,,-1.27
1944-09-30,,,,,,,,,,,,,,
1944-10-31,,,,,,,,,,,,,,-1.29
1944-11-30,,,,,,,,,,,,,,-1.41
1944-12-31,,,,,,,,,,,,,,
1945-01-31,,,,,,,,,,,,,,-1.1842857142857142
1945-02-28,,,,,,,,,,,,,,-0.9916666666666667
1945-03-31,,,,,,,,,,,,,,-1.075
1945-04-30,,,,,,,,,,,,,,-1.03
1945-05-31,,,,,,,,,,,,,,-0.7733333333333333
1945-06-30,,,,,,,,,,,,,,-0.71
1945-07-31,,,,,,,,,,,,,,-1.0266666666666666
1945-08-31,,,,,,,,,,,,,,-1.04
1945-09-30,,,,,,,,,,,,,,-0.8640000000000001
1945-10-31,,,,,,,,,,,,,,-0.6
1945-11-30,,,,,,,,,,,,,,-0.4
1945-12-31,,,,,,,,,,,,,,-0.385
1946-01-31,,,,,,,,,,,,,,-0.30333333333333334
1946-02-28,,,,,,,,,,,,,,-0.31
1946-03-31,,,,,,,,,,,,,,-0.47
1946-04-30,,,,,,,,,,,,,,-0.2857142857142857
1946-05-31,,,,,,,,,,,,,,-0.36
1946-06-30,,,,,,,,,,,,,,-0.1842857142857143
1946-07-31,,,,,,,,,,,,,,-0.27666666666666667
1946-08-31,,,,,,,,,,,,,,-0.10600000000000001
1946-09-30,,,,,,,,,,,,,,-0.8633333333333333
1946-10-31,,,,,,,,,,,,,,-0.675
1946-11-30,,,,,,,,,,,,,,-0.5
1946-12-31,,,,,,,,,,,,,,-0.47000000000000003
1947-01-31,,,,,,,,,,,,,,-0.67
1947-02-28,,,,,,,,,,,,,,-0.7533333333333333
1947-03-31,,,,,,,,,,,,,,-0.91
1947-04-30,,,,,,,,,,,,,,
1947-05-31,,,,,,,,,,,,,,-1.0499999999999998
1947-06-30,,,,,,,,,,,,,,-0.72
1947-07-31,,,,,,,,,,,,,,0.15666666666666668
1947-08-31,,,,,,,,,,,,,,0.59
1947-09-30,,,,,,,,,,,,,,
1947-10-31,,,,,,,,,,,,,,0.45
1947-11-30,,,,,,,,,,,,,,0.71
1947-12-31,,,,,,,,,,,,,,
1948-01-31,-1.39,,,,,,,,,,,,2.35,
1948-02-29,-1.16,,,,,,,,,,,,2.08,0.3466666666666667
1948-03-31,-1.04,,,,,,,,,,,,1.16,0.48
1948-04-30,-1.1,,,,,,,,,,,,1.66,
1948-05-31,-1.33,,,,,,,,,,,,2.05,1.145
1948-06-30,-1.28,,,,,,,,,,,,2.05,1.6749999999999998
1948-07-31,-1.28,,,,,,,,,,,,2.18,1.56
1948-08-31,-1.1,,,,,,,,,,,,1.94,1.96
1948-09-30,-1.16,,,,,,,,,,,,1.1,1.36
1948-10-31,-1.22,,,,,,,,,,,,0.92,1.8533333333333335
1948-11-30,-1.16,,,,,,,,,,,,0.45,
1948-12-31,-1.04,,,,,,,,,,,,-0.25,
1949-01-31,-0.86,,,,,,,,,,,,-0.71,
1949-02-28,-0.63,,,,,,,,,,,,-0.84,
1949-03-31,-0.45,,,,,,,,,,,,-0.59,
1949-04-30,-0.28,,,,,,,,,,,,-1.05,
1949-05-31,0.2,,,,,,,,,,,,-1.34,
1949-06-30,0.25,,,,,,,,,,,,-1.52,
1949-07-31,0.55,,,,,,,,,,,,-2.19,
1949-08-31,0.61,,,,,,,,,,,,-2.23,
1949-09-30,0.49,,,,,,,,,,,,-2.06,
1949-10-31,1.25,,,,,,,,,,,,-2.1,
1949-11-30,0.37,,,,,,,,,,,,-1.85,
1949-12-31,0.49,,,,,,,,,,,,-1.83,1.8
1950-01-31,0.43,,,,,,,,,,,,-1.91,1.9785714285714284
1950-02-28,0.37,,,,,,,,,,,,-1.63,1.4994444444444446
1950-03-31,0.31,,,,,,,,,,,,-1.58,1.306086956521739
1950-04-30,0.02,,,,,,,,,,,,-1.58,1.7088888888888887
1950-05-31,-0.16,,,,,,,,,,,,-1.4,3.7345454545454544
1950-06-30,-0.22,,,,,,,,,,,,-1.25,4.402272727272727
1950-07-31,-0.45,,,,,,,,,,,,-0.65,0.893
1950-08-31,-0.75,,,,,,,,,,,,-0.46,0.4491304347826087
1950-09-30,-0.8,,,,,,,,,,,,-0.34,-0.24900000000000003
1950-10-31,-0.92,,,,,,,,,,,,0.02,0.24285714285714283
1950-11-30,-0.92,,,,,,,,,,,,0.12,1.0675
1950-12-31,-0.86,,,,,,,,,,,,0.81,0.9105000000000001
1951-01-31,-1.22,,,,,,,,,,,,1.55,0.8361904761904762
1951-02-28,-1.39,,,,,,,,,,,,2.05,0.9355555555555556
1951-03-31,-1.39,,,,,,,,,,,,2.08,0.7657142857142857
1951-04-30,-1.57,,,,,,,,,,,,2.12,0.6900000000000001
1951-05-31,-1.63,,,,,,,,,,,,2.03,0.5313636363636364
1951-06-30,-1.51,,,,,,,,,,,,1.77,0.22285714285714284
1951-07-31,-1.57,,,,,,,,,,,,1.45,0.8042857142857143
1951-08-31,-1.57,,,,,,,,,,,,1.18,0.7843478260869565
1951-09-30,-1.45,,,,,,,,,,,,1.2,0.74
1951-10-31,-1.33,,,,,,,,,,,,1.15,0.43636363636363634
1951-11-30,-1.33,,,,,,,,,,,,1.22,0.28
1951-12-31,-1.57,,,,,,,,,,,,0.87,0.493
1952-01-31,-1.51,,,,,,,,,,,,0.26,0.3118181818181818
1952-02-29,-1.57,,,,,,,,,,,,-0.42,-0.05
1952-03-31,-1.69,,,,,,,,,,,,-0.51,0.030952380952380953
1952-04-30,-1.69,,,,,,,,,,,,-0.48,-0.0009523809523809532
1952-05-31,-1.63,,,,,,,,,,,,-0.55,-0.07380952380952381
1952-06-30,-1.63,,,,,,,,,,,,-0.4,0.18714285714285714
1952-07-31,-1.51,,,,,,,,,,,,-0.17,0.29454545454545455
1952-08-31,-1.39,,,,,,,,,,,,-0.08,0.06
1952-09-30,-1.57,,,,,,,,,,,,-0.4,-0.1657142857142857
1952-10-31,-1.63,,,,,,,,,,,,-0.49,-0.26681818181818184
1952-11-30,-1.75,,,,,,,,,-0.02,,,-0.71,0.04764705882352942
1952-12-31,-1.8,,,,,,,,,,,,-0.88,0.13590909090909092
1953-01-31,-1.69,,,,,,,,,,,,-0.95,-0.029523809523809525
1953-02-28,-1.86,,,,,,,,,0.34,,,-0.96,-0.04
1953-03-31,-1.86,,,,,,,,,,,,-0.88,0.03590909090909091
1953-04-30,-1.8,,,,,,,,,,,,-0.89,-0.26571428571428574
1953-05-31,-1.92,,,,,,,,,,,,-0.89,-0.20571428571428574
1953-06-30,-1.92,,,,,,,,,,,,-0.88,-0.5068181818181818
1953-07-31,-1.86,,,,,,,,,,,,-1.05,-0.5904545454545455
1953-08-31,-1.8,,,,,,,,,-0.46,,,-0.99,-0.6052380952380952
1953-09-30,-1.69,,,,,,,,,,,,-0.86,-0.751
1953-10-31,-1.57,,,,,,,,,,,,-0.86,-0.5128571428571428
1953-11-30,-1.33,,,,,,,,,-0.47,,,-0.99,-0.4894117647058824
1953-12-31,-0.75,,,,,,,,,,,,-0.99,-0.6390909090909092
1954-01-31,-0.51,,,,,,,,,,,,-0.8,-0.5885
1954-02-28,-0.33,,,,,,,,,-0.37,,,-0.68,-0.4366666666666667
1954-03-31,-0.04,,,,,,,,,,,,-0.8,-0.34
1954-04-30,0.08,,,,,,,,,,,,-0.97,0.08047619047619048
1954-05-31,0.08,,,,,,,,,-0.29,,,-0.9,0.3235
1954-06-30,-0.1,,,,,,,,,,,,-0.97,0.5418181818181819
1954-07-31,0.02,,,,,,,,,,,,-1.1,0.7338095238095238
1954-08-31,0.14,,,,,,,,,,,,-1.19,0.7854545454545455
1954-09-30,0.2,,,,,,,,,,,,-1.3,1.243809523809524
1954-10-31,-0.04,,,,,,,,,,,,-1.49,1.2894999999999999
1954-11-30,-0.28,,,,,,,,,0.04,,,-1.28,1.34
1954-12-31,-0.45,,,,,,,,,,,,-1.32,1.549090909090909
1955-01-31,-0.51,,,,,,,,,,,,-1.41,1.5157142857142856
1955-02-28,-0.63,,,,,,,,,0.77,,,-1.41,1.563157894736842
1955-03-31,-0.69,,,,,,,,,,,,-1.37,1.3704347826086956
1955-04-30,-0.63,,,,,,,,,,,,-1.28,1.3465
1955-05-31,-0.86,,,,,,,,,1.03,,,-1.4,1.06
1955-06-30,-0.92,,,,,,,,,,,,-1.49,1.3854545454545455
1955-07-31,-1.04,,,,,,,,,,,,-1.32,1.59
1955-08-31,-0.92,,,,,,,,,,,,-1.36,1.4039130434782607
1955-09-30,-0.98,,,,,,,,,,,,-1.14,1.548095238095238
1955-10-31,-0.86,,,,,,,,,,,,-1.07,1.0571428571428572
1955-11-30,-0.92,,,,,,,,,1.08,,,-1.07,1.205
1955-12-31,-0.92,,,,,,,,,,,,-1.07,0.9876190476190477
1956-01-31,-1.04,,,,,,,,,,,,-1.12,0.7245
1956-02-29,-1.1,,,,,,,,,,,,-1.14,0.5660000000000001
1956-03-31,-0.92,,,,,,,,,,,,-1.07,1.020952380952381
1956-04-30,-1.04,,,,,,,,,,,,-1.01,0.9014285714285715
1956-05-31,-0.86,,,,,,,,,0.96,,,-0.86,0.7063636363636363
1956-06-30,-0.86,,,,,,,,,,,,-0.62,0.3433333333333333
1956-07-31,-0.8,,,,,,,,,,,,-0.51,0.2590476190476191
1956-08-31,-0.98,,,,,,,,,1.09,,,-0.43,0.2456521739130435
1956-09-30,-1.1,,,,,,,,,,,,-0.55,-0.18157894736842106
1956-10-31,-1.1,,,,,,,,,,,,-0.31,0.014347826086956523
1956-11-30,-0.86,,,,,,,,,1.12,,,-0.39,-0.3525
1956-12-31,-0.92,,,,,,,,,,,,-0.22,-0.33263157894736844
1957-01-31,-0.92,,,,,,,,,,,,-0.11,-0.3109090909090909
1957-02-28,-1.1,,,,,,,,,,,,0.02,-0.5436842105263158
1957-03-31,-1.22,,,,,,,,,,,,0.05,-0.7814285714285715
1957-04-30,-1.1,,,,,,,,,,,,0.09,-0.7476190476190476
1957-05-31,-0.98,,,,,,,,,0.52,,,0.05,-0.4290909090909091
1957-06-30,-0.86,,,,,,,,,,,,0.03,-0.28368421052631576
1957-07-31,-0.92,,,,,,,,,,,,-0.05,-0.4414285714285714
1957-08-31,-0.98,,,,,,,,,,,,0.03,-0.735909090909091
1957-09-30,-0.8,,,,,,,,,,,,0.03,-0.7721052631578947
1957-10-31,-0.75,,,,,,,,,,,,-0.18,-0.9608695652173914
1957-11-30,-0.39,,,,,,,,,-0.23,,,-0.06,-1.0505263157894738
1957-12-31,-0.33,,,,,,,,,,,,-0.14,-1.0442857142857143
1958-01-31,0.02,,,,,,,,,,,,0.02,-0.9268181818181819
1958-02-28,0.37,,,,,,,,,-0.65,,,-0.07,-0.713
1958-03-31,0.55,,,,,,,,,,,,0.06,-0.6480952380952381
1958-04-30,0.96,,,,,,,,,,,,0.06,-0.7219047619047619
1958-05-31,0.96,,,,,,,,,-0.46,,,-0.03,-0.7490476190476191
1958-06-30,0.9,,,,,,,,,,,,-0.21,-0.7309523809523809
1958-07-31,1.02,,,,,,,,,,,,-0.34,-0.6914285714285714
1958-08-31,0.96,,,,,,,,,,,,-0.39,-0.2652380952380953
1958-09-30,0.78,,,,,,,,,,,,-0.48,0.10095238095238096
1958-10-31,0.55,,,,,,,,,,,,-0.48,0.7036363636363636
1958-11-30,0.25,,,,,,,,,0.35,,,-0.54,1.0388888888888888
1958-12-31,0.25,,,,,,,,,,,,-0.59,1.1195238095238096
1959-01-31,0.14,,,,,,,,,,,,-0.75,1.302857142857143
1959-02-28,0.08,,,,,,,,,,,,-0.83,1.121578947368421
1959-03-31,-0.1,,,,,,,,,,,,-1.07,1.217142857142857
1959-04-30,-0.33,,,,,,,,,,,,-1.15,1.2722727272727272
1959-05-31,-0.39,,,,,,,,,0.72,,,-1.07,1.158095238095238
1959-06-30,-0.45,,,,,,,,,,,,-0.96,0.9572727272727272
1959-07-31,-0.39,,,,,,,,,,,,-0.88,1.0250000000000001
1959-08-31,-0.33,,,,,,,,,,,,-0.91,0.7504761904761905
1959-09-30,-0.16,,,,,,,,,,,,-0.79,0.37142857142857144
1959-10-31,-0.04,,,,,,,,,,,,-0.67,0.13863636363636364
1959-11-30,0.02,,,,,,,,,0.6,,,-0.72,-0.0036842105263157885
1959-12-31,-0.28,,,,,,,,,,,,-0.67,0.053636363636363635
1960-01-31,-0.33,,,,,,,,,,1.1,1.18,-0.77,-0.2355
1960-02-29,-0.57,,,,,,,,,1.1,0.91,1.02,-0.71,-0.36150000000000004
1960-03-31,-0.22,,,,,,,,,,0.75,0.69,-0.67,-0.5430434782608696
1960-04-30,-0.33,,,,,,,,,,0.66,0.42,-0.53,-0.5795
1960-05-31,-0.39,,,,,,,,,0.56,0.69,0.23,-0.56,-0.6814285714285715
1960-06-30,-0.22,,,,,,,,,,0.75,0.03,-0.6,-0.46181818181818185
1960-07-31,-0.16,,,,,,,,,,0.76,0.3,-0.72,-0.7615000000000001
1960-08-31,-0.1,,,,,,,,,0.87,0.66,0.46,-0.69,-0.6830434782608696
1960-09-30,-0.16,,,,,,,,,,0.51,0.51,-0.77,-0.6295238095238096
1960-10-31,0.2,,,,,,,,,,0.38,0.52,-0.72,-0.7223809523809523
1960-11-30,0.2,,,,,,,,,0.29,0.33,0.02,-0.69,-0.5995
1960-12-31,0.49,,,,,,,,,,0.35,-0.81,-0.72,-0.6314285714285715
1961-01-31,0.49,,,,,,,,,,0.38,-0.99,-0.64,-0.28904761904761905
1961-02-28,0.67,,,,,,,,,0.42,0.42,-1.03,-0.69,0.11263157894736843
1961-03-31,0.67,,,,,,,,,,0.47,-0.95,-0.69,0.3590909090909091
1961-04-30,0.72,,,,,,,,,,0.56,-0.85,-0.88,0.4415
1961-05-31,0.78,,,,,,,,,0.49,0.7,-0.7,-0.88,0.5571428571428572
1961-06-30,0.67,,,,,,,,,,0.85,-0.31,-0.92,0.26636363636363636
1961-07-31,0.72,,,,,,,,,,0.92,-0.43,-0.76,0.385
1961-08-31,0.49,,,,,,,,,1.04,0.85,-0.12,-0.81,0.532608695652174
1961-09-30,0.55,,,,,,,,,,0.74,-0.12,-0.76,0.6275000000000001
1961-10-31,0.43,,,,,,,,,,0.68,0.26,-0.93,0.8431818181818183
1961-11-30,0.2,,,,,,,,,0.53,0.76,0.85,-0.96,0.9315
1961-12-31,0.14,,,,,,,,,,0.9,1.37,-0.96,0.8550000000000001
1962-01-31,0.02,,,,,,,,,,1.0,1.13,-0.96,0.3409090909090909
1962-02-28,-0.16,,,,,,,,,1.09,0.98,1.35,-0.88,0.19263157894736843
1962-03-31,-0.1,,,,,,,,,,0.88,1.48,-0.81,0.031363636363636364
1962-04-30,-0.1,,,,,,,,,,0.75,1.55,-0.73,-0.28700000000000003
1962-05-31,-0.16,,,,,,,,,0.73,0.62,1.36,-0.73,-0.6968181818181818
1962-06-30,-0.16,,,,,,,,,,0.52,1.13,-0.77,-1.1852380952380952
1962-07-31,-0.22,,,,,,,,,,0.47,1.17,-0.85,-1.070952380952381
1962-08-31,-0.04,,,,,,,,,0.42,0.51,0.97,-0.8,-1.108695652173913
1962-09-30,-0.1,,,,,,,,,,0.6,1.05,-0.69,-1.1147368421052632
1962-10-31,-0.22,,,,,,,,,,0.7,0.76,-0.73,-1.2813043478260868
1962-11-30,-0.04,,,,,,,,,0.69,0.81,0.57,-0.73,-1.1995
1962-12-31,-0.16,,,,,,,,,,0.88,0.52,-0.77,-1.0630000000000002
1963-01-31,-0.04,,,,,,,,,,0.88,0.55,-0.73,-0.7231818181818181
1963-02-28,0.08,,,,,,,,,0.97,0.78,0.48,-0.77,-0.7426315789473684
1963-03-31,-0.04,,,,,,,,,,0.63,0.37,-0.8,-0.7666666666666667
1963-04-30,-0.04,,,,,,,,,,0.54,0.23,-0.89,-0.3985714285714285
1963-05-31,0.08,,,,,,,,,0.43,0.57,0.41,-0.89,0.11772727272727272
1963-06-30,-0.1,,,,,,,,,,0.66,0.49,-0.74,0.8234999999999999
1963-07-31,-0.1,,,,,,,,,,0.73,0.32,-0.65,0.5981818181818181
1963-08-31,-0.22,,,,,,,,,0.81,0.74,0.48,-0.66,0.5913636363636363
1963-09-30,-0.16,,,,,,,,,,0.72,0.67,-0.85,0.795
1963-10-31,-0.16,,,,,,,,,,0.73,0.79,-0.77,1.0156521739130435
1963-11-30,-0.04,,,,,,,,,0.65,0.81,0.65,-0.74,0.6027777777777777
1963-12-31,-0.16,,,,,,,,,,0.92,0.72,-0.62,0.45666666666666667
1964-01-31,-0.1,,,,,,,,,,1.01,0.68,-0.63,0.41954545454545455
1964-02-29,-0.22,,,,,,,,,1.06,1.04,1.04,-0.71,0.391578947368421
1964-03-31,-0.22,,,,,,,,,,1.04,1.03,-0.71,0.5357142857142857
1964-04-30,-0.28,,,,,,,,,,1.04,1.17,-0.66,0.35409090909090907
1964-05-31,-0.39,,,,,,,,,0.98,1.07,1.15,-0.66,0.292
1964-06-30,-0.33,,,,,,,,,,1.11,1.12,-0.74,0.2545454545454545
1964-07-31,-0.51,,,,,,,,,,1.14,1.43,-0.82,0.5504545454545454
1964-08-31,-0.45,,,,,,,,,1.15,1.15,1.56,-0.86,0.3157142857142857
1964-09-30,-0.39,,,,,,,,,,1.14,1.43,-0.79,0.26
1964-10-31,-0.39,,,,,,,,,,1.14,1.17,-0.78,0.345
1964-11-30,-0.57,,,,,,,,,1.09,1.17,1.36,-0.71,0.4073684210526316
1964-12-31,-0.45,,,,,,,,,,1.23,1.53,-0.78,0.19272727272727275
1965-01-31,-0.51,,,,,,,,,,1.31,1.55,-0.81,0.16799999999999998
1965-02-28,-0.39,,,,,,,,,1.27,1.4,1.25,-0.78,0.14578947368421052
1965-03-31,-0.63,,,,,,,,,,1.48,1.26,-0.78,0.05260869565217391
1965-04-30,-0.57,,,,,,,,,,1.53,1.1,-0.71,0.041428571428571426
1965-05-31,-0.69,,,,,,,,,1.54,1.52,1.15,-0.64,0.0685
1965-06-30,-0.69,,,,,,,,,,1.48,0.99,-0.53,-0.14954545454545454
1965-07-31,-0.8,,,,,,,,,,1.44,1.04,-0.57,-0.3466666666666667
1965-08-31,-0.8,,,,,,,,,1.38,1.41,1.08,-0.64,-0.18272727272727274
1965-09-30,-0.86,,,,,,,,,,1.38,1.12,-0.59,-0.09714285714285714
1965-10-31,-0.92,,,,,,,,,,1.35,1.66,-0.61,-0.06952380952380952
1965-11-30,-0.98,,,,,,,,,1.34,1.29,1.62,-0.6,-0.061
1965-12-31,-1.04,,,,,,,,,,1.21,1.46,-0.53,0.005454545454545455
1966-01-31,-1.04,,,,,,,,,,1.12,1.58,-0.53,-0.04238095238095238
1966-02-28,-1.16,,,,,,,,,1.1,1.0,1.54,-0.31,-0.10947368421052632
1966-03-31,-1.16,,,,,,,,,,0.88,1.57,-0.23,-0.3282608695652174
1966-04-30,-1.16,,,,,,,,,,0.76,1.72,-0.2,-0.248
1966-05-31,-1.1,,,,,,,,,0.75,0.63,1.68,-0.24,-0.5785714285714286
1966-06-30,-1.16,,,,,,,,,,0.5,2.02,-0.35,-0.3768181818181819
1966-07-31,-1.16,,,,,,,,,,0.38,2.0,-0.24,-0.3935
1966-08-31,-1.16,,,,,,,,,0.38,0.28,1.77,0.01,-0.7734782608695652
1966-09-30,-1.22,,,,,,,,,,0.21,1.68,0.04,-1.08
1966-10-31,-1.22,,,,,,,,,,0.21,1.35,0.12,-1.21
1966-11-30,-1.28,,,,,,,,,0.15,0.3,1.29,0.04,-1.0314999999999999
1966-12-31,-1.16,,,,,,,,,,0.44,1.17,-0.03,-0.9976190476190476
1967-01-31,-1.1,,,,,,,,,,0.58,1.33,-0.09,-0.9052380952380953
1967-02-28,-1.16,,,,,,,,,0.62,0.67,1.07,-0.2,-0.7231578947368421
1967-03-31,-1.16,,,,-0.33,,,,,,0.74,1.03,-0.31,-0.4145454545454545
1967-04-30,-1.16,,,,0.02,,,,,,0.78,0.85,-0.32,-0.47400000000000003
1967-05-31,-1.16,,,,-0.55,,,,,0.77,0.82,0.74,-0.39,-0.13045454545454546
1967-06-30,-1.1,,,,0.04,,,,,,0.83,0.5,-0.21,-0.14181818181818182
1967-07-31,-1.16,,,,-0.32,,,,,,0.81,0.35,-0.18,-0.038
1967-08-31,-1.16,,,,0.98,,,,,0.86,0.74,0.48,-0.3,0.3943478260869565
1967-09-30,-1.16,,,,-0.04,,,,,,0.65,0.43,-0.3,0.6745
1967-10-31,-1.04,,,,0.03,,,,,,0.62,0.35,-0.3,0.7295454545454546
1967-11-30,-1.1,,,,1.3,,,,,0.52,0.66,0.45,-0.12,0.2545
1967-12-31,-1.16,,,,0.96,,,,,,0.75,0.61,-0.06,0.3875
1968-01-31,-1.22,,,,-0.47,,,,,,0.79,0.43,0.07,0.18181818181818182
1968-02-29,-1.16,,,,0.39,,,,,0.87,0.74,0.95,0.06,-0.25473684210526315
1968-03-31,-1.22,,,,0.37,,,,,,0.63,0.97,0.17,-0.46
1968-04-30,-1.33,,,,0.11,,,,,,0.54,1.05,0.16,-0.181
1968-05-31,-1.33,,,,0.63,1.21,,,,0.48,0.49,1.26,0.27,-0.18045454545454545
1968-06-30,-1.22,,,,0.25,0.48,,,,,0.47,1.26,0.26,0.048235294117647064
1968-07-31,-1.22,,,,0.21,1.27,,,,,0.45,1.27,0.36,0.0035294117647058838
1968-08-31,-1.33,,,,0.01,-0.71,,,,0.48,0.44,1.26,0.35,-0.2761111111111111
1968-09-30,-1.39,,,,0.49,0.01,,,,,0.45,1.45,0.35,-0.05647058823529411
1968-10-31,-1.39,,,,0.5,-0.14,,,,,0.5,1.4,0.45,-0.05888888888888889
1968-11-30,-1.39,,,,0.77,0.2,,,,0.43,0.63,1.39,0.33,0.039999999999999994
1968-12-31,-1.39,,,,0.0,0.75,,,,,0.77,1.16,0.43,0.285
1969-01-31,-1.39,,,,0.3,-1.1,,,,,0.84,1.12,0.43,-0.07772727272727274
1969-02-28,-1.39,,,,0.48,0.4,,,,0.96,0.78,0.81,0.42,-0.16944444444444443
1969-03-31,-1.39,,,,0.48,0.98,,,,,0.62,0.74,0.62,-0.0495
1969-04-30,-1.39,,,,0.03,0.46,,,,,0.44,0.67,0.71,0.19
1969-05-31,-1.39,,,,-0.01,0.18,,,,0.41,0.27,0.6,0.71,0.16428571428571428
1969-06-30,-1.33,,,,0.35,0.49,,,,,0.11,0.63,0.7,-0.3771428571428571
1969-07-31,-1.33,,,,0.16,-0.56,,,,,-0.05,0.74,0.69,-0.6828571428571428
1969-08-31,-1.33,,,,0.42,-0.07,,,,-0.01,-0.23,0.81,0.68,-0.7295238095238096
1969-09-30,-1.22,,,,-0.1,-0.58,,,,,-0.4,0.64,0.78,-0.6447619047619048
1969-10-31,-1.22,,,,0.18,0.15,,,,,-0.55,0.6,0.77,-0.7743478260869565
1969-11-30,-1.33,,,,-0.78,-0.68,,,,-0.55,-0.64,0.39,0.86,-0.8226315789473684
1969-12-31,-1.33,,,,-0.23,-0.92,,,,,-0.7,0.4,0.85,-1.16
1970-01-31,-1.1,,,,-1.31,-1.19,,,,,-0.76,0.29,0.93,-1.0052380952380953
1970-02-28,-0.92,,,,-0.15,-1.46,,,,-0.69,-0.82,0.17,1.02,-1.1500000000000001
1970-03-31,-0.8,,,,-0.56,-2.16,,,,,-0.88,0.12,0.91,-0.9566666666666667
1970-04-30,-0.69,,,,-0.68,-1.4,,,,,-0.9,-0.24,0.9,-1.178181818181818
1970-05-31,-0.57,,,,-0.31,-1.64,,,,-0.91,-0.88,-0.41,0.89,-1.7709523809523808
1970-06-30,-0.51,,,,-0.27,-0.94,,,,,-0.85,-0.52,0.88,-1.595909090909091
1970-07-31,-0.45,,,,-0.02,-0.13,,,,,-0.86,-0.65,0.78,-1.4013636363636364
1970-08-31,-0.39,,,,-0.56,-0.13,,,,-0.73,-0.94,-0.87,0.77,-1.291904761904762
1970-09-30,-0.22,,,,-0.6,0.25,,,,,-1.05,-1.17,0.76,-1.0576190476190477
1970-10-31,-0.16,,,,-1.69,-0.3,,,,,-1.1,-1.47,0.75,-1.0231818181818182
1970-11-30,0.08,,,,-0.97,-0.16,,,,-1.15,-1.04,-1.59,0.74,-1.027
1970-12-31,0.2,,,,1.58,0.04,,,,,-0.91,-1.48,0.73,-0.5027272727272728
1971-01-31,0.08,,,,0.53,1.04,,,,,-0.78,-1.04,0.63,-0.2395
1971-02-28,0.08,,,,-0.02,1.58,,,,-0.69,-0.68,-0.86,0.44,0.09842105263157895
1971-03-31,0.14,,,,-0.06,1.27,,,,,-0.61,-0.82,0.34,0.15
1971-04-30,0.08,,,,0.45,1.49,,,,,-0.55,-0.41,0.24,0.6047619047619047
1971-05-31,0.08,,,,0.41,1.59,,,,-0.51,-0.49,-0.3,0.33,1.226
1971-06-30,0.08,,,,0.38,1.17,,,,,-0.45,-0.38,0.32,1.124090909090909
1971-07-31,0.14,,,,-0.14,0.86,,,,,-0.43,-0.48,0.32,1.0423809523809524
1971-08-31,0.2,,,,-0.08,0.71,,,,-0.36,-0.41,-0.34,0.31,0.7509090909090909
1971-09-30,0.14,,,,0.96,1.41,,,,,-0.38,0.01,0.22,0.5476190476190477
1971-10-31,0.02,,,,0.43,1.59,,,,,-0.28,0.32,0.12,0.2980952380952381
1971-11-30,0.14,,,,0.64,1.21,,,,-0.37,-0.07,0.51,0.03,0.03571428571428571
1971-12-31,0.14,,,,0.83,1.12,,,,,0.18,0.81,-0.06,0.03727272727272728
1972-01-31,0.02,,,,1.39,1.32,,,,,0.35,0.73,-0.07,0.04380952380952381
1972-02-29,-0.04,,,,0.38,1.15,,,,0.52,0.37,0.83,0.11,-0.0405
1972-03-31,0.02,,,,1.0,1.6,,,,,0.31,1.0,0.02,-0.07227272727272728
1972-04-30,-0.04,,,,0.71,1.0,,,,,0.29,0.99,0.01,-0.1855
1972-05-31,-0.04,,,,0.48,1.41,,,,0.17,0.38,0.93,-0.08,-0.14772727272727273
1972-06-30,-0.04,,,,0.49,1.32,,,,,0.52,1.14,-0.17,-0.029999999999999995
1972-07-31,-0.1,,,,-0.05,1.26,,,,,0.61,1.15,-0.17,-0.012
1972-08-31,-0.1,,,,1.45,1.37,,,,0.71,0.59,1.28,-0.17,0.21782608695652173
1972-09-30,-0.16,,,,0.85,1.25,,,,,0.48,1.35,-0.09,0.047
1972-10-31,-0.1,,,,1.31,1.59,,,,,0.31,1.82,-0.09,0.20863636363636362
1972-11-30,-0.28,,,,1.24,2.01,,,,0.34,0.09,1.88,-0.02,0.7125
1972-12-31,-0.33,,,,1.17,2.11,,,,,-0.15,1.72,-0.02,0.4431578947368421
1973-01-31,-0.51,,,,1.03,2.04,,,,,-0.37,1.53,0.06,0.27142857142857146
1973-02-28,-0.45,,,,1.19,1.66,,,,-0.37,-0.55,1.46,0.14,-0.02263157894736842
1973-03-31,-0.51,,,,0.44,2.61,,,,,-0.7,1.13,0.48,-0.23045454545454547
1973-04-30,-0.45,,,,0.06,2.35,,,,,-0.85,1.09,0.64,-0.378
1973-05-31,-0.51,,,,0.43,1.45,,,,-0.78,-0.98,1.08,0.72,-0.45136363636363636
1973-06-30,-0.51,,,,0.2,1.12,,,,,-1.09,0.99,0.88,-0.6052380952380952
1973-07-31,-0.57,,,,0.49,0.82,,,,,-1.14,1.3,0.79,-0.5042857142857142
1973-08-31,-0.57,,,,-0.37,0.49,,,,-1.18,-1.09,0.51,1.36,-0.7460869565217392
1973-09-30,-0.57,,,,0.62,-0.51,,,,,-1.03,0.53,1.35,-0.6147368421052631
1973-10-31,-0.69,,,,1.02,0.02,,,,,-1.08,0.07,1.59,-0.42913043478260876
1973-11-30,-0.57,,,,0.77,0.32,,,,-0.82,-1.33,0.11,1.66,-0.9733333333333334
1973-12-31,-0.51,,,,-0.4,-0.07,,,,,-1.65,-0.29,1.9,-1.3815
1974-01-31,-0.39,,,,-0.23,-1.18,,,,,-1.84,-0.71,2.12,-1.3536363636363637
1974-02-28,-0.33,,,,-0.26,-1.2,,,,-2.02,-1.77,-1.07,2.26,-1.3173684210526317
1974-03-31,-0.39,,,,0.07,-1.16,,,,,-1.58,-1.23,2.31,-1.0933333333333333
1974-04-30,-0.39,,,,-0.34,-1.13,,,,,-1.44,-1.28,2.29,-1.2238095238095237
1974-05-31,-0.39,,,,0.45,-0.99,,,,-1.18,-1.48,-1.29,2.51,-1.2336363636363636
1974-06-30,-0.22,,,,-0.29,-0.96,,,,,-1.64,-1.31,2.56,-1.1415000000000002
1974-07-31,-0.16,,,,-0.27,-0.94,,,,,-1.84,-1.69,2.79,-1.5
1974-08-31,-0.16,,,,-0.69,-1.4,,,,-1.8,-2.03,-1.34,2.57,-1.7404545454545455
1974-09-30,0.08,,,,-0.83,-0.89,,,,,-2.18,-1.76,2.94,-2.17
1974-10-31,0.14,,,,-1.11,-1.89,,,,,-2.31,-1.78,2.9,-2.2313043478260868
1974-11-30,0.49,,,,-2.38,-2.19,,,,-2.2,-2.4,-2.55,3.02,-1.8775
1974-12-31,0.84,,,,-3.23,-3.58,,,,,-2.41,-2.7,2.99,-1.869047619047619
1975-01-31,1.37,,,,-1.72,-2.88,,,,,-2.31,-2.67,2.87,-1.63
1975-02-28,1.37,,,,-1.99,-1.85,,,,-2.36,-2.02,-2.82,2.68,-1.1389473684210527
1975-03-31,1.67,,,,-1.95,-2.01,,,,,-1.64,-2.62,2.42,-1.126
1975-04-30,1.78,,,,-0.24,-1.99,,,,,-1.31,-2.73,2.33,-0.8490909090909091
1975-05-31,1.9,,,,-0.21,-1.47,,,,-1.12,-1.1,-2.51,2.01,-0.4138095238095238
1975-06-30,1.78,,,,0.13,-0.84,,,,,-1.0,-2.54,1.98,-0.2895238095238095
1975-07-31,1.67,,,,0.61,0.23,,,,,-0.95,-2.64,2.1,0.14681818181818182
1975-08-31,1.55,,,,0.68,0.99,,,,-0.88,-0.94,-2.05,1.79,0.1961904761904762
1975-09-30,1.55,,,,0.61,1.24,,,,,-0.92,-1.86,1.54,0.7604761904761905
1975-10-31,1.55,,,,0.29,1.38,,,,,-0.84,-1.67,1.45,0.8647826086956522
1975-11-30,1.49,,,,0.12,1.85,,,,-0.89,-0.67,-0.98,1.36,0.8142105263157895
1975-12-31,1.43,,,,0.86,1.26,,,,,-0.46,-0.62,1.27,1.1086363636363636
1976-01-31,1.25,,,,1.36,0.08,,,,,-0.29,0.01,1.12,1.1738095238095236
1976-02-29,1.14,,,,0.77,0.6,,,,-0.15,-0.24,0.57,0.97,0.8021052631578948
1976-03-31,1.08,,,,0.38,1.43,,,,,-0.23,0.72,0.9,0.5721739130434783
1976-04-30,1.14,,,,0.31,1.8,,,,,-0.2,1.07,0.83,0.4971428571428571
1976-05-31,0.96,,,,0.2,1.51,,,,-0.26,-0.09,0.9,0.95,0.1355
1976-06-30,1.08,,,,0.2,1.24,,,,,0.06,0.82,0.87,0.038181818181818185
1976-07-31,1.19,,,,0.28,0.99,,,,,0.16,1.05,0.73,0.1980952380952381
1976-08-31,1.19,,,,0.25,0.54,,,,0.26,0.16,0.79,0.78,0.5590909090909091
1976-09-30,1.08,,,,0.31,0.68,,,,,0.11,0.85,0.7,0.7647619047619048
1976-10-31,1.14,,,,-0.32,0.68,,,,,0.06,0.68,0.69,0.2561904761904762
1976-11-30,1.19,,,,0.95,0.24,,,,0.04,0.03,0.88,0.55,0.1545
1976-12-31,1.19,,,,1.06,0.23,,,,,0.03,0.87,0.55,0.42818181818181816
1977-01-31,1.02,,,,-0.18,1.18,,,,,0.06,0.32,0.6,-0.11714285714285715
1977-02-28,1.08,,,,1.11,1.36,,,,0.05,0.13,0.18,0.91,-0.42736842105263156
1977-03-31,0.96,,,,1.02,1.27,,,,,0.2,0.23,1.03,-0.4730434782608696
1977-04-30,0.84,,,,0.64,1.86,,,,,0.26,0.13,1.21,-0.5820000000000001
1977-05-31,0.72,,,,0.63,1.11,,,,0.3,0.26,0.35,1.14,-0.5576190476190477
1977-06-30,0.84,,,,0.68,0.97,,,,,0.23,0.61,1.12,-0.5695454545454545
1977-07-31,0.67,,,,0.33,0.65,,,,,0.16,0.66,1.11,-0.6352631578947369
1977-08-31,0.72,,,,0.27,0.57,,,,0.2,0.06,0.51,1.1,-0.7052173913043478
1977-09-30,0.61,,,,0.4,0.1,,,,,-0.06,0.8,1.02,-0.8680952380952381
1977-10-31,0.61,,,,0.42,0.35,,,,,-0.17,1.09,1.01,-0.8338095238095239
1977-11-30,0.61,,,,0.5,0.47,,,,-0.17,-0.24,0.84,1.13,-0.7785714285714287
1977-12-31,0.37,,,,0.73,1.13,,,,,-0.27,0.79,1.11,-0.9528571428571427
1978-01-31,0.37,,,,-1.2,0.6,,,,-0.23,-0.3,0.93,1.16,-1.0785714285714287
1978-02-28,0.31,,,,0.98,0.1,,,,-0.18,-0.35,1.06,0.96,-1.0226315789473683
1978-03-31,0.31,,,,1.27,-0.02,,,,-0.63,-0.45,1.2,1.01,-1.0154545454545454
1978-04-30,0.2,,,,1.71,0.48,,,,-0.4,-0.45,1.43,1.05,-0.755
1978-05-31,0.14,,,,0.35,0.97,,,,-0.29,-0.44,1.0,1.27,-0.5104545454545455
1978-06-30,0.08,,,,0.77,0.74,,,,-0.53,-0.46,1.01,1.38,-0.5218181818181818
1978-07-31,0.25,,,,-0.1,0.45,,,,-0.33,-0.48,0.95,1.48,-0.5865
1978-08-31,0.08,,,,0.69,0.98,,,,-0.66,-0.55,0.96,1.52,-0.13217391304347825
1978-09-30,0.14,,,,0.27,0.45,,,,-0.5,-0.62,0.69,1.74,-0.05900000000000001
1978-10-31,0.02,,,,0.69,0.62,,,,-0.59,-0.78,0.53,1.89,-0.08545454545454545
1978-11-30,0.08,,,,0.69,0.27,,,,-0.94,-1.06,0.59,1.87,-0.429047619047619
1978-12-31,0.14,,,,0.48,-0.05,,,,-1.67,-1.31,0.7,1.91,-0.324
1979-01-31,0.08,,,,-0.4,-0.28,,,,-1.18,-1.33,0.73,2.0,0.06727272727272728
1979-02-28,0.08,,,,0.12,-0.58,,,,-1.03,-1.34,0.49,2.21,0.07
1979-03-31,0.02,,,,0.98,-0.19,,,,-1.48,-1.48,0.23,2.35,0.16863636363636364
1979-04-30,0.02,,,,-1.36,-0.68,,,,-1.67,-1.62,-0.5,2.43,0.023999999999999997
1979-05-31,-0.1,,,,1.09,-0.58,,,,-1.5,-1.72,-0.5,2.5,-0.3277272727272727
1979-06-30,-0.04,,,,-0.07,-0.72,,,,-1.69,-1.85,-0.68,2.64,-0.24142857142857144
1979-07-31,-0.04,,,,-0.16,-1.2,,,,-2.13,-1.96,-0.8,2.76,-0.1761904761904762
1979-08-31,0.14,,,,-0.41,-1.44,,,,-1.8,-1.94,-0.95,2.9,-0.29130434782608694
1979-09-30,0.08,,,,-0.05,-1.8,,,,-1.62,-1.91,-0.99,2.91,-0.22157894736842104
1979-10-31,0.14,,,,-0.01,-2.02,,,,-1.99,-1.96,-1.33,2.98,-0.24695652173913044
1979-11-30,0.08,,,,-0.31,-1.57,,,,-1.89,-1.97,-1.48,3.16,0.016190476190476193
1979-12-31,0.14,,,,-0.15,-1.33,,,,-2.08,-1.95,-1.71,3.39,0.143
1980-01-31,0.31,,,,0.12,-1.48,,,,-1.59,-1.88,-2.05,3.6,0.09136363636363636
1980-02-29,0.31,,,,-0.51,-1.61,,,,-1.6,-2.03,-2.17,3.7,0.414
1980-03-31,0.31,,,,-1.12,-1.54,,,,-2.45,-2.42,-2.39,3.85,-0.23809523809523808
1980-04-30,0.67,,,,-2.15,-2.47,,,,-2.76,-2.73,-2.27,3.85,-0.40380952380952384
1980-05-31,1.02,,,,-2.28,-3.34,,,,-2.84,-2.75,-2.56,3.79,-0.04428571428571429
1980-06-30,1.08,,,,-1.18,-3.39,,,,-2.27,-2.47,-2.71,3.74,0.1604761904761905
1980-07-31,1.19,,,,-0.61,-3.54,,,,-1.98,-2.05,-2.62,3.35,0.3572727272727273
1980-08-31,1.14,,,,0.31,-2.59,,,,-1.57,-1.61,-2.33,3.26,0.27142857142857146
1980-09-30,1.02,,,,0.98,-1.05,,,,-1.04,-1.23,-2.28,3.22,0.3547619047619048
1980-10-31,1.02,,,,1.09,0.82,,,,-0.94,-1.07,-1.92,3.17,0.7921739130434782
1980-11-30,1.02,,,,0.59,-0.02,,,,-0.8,-1.15,-1.77,3.17,1.0533333333333335
1980-12-31,0.84,,,,0.33,-0.1,,,,-1.8,-1.41,-1.73,3.07,0.7240909090909091
1981-01-31,1.02,,,,-0.26,-0.39,,,,-1.23,-1.52,-1.36,2.88,0.5161904761904762
1981-02-28,0.96,,,,-0.41,-0.22,,,,-1.6,-1.59,-1.35,2.74,0.10157894736842106
1981-03-31,0.96,,,,-0.1,-0.07,,,,-1.63,-1.52,-1.15,2.47,0.8686363636363637
1981-04-30,0.84,,,,-0.06,-0.56,,,,-1.15,-1.29,-0.87,2.31,1.0414285714285714
1981-05-31,1.02,,,,-0.06,-0.01,,,,-0.83,-1.09,-0.55,2.19,0.651
1981-06-30,1.02,,,,-0.28,-0.61,,,,-1.09,-1.02,-0.44,2.16,0.3154545454545455
1981-07-31,0.84,,,,0.05,-0.21,,,,-1.01,-0.98,-0.6,2.53,-0.06681818181818182
1981-08-31,0.96,,,,-0.43,0.4,,,,-0.76,-1.0,-0.68,2.55,-0.20190476190476192
1981-09-30,1.08,,,,-0.94,-0.1,-2.617142857142857,-1.8076190476190477,-2.8266666666666667,-1.09,-1.19,-0.99,2.6,-0.759047619047619
1981-10-31,1.25,,,,-1.22,-1.2,-1.7304761904761903,-0.731904761904762,-2.1295238095238096,-1.32,-1.48,-1.11,2.36,-0.8363636363636363
1981-11-30,1.49,,,,-1.3,-1.87,-0.6433333333333333,0.28,-1.223888888888889,-1.96,-1.73,-1.22,2.12,-0.8845000000000001
1981-12-31,1.61,,,,-1.5,-2.33,-0.7557142857142857,0.6061904761904762,-1.3923809523809523,-1.81,-1.77,-1.34,1.89,-0.7945454545454546
1982-01-31,1.67,,,,-1.74,-1.56,-1.2275,-0.05049999999999999,-1.739,-1.26,-1.69,-1.28,1.66,-1.0115
1982-02-28,1.84,,,,0.88,-1.32,-1.7355555555555555,-1.4227777777777777,-1.6105555555555557,-1.63,-1.75,-1.04,1.44,-0.9710526315789473
1982-03-31,1.9,,,,-0.93,-1.33,-1.6591304347826086,-1.0634782608695652,-1.7695652173913046,-2.0,-1.85,-1.06,1.18,-1.2630434782608695
1982-04-30,2.08,,,,-1.03,-0.67,-1.6547619047619047,-1.0823809523809524,-2.018095238095238,-1.71,-1.82,-1.18,1.09,-1.0933333333333333
1982-05-31,2.14,,,,-0.58,-0.74,-1.444,-0.7384999999999999,-1.8559999999999999,-1.55,-1.77,-1.18,1.19,-1.0095
1982-06-30,2.25,,,,-1.14,-0.38,-1.458181818181818,-0.46090909090909093,-1.8449999999999998,-1.7,-1.78,-1.49,1.29,-1.27
1982-07-31,2.37,,,,-0.77,-0.35,-1.0795238095238096,0.3138095238095238,-1.8633333333333335,-1.72,-1.76,-1.42,1.07,-1.1876190476190476
1982-08-31,2.37,,,,-1.03,-0.67,-0.3804545454545455,2.083181818181818,-1.4936363636363637,-1.72,-1.67,-1.47,0.87,-1.1736363636363636
1982-09-30,2.55,,,,-0.58,-1.22,-0.5914285714285714,2.163809523809524,-1.431904761904762,-1.4,-1.49,-1.28,0.51,-0.2580952380952381
1982-10-31,2.72,,,,-1.2,0.08,-0.395,1.0795,-0.72,-1.07,-1.32,-1.43,0.54,0.07142857142857142
1982-11-30,2.96,,,,-0.49,-0.38,-0.3526315789473684,0.4226315789473684,-0.9878947368421053,-1.18,-1.28,-1.32,0.35,0.15047619047619049
1982-12-31,2.96,,,,-0.51,0.28,-0.2040909090909091,0.54,-0.7863636363636364,-1.19,-1.28,-0.85,0.13,0.1731818181818182
1983-01-31,2.72,,,,1.1,0.17,0.09666666666666668,0.5433333333333333,-0.4147619047619048,-1.31,-1.21,-0.79,0.09,0.6857142857142857
1983-02-28,2.72,,,,-0.43,0.58,0.04842105263157895,0.5342105263157895,-0.39052631578947367,-0.97,-0.92,-1.02,0.01,0.9557894736842105
1983-03-31,2.67,,,,0.68,1.24,-0.23782608695652172,0.10217391304347827,-0.4852173913043478,-0.46,-0.45,-0.85,0.05,1.3482608695652174
1983-04-30,2.61,,,,0.64,1.48,-0.259,0.1375,-0.607,0.21,0.06,-0.74,0.19,1.2715
1983-05-31,2.55,,,,0.91,1.5,-0.18857142857142856,0.1361904761904762,-0.5580952380952381,0.56,0.4,-0.5,-0.01,1.5785714285714285
1983-06-30,2.55,,,,1.09,1.75,-0.45681818181818185,-0.021818181818181816,-0.8022727272727272,0.47,0.5,0.04,-0.34,2.087727272727273
1983-07-31,2.14,,,,1.02,2.13,-0.42750000000000005,0.174,-0.9545,0.52,0.48,0.3,-0.38,2.106
1983-08-31,2.19,,,,0.43,1.71,-0.32652173913043475,0.3347826086956522,-0.9504347826086956,0.36,0.38,0.2,-0.34,1.858695652173913
1983-09-30,2.02,,,,1.51,1.67,-0.22142857142857145,0.5009523809523809,-0.9338095238095238,0.28,0.29,0.52,-0.24,1.3171428571428572
1983-10-31,1.78,,,,0.92,1.39,-0.0935,0.7335,-0.8095000000000001,0.23,0.3,1.09,-0.24,0.7780952380952381
1983-11-30,1.61,,,,0.72,1.9,-0.026842105263157896,0.758421052631579,-0.7605263157894736,0.38,0.44,1.02,-0.1,0.5042857142857142
1983-12-31,1.49,,,,0.92,1.68,-0.06666666666666667,0.6623809523809524,-0.7604761904761905,0.63,0.68,0.89,0.12,0.4276190476190476
1984-01-31,1.31,,,,1.21,2.0,-0.019523809523809527,0.6061904761904762,-0.7019047619047619,1.11,0.92,0.87,0.29,0.29095238095238096
1984-02-29,1.19,,,,0.65,0.87,0.010526315789473684,0.5826315789473684,-0.6647368421052632,0.89,1.01,1.1,0.43,-0.12
1984-03-31,1.19,,,,0.39,1.36,-0.05227272727272727,0.6227272727272727,-0.7277272727272728,1.18,1.03,1.05,0.5,-0.2690909090909091
1984-04-30,1.14,,,,0.55,1.46,-0.12150000000000001,0.7424999999999999,-0.8365,0.78,0.94,1.36,0.38,-0.461
1984-05-31,0.96,,,,0.56,1.19,-0.1318181818181818,1.3018181818181818,-0.8686363636363637,0.95,0.89,1.18,0.3,-0.6681818181818181
1984-06-30,0.84,,,,0.58,0.98,-0.46904761904761905,1.4061904761904762,-1.243809523809524,0.74,0.85,1.27,0.3,-0.8404761904761904
1984-07-31,1.02,,,,0.08,-0.42,-0.6761904761904761,0.9842857142857143,-1.2776190476190474,0.83,0.9,1.22,0.3,-0.8904761904761904
1984-08-31,1.02,,,,-0.03,0.76,-0.92,0.07304347826086956,-1.3834782608695653,1.03,0.99,1.31,0.29,-0.3917391304347826
1984-09-30,0.9,,,,-0.06,0.69,-0.8768421052631579,-0.005263157894736842,-1.5042105263157894,1.18,1.01,1.28,0.29,-0.4826315789473684
1984-10-31,0.96,,,,0.13,0.33,-0.5863636363636364,0.27045454545454545,-1.295909090909091,0.8,0.89,0.71,0.28,-0.5169565217391304
1984-11-30,0.84,,,,0.39,-0.35,-0.15,0.8205263157894737,-0.8915789473684211,0.75,0.76,0.94,0.24,-0.4180952380952381
1984-12-31,0.9,,,,0.05,-0.39,0.324,1.2795,-0.6165,0.52,0.67,1.0,0.2,-0.438
1985-01-31,0.9,,,,-0.12,-0.21,0.48714285714285716,1.4619047619047618,-0.5242857142857142,0.78,0.65,0.82,0.03,-0.2859090909090909
1985-02-28,0.84,,,,-0.03,0.08,0.35277777777777775,1.0922222222222222,-0.7583333333333333,0.59,0.62,0.71,0.05,0.3057894736842105
1985-03-31,0.84,,,,0.35,1.15,0.11190476190476191,1.1576190476190475,-0.8180952380952381,0.59,0.61,0.79,0.12,0.23476190476190475
1985-04-30,0.9,,,,-0.27,0.03,0.35714285714285715,1.3271428571428572,-0.5995238095238096,0.66,0.61,0.39,0.04,0.25857142857142856
1985-05-31,0.84,,,,0.35,-0.07,0.48454545454545456,1.2377272727272728,-0.27772727272727277,0.43,0.61,0.55,0.04,0.455
1985-06-30,0.96,,,,-0.52,-0.63,0.504,1.115,-0.10400000000000001,0.82,0.65,0.49,0.07,0.6910000000000001
1985-07-31,0.96,,,,-0.22,0.11,0.5827272727272728,1.1254545454545455,-0.16636363636363638,0.61,0.6,0.3,0.0,0.8836363636363637
1985-08-31,0.78,,,,0.53,-0.13,0.40772727272727277,1.1004545454545456,-0.22772727272727272,0.48,0.49,0.47,-0.04,0.2468181818181818
1985-09-30,0.78,,,,0.26,-0.38,0.40894736842105267,1.171578947368421,-0.16052631578947368,0.46,0.39,0.46,-0.07,0.08473684210526317
1985-10-31,0.78,,,,-0.41,-0.17,0.3877272727272727,0.9881818181818182,-0.14681818181818182,0.16,0.32,0.62,-0.07,0.18434782608695652
1985-11-30,0.72,,,,0.3,0.55,0.18210526315789474,0.5121052631578947,-0.18157894736842106,0.36,0.39,0.34,0.02,0.46299999999999997
1985-12-31,0.72,,,,0.27,0.22,0.07666666666666667,0.17523809523809525,-0.1519047619047619,0.6,0.55,0.33,0.12,0.82
1986-01-31,0.55,,,,0.58,0.69,0.0038095238095238104,0.14095238095238094,-0.2757142857142857,0.74,0.68,0.19,0.18,0.5963636363636363
1986-02-28,0.84,,,,-0.53,0.56,-0.3731578947368421,-0.28736842105263155,-0.43,0.77,0.74,0.44,-0.09,0.588421052631579
1986-03-31,0.84,,,,-0.21,0.25,-0.5820000000000001,-0.644,-0.5505,0.7,0.76,0.67,-0.45,0.9890000000000001
1986-04-30,0.78,,,,0.49,-0.33,-0.5327272727272727,-0.600909090909091,-0.7663636363636364,0.79,0.79,0.81,-0.64,1.0968181818181817
1986-05-31,0.84,,,,-0.15,-0.4,-0.48714285714285716,-0.3219047619047619,-1.206190476190476,0.68,0.83,0.68,-0.61,0.970952380952381
1986-06-30,0.84,,,,-0.12,-0.35,-0.52,-0.2966666666666667,-1.2785714285714285,1.05,0.9,0.49,-0.58,1.0047619047619047
1986-07-31,0.72,,,,0.3,0.13,-0.49409090909090914,-0.3859090909090909,-0.9254545454545454,0.92,0.86,0.63,-0.62,0.7577272727272728
1986-08-31,0.67,,,,0.09,-0.14,-0.25,-0.22666666666666666,-0.5180952380952382,0.69,0.73,0.63,-0.65,1.019047619047619
1986-09-30,0.72,,,,0.67,0.07,0.06380952380952382,0.3252380952380952,-0.2895238095238095,0.44,0.61,0.41,-0.59,0.970952380952381
1986-10-31,0.72,,,,-0.27,-0.01,0.1190909090909091,0.3318181818181818,-0.08,0.74,0.54,0.6,-0.65,0.8813043478260869
1986-11-30,0.67,,,,0.01,0.37,-0.08888888888888889,0.015555555555555553,-0.2138888888888889,0.4,0.42,0.83,-0.75,0.72
1986-12-31,0.49,,,,0.93,0.71,-0.25,-0.27181818181818185,-0.2877272727272727,0.21,0.31,0.54,-0.78,0.5236363636363636
1987-01-31,0.49,,,,-0.98,-0.19,-0.22800000000000004,-0.2045,-0.22549999999999998,0.32,0.28,0.75,-0.72,0.8709523809523809
1987-02-28,0.49,,,,1.44,0.0,-0.23526315789473684,-0.2094736842105263,-0.22947368421052633,0.3,0.31,0.72,-0.53,0.9210526315789473
1987-03-31,0.49,,,,0.11,-0.21,-0.2690909090909091,-0.22545454545454546,-0.21636363636363634,0.35,0.36,0.39,-0.21,0.8063636363636363
1987-04-30,0.31,,,,0.22,0.27,-0.05904761904761905,0.4247619047619048,-0.31952380952380954,0.52,0.41,0.26,0.08,0.6047619047619048
1987-05-31,0.31,,,,0.4,0.55,-0.2375,0.925,-0.5235000000000001,0.38,0.44,0.42,0.07,0.585
1987-06-30,0.25,,,,0.28,0.19,-0.2640909090909091,0.7295454545454546,-0.4813636363636364,0.41,0.49,0.34,0.1,0.6581818181818182
1987-07-31,0.2,,,,0.64,0.33,-0.05181818181818181,0.7477272727272727,-0.3845454545454546,0.59,0.56,0.29,0.16,0.9927272727272727
1987-08-31,0.14,,,,0.3,1.1,-0.04857142857142857,0.7114285714285714,-0.35904761904761906,0.65,0.57,0.37,0.29,1.2114285714285715
1987-09-30,0.08,,,,0.43,0.9,0.03619047619047619,0.9576190476190476,-0.3566666666666667,0.58,0.44,0.32,0.28,1.2204761904761905
1987-10-31,0.14,,,,0.67,0.95,0.08809523809523809,1.2871428571428571,-0.5061904761904762,0.23,0.19,0.37,0.31,0.43409090909090914
1987-11-30,0.02,,,,0.22,0.13,0.14315789473684212,1.11,-0.4142105263157895,-0.28,0.0,0.32,0.37,-0.449
1987-12-31,-0.04,,,,0.51,1.08,0.09863636363636363,1.1604545454545454,-0.33272727272727276,0.03,0.05,0.85,0.3,-0.59
1988-01-31,-0.04,,,,-0.14,-0.31,-0.015789473684210527,0.8305263157894738,-0.35631578947368425,0.35,0.23,0.5,0.23,-0.713
1988-02-29,-0.04,,,,0.49,0.48,-0.019999999999999997,0.5715,-0.266,0.42,0.4,0.54,0.17,-0.841
1988-03-31,-0.04,,,,0.42,0.18,0.06521739130434782,0.6904347826086956,-0.1673913043478261,0.66,0.52,0.53,0.13,-0.8939130434782608
1988-04-30,-0.22,,,,0.24,0.93,0.0965,0.808,-0.21600000000000003,0.38,0.55,0.78,0.18,-0.8845000000000001
1988-05-31,-0.1,,,,-0.03,0.45,0.05428571428571429,0.8076190476190477,-0.35714285714285715,0.68,0.61,0.67,0.18,-0.9995238095238096
1988-06-30,-0.22,,,,0.42,0.43,-0.18272727272727274,0.4690909090909091,-0.5354545454545454,0.67,0.66,0.82,0.17,-0.9586363636363636
1988-07-31,-0.22,,,,-0.02,0.76,-0.325,0.3355,-0.5700000000000001,0.56,0.71,0.89,0.23,-1.0939999999999999
1988-08-31,-0.1,,,,0.03,0.31,-0.5008695652173912,0.20521739130434782,-0.7047826086956522,0.89,0.79,0.47,0.23,-1.4030434782608696
1988-09-30,-0.22,,,,0.04,0.86,-0.6404761904761904,-0.20952380952380953,-0.7257142857142858,0.88,0.78,0.6,0.25,-1.2242857142857144
1988-10-31,-0.22,,,,0.45,0.95,-0.729,-0.479,-0.7005,0.62,0.68,0.62,0.28,-0.30142857142857143
1988-11-30,-0.28,,,,0.23,0.95,-0.9025000000000001,-0.716,-0.893,0.53,0.6,0.32,0.27,0.11142857142857142
1988-12-31,-0.28,,,,0.52,0.71,-1.2366666666666666,-0.8747619047619049,-1.3095238095238095,0.44,0.62,-0.07,0.33,0.24428571428571427
1989-01-31,-0.22,,,,0.23,1.0,-1.359,-1.0765,-1.4815,0.93,0.72,0.36,0.35,0.23095238095238094
1989-02-28,-0.33,,,,-0.45,0.57,-1.5015789473684211,-1.2568421052631578,-1.5321052631578946,0.73,0.71,0.0,0.41,0.21736842105263157
1989-03-31,-0.45,,,,-0.16,0.47,-1.6449999999999998,-1.3595454545454546,-1.6463636363636363,0.64,0.61,-0.09,0.5,0.05090909090909091
1989-04-30,-0.33,,,,0.12,-0.28,-1.5895,-1.3635,-1.5450000000000002,0.41,0.47,-0.31,0.54,0.29050000000000004
1989-05-31,-0.33,,,,-0.58,-1.04,-1.4481818181818182,-1.4436363636363636,-1.2936363636363637,0.34,0.37,-0.73,0.63,0.6413636363636364
1989-06-30,-0.28,,,,-0.2,-0.9,-1.4127272727272726,-1.695,-1.2300000000000002,0.34,0.35,-0.8,0.59,0.5027272727272728
1989-07-31,-0.33,,,,-0.81,-1.4,-1.019,-1.6684999999999999,-0.8699999999999999,0.45,0.38,-0.73,0.55,0.6905
1989-08-31,-0.33,,,,0.64,-1.0,-1.2956521739130435,-1.604782608695652,-1.1539130434782607,0.25,0.44,-0.64,0.4,1.0991304347826087
1989-09-30,-0.28,,,,-0.49,-0.79,-1.3695,-1.395,-1.222,0.76,0.55,-0.62,0.34,0.984
1989-10-31,-0.28,,,,-0.41,-0.87,-1.2228571428571429,-1.457142857142857,-1.1538095238095238,0.6,0.54,-0.7,0.39,0.7809090909090909
1989-11-30,-0.22,,,,0.12,-0.72,-1.1642857142857141,-1.6166666666666667,-1.0785714285714285,0.36,0.45,-0.68,0.42,0.8057142857142856
1989-12-31,-0.22,,,,-0.01,-0.61,-1.188,-1.5939999999999999,-1.002,0.33,0.4,-0.73,0.41,0.8150000000000001
1990-01-31,-0.22,,,,-0.21,-0.9,-1.1123809523809522,-1.2776190476190477,-1.0152380952380953,0.53,0.39,-0.99,0.6,0.4777272727272727
1990-02-28,-0.28,,,,0.52,-1.67,-1.134736842105263,-1.131578947368421,-1.0947368421052632,0.25,0.38,-0.6,0.62,0.16736842105263158
1990-03-31,-0.33,,,,0.14,-1.66,-1.3054545454545454,-1.178181818181818,-1.2431818181818182,0.39,0.43,-0.54,0.62,0.3054545454545454
1990-04-30,-0.22,,,,-0.65,-0.98,-1.1835,-0.8865000000000001,-1.21,0.6,0.47,-0.25,0.43,0.125
1990-05-31,-0.22,,,,0.0,-1.38,-1.1195454545454544,-0.879090909090909,-1.2018181818181817,0.34,0.38,0.04,0.32,0.10681818181818183
1990-06-30,-0.33,,,,-0.05,-0.96,-1.1028571428571428,-1.1114285714285714,-1.1595238095238094,0.15,0.17,0.01,0.42,0.10428571428571429
1990-07-31,-0.16,,,,-0.57,-1.46,-0.8809523809523809,-1.02,-0.9804761904761905,0.14,-0.17,-0.11,0.47,-0.03904761904761905
1990-08-31,-0.04,,,,-0.19,-1.46,-0.42826086956521736,-0.6056521739130435,-0.6439130434782608,-0.82,-0.73,-0.5,0.78,-0.671304347826087
1990-09-30,0.08,,,,-0.78,-2.81,-0.28157894736842104,-0.39263157894736844,-0.5310526315789473,-1.12,-1.26,-0.63,0.94,-0.886842105263158
1990-10-31,0.08,,,,-0.92,-3.06,-0.2468181818181818,-0.37136363636363634,-0.5113636363636364,-1.84,-1.69,-1.34,1.01,-1.0026086956521738
1990-11-30,0.25,,,,-1.32,-1.94,-0.3055,-0.5665,-0.5265000000000001,-1.67,-1.84,-1.24,0.95,-0.8061904761904761
1990-12-31,0.31,,,,-0.91,-2.47,-0.346,-0.5455,-0.537,-1.71,-1.79,-1.14,0.97,-0.725
1991-01-31,0.37,,,,-1.04,-2.2,-0.09904761904761905,-0.047142857142857146,-0.46,-1.61,-1.54,-1.35,0.76,-0.625
1991-02-28,0.49,,,,-0.81,-1.67,-0.07210526315789473,0.004210526315789474,-0.47,-1.31,-1.09,-1.64,0.64,0.02052631578947368
1991-03-31,0.61,,,,-0.84,-1.12,-0.05,0.254,-0.528,0.1,-0.57,-1.68,0.47,0.0375
1991-04-30,0.55,,,,0.03,-0.84,0.05136363636363636,0.4309090909090909,-0.5386363636363636,-0.38,-0.42,-1.89,0.47,0.15545454545454546
1991-05-31,0.67,,,,-0.02,-0.29,0.2827272727272727,0.6281818181818182,-0.4645454545454546,-0.67,-0.43,-1.83,0.54,-0.07772727272727273
1991-06-30,0.67,,,,0.03,0.19,0.3365,0.7175,-0.504,-0.36,-0.39,-1.58,0.43,-0.20249999999999999
1991-07-31,0.61,,,,0.13,0.56,0.3686363636363636,0.7077272727272728,-0.4981818181818182,-0.29,-0.34,-1.83,0.32,-0.16863636363636364
1991-08-31,0.67,,,,-0.32,0.94,0.5018181818181818,0.5990909090909091,-0.26772727272727276,-0.37,-0.37,-1.36,0.12,0.4422727272727273
1991-09-30,0.67,,,,0.26,0.57,0.504,0.4875,-0.14750000000000002,-0.29,-0.51,-1.2,-0.02,0.6645
1991-10-31,0.72,,,,-0.39,0.01,0.6809090909090909,0.5822727272727273,0.17181818181818181,-0.67,-0.85,-0.88,-0.21,0.8256521739130435
1991-11-30,0.72,,,,-0.36,-0.43,0.9721052631578947,0.8915789473684211,0.48736842105263156,-1.42,-1.28,-0.84,-0.13,0.636
1991-12-31,0.9,,,,-0.75,-1.49,1.2176190476190476,1.05,0.7619047619047619,-1.49,-1.53,-0.72,-0.16,0.4390476190476191
1992-01-31,0.9,,,,-0.08,-0.62,1.2304761904761905,1.2480952380952381,0.5333333333333333,-1.55,-1.56,-0.32,-0.27,0.9
1992-02-29,0.96,,,,0.11,-0.47,1.2926315789473684,1.483684210526316,0.4531578947368421,-1.44,-1.39,0.07,-0.22,0.20842105263157895
1992-03-31,0.96,,,,0.41,0.3,0.9713636363636364,1.4977272727272728,0.12727272727272726,-0.86,-1.07,-0.01,-0.09,0.0040909090909090895
1992-04-30,0.96,,,,0.2,0.57,1.3052380952380953,1.7104761904761905,0.32666666666666666,-0.76,-0.82,-0.04,-0.09,-0.09666666666666665
1992-05-31,1.08,,,,-0.03,0.41,1.3405,1.739,0.3525,-0.6,-0.68,0.09,-0.15,0.033499999999999995
1992-06-30,1.19,,,,0.04,0.3,1.3990909090909092,1.5990909090909091,0.5604545454545454,-0.5,-0.67,-0.15,-0.15,-0.05863636363636364
1992-07-31,1.14,,,,0.4,0.98,1.7286363636363637,1.6418181818181816,1.0786363636363636,-0.81,-0.8,-0.02,-0.1,-0.011363636363636364
1992-08-31,1.08,,,,-0.58,0.39,1.6128571428571428,1.4814285714285713,1.1214285714285714,-0.85,-0.91,0.1,-0.13,-0.09285714285714286
1992-09-30,1.08,,,,0.07,0.62,1.7671428571428571,1.5366666666666664,1.3366666666666667,-0.89,-0.92,-0.36,-0.16,-0.051428571428571435
1992-10-31,0.9,,,,0.2,-0.76,1.7485714285714284,1.7242857142857144,1.2971428571428572,-1.08,-0.73,-0.76,-0.06,-0.12409090909090909
1992-11-30,0.96,,,,0.1,0.47,1.4942105263157894,1.7342105263157896,0.8294736842105263,-0.1,-0.28,-0.61,-0.12,0.029500000000000005
1992-12-31,0.96,,,,0.42,0.85,1.2577272727272728,1.5640909090909092,0.5604545454545454,0.37,0.08,1.48,-0.17,0.10863636363636364
1993-01-31,0.9,,,,0.22,1.16,1.3942105263157893,1.6089473684210527,0.7510526315789473,0.23,0.18,-0.63,-0.07,-0.21749999999999997
1993-02-28,0.78,,,,0.12,1.33,1.3342105263157895,1.3742105263157895,0.9489473684210527,0.01,0.1,-0.7,-0.07,-0.10210526315789474
1993-03-31,0.72,,,,-0.46,0.36,1.173478260869565,1.0995652173913044,0.9060869565217391,-0.05,-0.04,-0.86,-0.15,0.06739130434782609
1993-04-30,0.78,,,,0.22,0.74,1.3009523809523809,1.1719047619047618,1.0271428571428571,-0.07,-0.2,-0.44,-0.1,-0.023809523809523808
1993-05-31,0.78,,,,-0.08,0.29,1.213,1.146,1.0275,-0.51,-0.42,-0.56,-0.08,-0.0915
1993-06-30,0.72,,,,0.01,-0.31,0.9004545454545454,0.9722727272727273,0.8568181818181819,-0.41,-0.58,-0.78,-0.16,0.03227272727272727
1993-07-31,0.67,,,,-0.01,-0.67,0.821904761904762,0.8604761904761905,0.7866666666666666,-0.78,-0.73,-0.5,-0.21,-0.06904761904761905
1993-08-31,0.61,,,,-0.01,-0.51,0.7527272727272727,0.7650000000000001,0.4809090909090909,-0.75,-0.77,-0.49,-0.21,-0.023181818181818182
1993-09-30,0.55,,,,0.35,-0.11,0.5571428571428572,0.5547619047619048,0.43380952380952376,-0.7,-0.69,-0.41,-0.24,0.02857142857142857
1993-10-31,0.61,,,,0.35,-0.02,0.4925,0.45549999999999996,0.396,-0.31,-0.48,-0.21,-0.24,0.1638095238095238
1993-11-30,0.49,,,0.33,0.28,0.51,0.6245,0.7264999999999999,0.28500000000000003,-0.43,-0.24,-0.41,-0.25,0.01
1993-12-31,0.43,,,0.75,0.46,1.7,0.6163636363636363,0.8181818181818182,0.23136363636363635,0.14,0.11,-0.66,-0.22,-0.10909090909090909
1994-01-31,0.49,,,1.09,0.08,0.95,0.6745,0.8714999999999999,0.36,0.64,0.42,-0.06,-0.35,-0.03142857142857143
1994-02-28,0.49,,,0.16,0.19,0.63,0.5410526315789473,0.8147368421052632,0.21894736842105264,0.55,0.52,-0.37,-0.32,-0.11842105263157894
1994-03-31,0.43,,,1.34,0.94,0.55,0.5256521739130434,1.0382608695652173,0.051304347826086956,0.41,0.52,-0.05,-0.28,-0.29782608695652174
1994-04-30,0.37,,,1.09,0.25,0.39,0.44947368421052636,1.3078947368421054,-0.2336842105263158,0.5,0.49,0.05,-0.38,-0.39631578947368423
1994-05-31,0.2,,,1.26,0.39,0.68,0.20047619047619047,1.059047619047619,-0.3795238095238095,0.52,0.45,0.09,-0.4,-0.38761904761904764
1994-06-30,0.2,,,1.43,0.4,0.83,0.1459090909090909,1.0027272727272727,-0.29227272727272724,0.38,0.37,0.15,-0.33,-0.3686363636363636
1994-07-31,0.2,,,1.26,0.04,0.45,0.14350000000000002,0.993,-0.3305,0.2,0.32,0.05,-0.26,-0.3995
1994-08-31,0.14,,,1.6,0.76,0.49,0.012608695652173912,0.7999999999999999,-0.41,0.43,0.35,-0.19,-0.19,-0.34
1994-09-30,0.08,,,1.51,0.11,0.49,0.019523809523809527,0.8709523809523809,-0.38333333333333336,0.41,0.4,0.17,-0.17,-0.36142857142857143
1994-10-31,0.02,,,1.68,0.58,0.89,-0.0385,0.8154999999999999,-0.5085,0.51,0.47,0.88,-0.29,-0.44904761904761903
1994-11-30,-0.1,,,0.67,0.48,0.82,-0.2895,0.6935,-0.725,0.42,0.56,0.77,-0.3,-0.4614285714285714
1994-12-31,-0.16,,,1.18,0.58,0.74,-0.9885714285714287,0.28285714285714286,-1.072857142857143,0.7,0.68,-1.18,-0.3,-0.5595238095238095
1995-01-31,-0.1,,,0.92,0.09,-0.03,-0.931,0.13,-1.0785,0.91,0.74,0.38,-0.2,-0.5238095238095238
1995-02-28,-0.22,,,0.75,-0.27,-0.01,-0.828421052631579,-0.18157894736842106,-0.8773684210526317,0.7,0.65,0.48,-0.21,-0.33842105263157896
1995-03-31,-0.22,,,0.33,-0.08,-0.39,-0.7421739130434782,-0.3943478260869565,-0.6773913043478261,0.31,0.49,0.42,-0.23,-0.1373913043478261
1995-04-30,0.02,,,-0.94,-0.53,-1.09,-0.6647368421052631,-0.45526315789473687,-0.5484210526315789,0.49,0.42,-0.05,-0.11,0.21368421052631578
1995-05-31,-0.1,,,-0.43,0.01,-0.95,-0.7031818181818182,-0.8495454545454546,-0.5045454545454545,0.27,0.41,-0.23,-0.12,0.3377272727272727
1995-06-30,-0.1,,,-1.03,0.2,-1.6,-0.7159090909090909,-1.0804545454545453,-0.3645454545454545,0.51,0.5,0.05,-0.14,0.4668181818181818
1995-07-31,-0.04,,,-1.11,-0.57,-1.57,-0.66,-0.9400000000000001,-0.275,0.65,0.58,0.09,-0.22,0.6855
1995-08-31,-0.04,,,-0.86,0.71,-0.43,-0.6491304347826087,-0.7269565217391304,-0.4004347826086957,0.79,0.56,0.18,-0.29,0.5421739130434783
1995-09-30,-0.1,,,-0.77,0.12,0.9,-0.789,-0.8699999999999999,-0.489,0.2,0.39,0.17,-0.31,0.7224999999999999
1995-10-31,-0.16,,,-0.94,-0.28,0.66,-0.8404761904761904,-1.0157142857142858,-0.5338095238095238,0.3,0.28,-0.11,-0.25,0.8004545454545454
1995-11-30,-0.1,,,-0.52,0.01,-0.21,-0.7152380952380952,-1.1852380952380952,-0.46095238095238095,0.14,0.22,0.1,-0.3,0.9857142857142857
1995-12-31,-0.1,,,-0.94,0.08,0.54,-0.7935,-1.1800000000000002,-0.4875,0.37,0.24,0.02,-0.32,1.251
1996-01-31,-0.1,,,-1.11,-0.86,-1.28,-0.6090476190476191,-1.1042857142857143,-0.30523809523809525,0.23,0.25,-0.3,-0.23,1.1095454545454546
1996-02-29,-0.16,,,-0.6,0.7,-0.24,-0.3225,-0.7995,-0.0815,0.16,0.3,0.0,-0.25,1.233
1996-03-31,-0.16,,,-2.21,-0.12,-0.68,-0.5280952380952381,-0.5042857142857142,-0.37238095238095237,0.59,0.4,0.0,-0.21,1.062857142857143
1996-04-30,-0.1,,,-0.52,0.4,0.63,-0.5931818181818183,-0.27772727272727277,-0.5586363636363636,0.51,0.43,-0.07,-0.22,0.8785714285714286
1996-05-31,-0.1,,,0.16,0.35,0.54,-0.4881818181818182,-0.13454545454545455,-0.620909090909091,0.24,0.41,0.2,-0.22,0.8095454545454545
1996-06-30,-0.28,,,0.07,0.34,0.63,-0.52,-0.047,-0.717,0.48,0.49,0.34,-0.22,0.7125
1996-07-31,-0.16,,,0.07,0.04,1.04,-0.5436363636363637,-0.1509090909090909,-0.6822727272727273,0.67,0.6,0.13,-0.2,0.3095454545454545
1996-08-31,-0.39,,,0.24,0.18,0.24,-0.5290909090909092,-0.2581818181818182,-0.6104545454545455,0.72,0.69,0.3,-0.22,0.4531818181818182
1996-09-30,-0.33,,,-0.43,0.3,0.19,-0.541,-0.12350000000000001,-0.642,0.67,0.75,0.31,-0.16,0.35300000000000004
1996-10-31,-0.33,,,-0.1,0.01,-0.06,-0.5127272727272728,-0.29,-0.5004545454545455,0.82,0.84,0.17,-0.14,0.538695652173913
1996-11-30,-0.22,,,0.16,0.46,0.09,-0.6557894736842106,-0.6268421052631579,-0.538421052631579,1.04,0.92,0.24,-0.07,0.6845
1996-12-31,-0.22,,,0.33,0.04,-0.07,-0.6338095238095238,-0.4228571428571429,-0.570952380952381,0.85,0.93,0.39,-0.03,0.5638095238095238
1997-01-31,-0.28,,,-0.1,0.26,0.18,-0.5723809523809523,-0.28714285714285714,-0.5576190476190477,0.89,0.96,0.64,-0.14,0.7413636363636363
1997-02-28,-0.33,,,-0.43,0.77,0.4,-0.6326315789473684,-0.40842105263157896,-0.5647368421052632,1.08,1.05,0.52,-0.15,0.6605263157894737
1997-03-31,-0.33,,,0.75,0.26,0.21,-0.6900000000000001,-0.29,-0.685,1.1,1.14,0.68,-0.24,0.6425
1997-04-30,-0.39,,,0.75,0.07,-0.15,-0.7336363636363636,-0.13727272727272727,-0.7645454545454545,1.22,1.26,0.78,-0.35,0.42818181818181816
1997-05-31,-0.51,,,0.58,0.17,-0.44,-0.7361904761904763,-0.1961904761904762,-0.7185714285714285,1.36,1.4,0.79,-0.42,0.8157142857142856
1997-06-30,-0.45,,,0.67,0.37,0.47,-0.779047619047619,-0.2785714285714286,-0.6809523809523809,1.47,1.52,0.63,-0.42,1.0614285714285714
1997-07-31,-0.51,,,0.07,0.59,0.57,-0.8622727272727272,-0.634090909090909,-0.6931818181818182,1.68,1.6,0.81,-0.44,1.6927272727272729
1997-08-31,-0.57,,,0.16,0.29,0.42,-0.8276190476190476,-0.6409523809523809,-0.6547619047619048,1.46,1.6,0.85,-0.4,1.4909523809523808
1997-09-30,-0.51,,,1.68,0.61,0.52,-0.8661904761904763,-0.5476190476190477,-0.6928571428571428,1.59,1.61,0.79,-0.43,1.4361904761904762
1997-10-31,-0.63,,,0.92,0.39,0.53,-0.9490909090909091,-0.7322727272727273,-0.6804545454545455,1.56,1.6,1.07,-0.47,1.278695652173913
1997-11-30,-0.69,,,0.24,0.59,0.55,-1.0627777777777778,-1.02,-0.8005555555555556,1.69,1.59,1.29,-0.54,0.8852631578947369
1997-12-31,-0.63,,,-0.69,0.05,0.33,-1.145909090909091,-1.1013636363636363,-0.9149999999999999,1.27,1.57,1.24,-0.61,0.9913636363636363
1998-01-31,-0.69,,,1.18,0.28,0.49,-1.0335,-1.226,-0.6845,1.64,1.68,1.4,-0.63,0.8019999999999999
1998-02-28,-0.69,,,0.5,0.3,0.2,-1.068421052631579,-1.2442105263157894,-0.6810526315789474,1.95,1.79,1.4,-0.7,0.9289473684210525
1998-03-31,-0.63,,,-0.26,-0.01,0.05,-1.1554545454545453,-1.1186363636363637,-0.7609090909090909,1.63,1.8,1.36,-0.72,1.315909090909091
1998-04-30,-0.86,,,0.07,0.19,-0.04,-1.1704761904761904,-1.0561904761904761,-0.7947619047619048,1.81,1.78,1.41,-0.7,1.77
1998-05-31,-0.8,,,-0.43,0.28,0.2,-1.188,-1.0945,-0.8105,1.63,1.71,1.43,-0.61,1.1675
1998-06-30,-0.75,,,0.07,-0.44,0.78,-1.2872727272727273,-1.2204545454545455,-0.9631818181818183,1.56,1.63,1.4,-0.63,0.8527272727272728
1998-07-31,-0.75,,,0.58,-0.46,-0.06,-1.2536363636363637,-1.2249999999999999,-0.9181818181818181,1.53,1.53,1.36,-0.59,0.7722727272727272
1998-08-31,-0.75,,,-0.01,1.02,0.05,-1.1704761904761904,-1.2847619047619048,-0.8523809523809524,1.46,1.39,1.41,-0.63,0.32476190476190475
1998-09-30,-0.69,,,-0.1,-0.04,-1.25,-1.089047619047619,-1.4928571428571429,-0.4457142857142857,1.18,1.22,1.43,-0.7,-0.011428571428571427
1998-10-31,-0.75,,,-0.01,0.28,-0.31,-0.7323809523809525,-1.141904761904762,-0.12904761904761905,0.89,1.12,1.3,-0.68,-0.031363636363636364
1998-11-30,-0.8,,,-0.26,0.04,-0.75,-0.9142105263157895,-1.2873684210526317,-0.27631578947368424,1.32,1.19,1.18,-0.68,0.625
1998-12-31,-0.8,,,0.75,0.21,-0.25,-1.0922727272727273,-1.4218181818181819,-0.40863636363636363,1.14,1.29,1.13,-0.64,0.7054545454545454
1999-01-31,-0.86,,,-0.35,0.09,0.24,-1.1310526315789473,-1.305263157894737,-0.47631578947368425,1.42,1.46,1.08,-0.62,1.0026315789473685
1999-02-28,-0.8,,,-0.18,0.49,0.3,-1.1105263157894738,-1.1573684210526316,-0.6142105263157894,1.76,1.61,1.1,-0.62,0.6352631578947369
1999-03-31,-0.92,,,0.84,-0.12,-0.27,-1.0430434782608697,-0.957391304347826,-0.6273913043478261,1.57,1.64,0.93,-0.6,0.48739130434782607
1999-04-30,-0.86,,,0.33,-0.01,0.6,-1.0086363636363638,-0.859090909090909,-0.5904545454545455,1.48,1.63,0.68,-0.41,0.529047619047619
1999-05-31,-0.92,,,0.41,0.53,0.2,-0.9155,-0.74,-0.72,1.66,1.67,0.62,-0.47,0.5335
1999-06-30,-0.86,,,0.41,-0.09,-0.19,-0.9213636363636364,-0.49272727272727274,-0.895909090909091,1.7,1.67,0.58,-0.51,0.4945454545454545
1999-07-31,-0.86,,,0.92,0.17,0.02,-0.9742857142857143,-0.5633333333333334,-0.8023809523809524,1.59,1.63,0.58,-0.45,0.48952380952380947
1999-08-31,-0.92,,,-0.01,0.33,0.23,-0.9440909090909091,-0.5986363636363636,-0.9004545454545454,1.47,1.59,0.43,-0.41,0.6913636363636364
1999-09-30,-0.92,,,0.41,-0.21,0.24,-0.9547619047619048,-0.5738095238095239,-0.8476190476190476,1.69,1.58,0.34,-0.29,0.9771428571428571
1999-10-31,-0.98,,,0.75,0.76,0.35,-0.958,-0.5730000000000001,-0.899,1.36,1.57,0.49,-0.31,0.8428571428571429
1999-11-30,-0.98,,,1.09,0.35,0.61,-1.0515,-0.8314999999999999,-0.9685,1.69,1.65,0.53,-0.29,0.6147619047619047
1999-12-31,-1.04,,,0.75,0.56,0.26,-1.0531818181818182,-0.7313636363636363,-0.9827272727272728,1.54,1.77,0.88,-0.27,0.5304545454545454
2000-01-31,-1.04,,,0.58,0.18,0.1,-0.9925,-0.5125,-1.1365,2.08,1.93,1.24,-0.23,0.2395
2000-02-29,-0.98,,,1.09,-0.21,0.27,-1.367,-0.8435,-1.7725000000000002,2.03,1.97,1.08,-0.08,0.123
2000-03-31,-1.04,,,0.41,0.42,0.53,-1.583913043478261,-1.2017391304347826,-1.7769565217391303,1.68,1.91,0.98,0.11,0.13521739130434782
2000-04-30,-1.16,,,0.24,0.43,0.03,-1.7542105263157894,-1.4021052631578947,-1.7336842105263157,1.85,1.9,1.15,-0.15,0.004210526315789473
2000-05-31,-1.04,,,1.18,-0.35,0.24,-1.7004545454545452,-1.154090909090909,-1.8913636363636364,1.98,1.88,0.8,-0.11,-0.11590909090909092
2000-06-30,-1.04,,,0.5,0.11,-0.36,-1.719090909090909,-1.3427272727272728,-1.6795454545454547,1.63,1.81,0.81,0.1,0.03636363636363637
2000-07-31,-1.04,,,0.16,-0.27,-0.25,-1.6004999999999998,-1.634,-1.6190000000000002,1.78,1.79,1.09,0.05,-0.10800000000000001
2000-08-31,-0.98,,,0.33,-0.38,0.41,-1.7413043478260872,-1.9582608695652173,-1.6404347826086958,1.7,1.76,1.03,-0.04,0.13391304347826088
2000-09-30,-1.1,,,0.41,0.35,-0.21,-1.597,-1.891,-1.3365,1.66,1.73,0.99,0.0,0.11750000000000001
2000-10-31,-1.1,,,0.16,-0.51,-0.4,-1.4657142857142857,-2.053809523809524,-1.1690476190476191,1.58,1.65,0.74,0.0,-0.12863636363636363
2000-11-30,-1.1,,,-0.86,-0.36,-0.12,-1.447142857142857,-2.1271428571428572,-1.0942857142857143,1.72,1.47,0.39,-0.01,-0.5147619047619048
2000-12-31,-1.1,,,-0.1,-0.24,-0.91,-1.392,-2.1785,-0.7785,0.97,1.09,-0.13,-0.01,-0.7845
2001-01-31,-0.92,,,-1.2,-0.71,-2.44,-0.7771428571428571,-1.6666666666666667,-0.3138095238095238,0.67,0.72,-0.44,0.09,-0.7461904761904762
2001-02-28,-0.92,,,-1.28,-0.54,-2.06,-0.7273684210526316,-1.4710526315789474,-0.4610526315789474,0.34,0.44,-0.42,0.03,-0.7310526315789474
2001-03-31,-0.86,,,-2.64,-0.67,-1.59,-0.6068181818181818,-1.2395454545454545,-0.2959090909090909,0.41,0.33,-0.26,-0.16,-1.2886363636363638
2001-04-30,-0.8,,,-1.53,-0.83,-1.07,-0.16999999999999998,-0.5,-0.05500000000000001,0.16,0.3,-0.57,-0.08,-1.346
2001-05-31,-0.86,,,-1.96,-0.45,-1.13,0.1,-0.04181818181818182,-0.09499999999999999,0.45,0.39,-0.65,0.04,-0.9495454545454546
2001-06-30,-0.75,,,-2.21,-0.9,-0.87,0.18666666666666668,-0.013333333333333334,-0.08142857142857143,0.5,0.45,-0.83,-0.09,-1.1876190476190476
2001-07-31,-0.69,-1.4,-1.41,-0.35,-0.48,-1.17,0.17857142857142858,-0.08142857142857143,-0.09619047619047619,0.48,0.38,-1.19,-0.25,-1.3261904761904764
2001-08-31,-0.51,-1.06,-0.9,-0.94,-0.43,-1.46,0.1991304347826087,-0.18,-0.02,0.41,0.17,-1.32,-0.25,-1.4469565217391305
2001-09-30,-0.45,-1.35,-1.08,-0.94,-1.03,-0.93,0.6770588235294117,0.2741176470588235,0.5711764705882353,-0.38,-0.14,-1.47,-0.3,-1.8693333333333333
2001-10-31,-0.28,-1.5,-1.18,-1.53,-0.2,-1.75,0.9504545454545454,0.57,0.6195454545454545,-0.31,-0.25,-1.38,-0.46,-1.5639130434782609
2001-11-30,-0.16,-1.94,-1.45,-2.47,-0.75,-1.44,0.9855,0.9075,0.28250000000000003,-0.21,-0.15,-1.23,-0.54,-1.3395238095238096
2001-12-31,-0.04,-1.18,-1.36,-1.45,-0.3,-1.08,1.1179999999999999,1.466,0.213,0.19,0.11,-1.07,-0.64,-1.1275
2002-01-31,-0.04,-0.45,-1.73,-0.35,-0.06,0.06,1.151904761904762,1.45,0.23047619047619047,0.53,0.35,-1.4,-0.78,-1.1300000000000001
2002-02-28,-0.04,0.33,-1.64,0.41,-0.1,0.09,1.0178947368421052,1.2742105263157895,0.2926315789473684,0.34,0.5,-1.57,-0.8,-1.276842105263158
2002-03-31,-0.04,0.36,-1.64,0.58,-0.01,0.15,0.8140000000000001,1.5474999999999999,0.187,0.75,0.64,-1.59,-0.72,-0.6575
2002-04-30,0.08,0.78,-1.13,0.92,0.17,0.17,0.8881818181818182,1.5531818181818182,0.2818181818181818,0.53,0.68,-1.39,-0.63,-0.6827272727272727
2002-05-31,0.02,0.3,-1.08,0.07,0.03,0.04,1.0222727272727274,1.4977272727272728,0.4354545454545455,0.85,0.66,-1.03,-0.77,-1.1627272727272726
2002-06-30,0.02,0.04,-0.95,-0.18,0.29,0.59,1.062,1.3094999999999999,0.729,0.48,0.48,-0.75,-0.82,-1.3565
2002-07-31,0.02,-0.66,-0.95,-0.52,-0.28,-0.18,1.2568181818181818,1.0813636363636363,1.1009090909090908,0.13,0.24,-0.96,-0.69,-1.6677272727272727
2002-08-31,-0.04,-0.01,-0.76,-0.43,-0.06,-0.57,1.2909090909090908,0.7859090909090909,1.3645454545454545,0.09,0.04,-0.92,-0.59,-1.575909090909091
2002-09-30,-0.04,-0.13,-0.9,-1.03,-0.31,-0.26,0.9810000000000001,0.42700000000000005,1.4200000000000002,-0.03,-0.14,-0.73,-0.67,-1.3595000000000002
2002-10-31,-0.04,-0.79,-0.49,-0.69,-0.38,-0.9,1.1763636363636363,0.5363636363636364,1.6927272727272729,-0.48,-0.27,-0.9,-0.49,-1.4469565217391305
2002-11-30,0.08,-0.28,-0.44,-0.18,0.14,-0.1,1.2926315789473684,0.9500000000000001,1.5521052631578947,-0.19,-0.26,-1.0,-0.42,-1.3865
2002-12-31,0.14,-0.38,-0.95,-0.77,-0.58,-0.12,1.3761904761904762,0.9752380952380952,1.5166666666666668,0.02,-0.26,-1.13,-0.34,-1.4857142857142858
2003-01-31,0.02,-0.01,-0.72,-0.1,0.35,-0.21,1.5085714285714285,1.0095238095238095,1.4976190476190476,-0.33,-0.38,-1.3,-0.24,-1.4861904761904763
2003-02-28,0.08,-0.77,-0.58,-1.45,-0.45,-0.58,1.4721052631578946,0.8826315789473684,1.5505263157894738,-0.54,-0.5,-1.38,-0.11,-1.6047368421052632
2003-03-31,0.08,-0.12,-0.58,-1.37,-0.18,-0.71,1.4214285714285715,0.8280952380952381,1.700952380952381,-0.73,-0.44,-1.3,-0.15,-1.7361904761904763
2003-04-30,0.14,-1.48,-0.63,-1.28,-0.64,-0.85,1.5452380952380953,0.9623809523809524,1.6442857142857144,-0.04,-0.13,-1.0,-0.44,-1.4066666666666667
2003-05-31,0.2,0.48,-1.04,-1.79,0.01,-0.53,1.3271428571428572,0.67,1.706190476190476,0.46,0.18,-0.72,-0.54,-1.0914285714285714
2003-06-30,0.31,1.1,-0.76,-0.26,0.12,-0.3,1.2704761904761905,0.5957142857142858,1.8433333333333333,0.26,0.29,-0.79,-0.52,-0.5795238095238096
2003-07-31,0.25,0.72,-0.58,-1.2,0.1,-0.09,1.742727272727273,1.1854545454545453,1.716818181818182,0.36,0.29,-0.59,-0.48,0.049999999999999996
2003-08-31,0.2,0.47,-0.26,-1.03,-0.14,0.58,1.8385714285714285,1.560952380952381,1.4852380952380952,0.23,0.23,-0.54,-0.43,-0.029047619047619048
2003-09-30,0.2,0.79,-0.03,-1.11,0.33,0.62,1.822857142857143,1.420952380952381,1.5042857142857142,0.1,0.2,-0.5,-0.37,0.39571428571428574
2003-10-31,0.14,1.86,0.2,-0.1,0.12,1.0,1.7936363636363637,1.4486363636363637,1.5340909090909092,0.25,0.31,-0.12,-0.49,0.6147826086956522
2003-11-30,0.02,1.67,0.34,-0.1,0.47,0.93,1.5905555555555555,1.4461111111111111,1.335,0.59,0.52,0.15,-0.53,0.31315789473684214
2003-12-31,-0.04,1.24,0.57,0.84,0.02,0.91,1.5745454545454545,1.4531818181818181,1.3145454545454547,0.5,0.74,0.07,-0.49,0.5268181818181819
2004-01-31,-0.04,1.58,0.16,0.16,0.05,1.42,1.6095,1.3599999999999999,1.3995,1.41,0.94,0.2,-0.49,0.8314999999999999
2004-02-29,-0.1,1.87,0.48,0.84,0.43,0.99,1.5536842105263158,1.2610526315789474,1.3989473684210525,0.65,0.86,0.27,-0.61,1.323157894736842
2004-03-31,0.02,1.58,0.61,2.11,0.52,1.08,1.4404347826086958,1.0217391304347827,1.5339130434782609,0.76,0.74,0.22,-0.59,1.1521739130434783
2004-04-30,-0.1,2.0,0.98,0.75,0.07,1.21,1.4752380952380952,1.4847619047619047,1.2423809523809524,0.63,0.61,0.17,-0.4,0.8666666666666666
2004-05-31,-0.1,1.87,0.94,1.09,0.54,1.05,1.3599999999999999,1.7414999999999998,0.9480000000000001,0.3,0.56,0.09,-0.19,0.4165
2004-06-30,-0.1,1.23,1.07,0.67,-0.3,1.13,1.1071428571428572,1.5357142857142858,0.8033333333333333,0.74,0.66,-0.02,-0.1,0.26761904761904765
2004-07-31,-0.16,1.74,1.07,-0.01,0.45,1.35,0.9738095238095238,1.2604761904761905,0.8928571428571429,0.83,0.74,0.31,-0.18,0.10904761904761905
2004-08-31,-0.22,0.45,1.26,0.41,0.3,0.84,0.8704545454545454,0.9359090909090909,0.9622727272727272,0.77,0.72,0.48,-0.31,0.04363636363636364
2004-09-30,-0.22,1.31,1.35,0.16,0.14,0.55,0.6628571428571428,0.6371428571428571,0.909047619047619,0.63,0.63,0.41,-0.32,0.023809523809523808
2004-10-31,-0.16,1.06,1.07,-0.01,0.45,0.93,0.557,0.51,0.866,0.43,0.57,0.03,-0.09,-0.06857142857142857
2004-11-30,-0.22,0.46,1.12,-0.26,0.02,0.52,0.352,0.3175,0.6425,0.52,0.61,-0.42,0.06,0.1061904761904762
2004-12-31,-0.22,0.87,1.12,0.16,0.79,0.86,0.205,0.2459090909090909,0.5,0.87,0.71,-0.14,-0.04,0.0890909090909091
2005-01-31,-0.28,0.48,1.03,0.16,0.18,0.21,-0.0595,0.10500000000000001,0.1715,0.74,0.7,0.13,-0.21,-0.23500000000000001
2005-02-28,-0.22,0.57,0.98,0.67,0.37,0.63,-0.3215789473684211,-0.13263157894736843,-0.17263157894736844,0.62,0.59,0.14,-0.14,-0.20473684210526316
2005-03-31,-0.33,1.04,1.07,0.07,-0.29,0.3,-0.3331818181818182,-0.027727272727272725,-0.40954545454545455,0.5,0.42,-0.05,-0.08,-0.13772727272727273
2005-04-30,-0.33,0.0,0.94,-0.1,0.54,0.85,-0.43285714285714283,-0.20571428571428574,-0.3547619047619048,0.1,0.29,-0.16,-0.03,-0.3142857142857143
2005-05-31,-0.39,-0.86,1.03,0.92,-0.02,0.0,-0.6566666666666666,-0.44047619047619047,-0.3728571428571429,0.03,0.34,-0.31,-0.2,-0.11190476190476191
2005-06-30,-0.45,-0.03,0.94,-0.1,0.37,-0.57,-0.8281818181818181,-0.6918181818181819,-0.5409090909090909,0.78,0.52,-0.15,-0.32,-0.14636363636363636
2005-07-31,-0.45,1.01,1.03,-1.11,-0.05,-0.07,-0.8895,-0.7565,-0.679,0.82,0.45,-0.32,-0.13,0.0715
2005-08-31,-0.51,1.0,0.98,-0.01,0.22,0.1,-0.9956521739130436,-0.8878260869565218,-0.7830434782608696,0.21,0.03,-0.63,0.07,0.1552173913043478
2005-09-30,-0.45,0.56,1.26,-0.1,-0.58,-0.12,-0.9542857142857143,-0.9204761904761904,-0.6190476190476191,-0.78,-0.49,-0.93,0.44,0.02095238095238095
2005-10-31,-0.45,0.25,0.94,0.07,0.59,-0.24,-1.0265,-0.9525,-0.7935000000000001,-1.0,-0.66,-0.72,0.31,-0.12238095238095237
2005-11-30,-0.45,0.63,0.89,-0.1,0.68,0.05,-1.116,-1.051,-0.8710000000000001,-0.4,-0.38,-0.22,-0.04,-0.17238095238095238
2005-12-31,-0.51,0.95,0.71,-0.52,0.31,0.19,-1.1833333333333331,-1.109047619047619,-0.9023809523809524,0.41,0.03,-0.21,-0.04,-0.19095238095238093
2006-01-31,-0.63,0.6,1.07,0.24,0.45,-0.21,-1.233,-1.482,-0.9019999999999999,0.38,0.22,0.05,0.2,-0.0445
2006-02-28,-0.57,0.82,0.89,-0.18,0.08,0.32,-1.3778947368421053,-1.526842105263158,-1.1926315789473685,0.02,0.19,0.4,0.06,-0.13263157894736843
2006-03-31,-0.63,1.62,0.94,1.01,0.21,0.28,-1.2691304347826087,-1.4682608695652175,-1.1717391304347826,0.2,0.09,0.57,-0.01,-0.03695652173913044
2006-04-30,-0.63,0.67,1.07,0.41,-0.1,0.26,-1.1357894736842105,-1.3126315789473686,-0.9868421052631579,0.07,-0.09,0.43,0.05,0.13263157894736843
2006-05-31,-0.69,0.67,1.26,-0.6,0.02,0.23,-1.0886363636363636,-1.3095454545454546,-0.9322727272727271,-0.6,-0.29,0.0,0.18,0.022272727272727274
2006-06-30,-0.69,1.19,1.35,-0.52,0.01,0.12,-1.2763636363636364,-1.385,-1.0836363636363637,-0.13,-0.31,-0.13,0.25,-0.24000000000000002
2006-07-31,-0.63,0.54,0.98,0.16,-0.28,-0.29,-1.2945,-1.5445,-1.0735000000000001,-0.15,-0.28,-0.29,0.22,-0.29300000000000004
2006-08-31,-0.63,0.22,0.8,-0.52,0.18,0.17,-1.2895652173913044,-1.7447826086956524,-0.971304347826087,-0.37,-0.21,-0.28,0.16,-0.1943478260869565
2006-09-30,-0.75,0.43,0.75,0.07,-0.02,-0.54,-1.3175000000000001,-1.7429999999999999,-0.9574999999999999,-0.09,0.02,0.41,-0.5,-0.0795
2006-10-31,-0.8,0.68,0.84,-0.43,-0.26,-0.38,-1.3376190476190477,-1.8380952380952382,-0.978095238095238,0.58,0.32,0.65,-0.71,0.24636363636363637
2006-11-30,-0.75,0.95,0.8,-0.01,-0.13,-0.26,-1.4323809523809523,-1.9814285714285713,-1.0623809523809524,0.46,0.48,0.61,-0.51,0.14857142857142858
2006-12-31,-0.8,0.77,0.75,-0.52,0.74,-0.59,-1.3885,-1.92,-1.0015,0.43,0.57,0.71,-0.32,0.14550000000000002
2007-01-31,-0.69,-0.06,0.71,-0.94,-0.49,-0.1,-1.398095238095238,-1.8642857142857143,-1.0676190476190477,0.85,0.59,0.62,-0.48,0.1145
2007-02-28,-0.75,1.06,0.98,-0.69,0.18,-0.31,-1.4094736842105262,-1.9489473684210528,-1.0505263157894738,0.39,0.43,0.46,-0.36,0.19578947368421054
2007-03-31,-0.8,0.33,0.43,-1.2,0.24,-0.35,-1.268181818181818,-2.015454545454545,-0.8849999999999999,0.16,0.23,0.34,-0.23,-0.015454545454545455
2007-04-30,-0.75,-0.29,0.57,-1.03,-0.1,-0.34,-1.2252380952380952,-1.8338095238095238,-0.8423809523809525,0.05,0.11,0.23,-0.3,0.1605
2007-05-31,-0.8,0.11,0.8,-1.2,0.05,-0.3,-1.2831818181818182,-1.6627272727272726,-0.8927272727272727,0.15,0.07,0.32,-0.26,0.38227272727272726
2007-06-30,-0.69,1.04,0.75,-0.6,-0.05,0.42,-1.1109523809523811,-1.2314285714285713,-0.9666666666666667,-0.1,0.04,0.31,-0.26,0.5733333333333334
2007-07-31,-0.63,1.17,0.43,-0.18,-0.39,-0.14,-1.0342857142857143,-1.5157142857142856,-0.9061904761904762,0.32,0.02,0.34,-0.39,0.5604761904761905
2007-08-31,-0.69,0.95,0.43,-0.18,-0.06,-0.52,-0.8234782608695653,-1.232608695652174,-0.55,-0.25,-0.14,0.37,-0.54,0.19347826086956524
2007-09-30,-0.63,0.42,0.48,-0.01,-0.07,-0.1,-0.6452631578947369,-1.0815789473684212,-0.428421052631579,-0.25,-0.33,0.07,-0.22,0.22842105263157894
2007-10-31,-0.63,1.13,0.25,0.07,-0.27,-0.08,-0.585,-1.0827272727272728,-0.4531818181818182,-0.46,-0.54,-0.38,0.05,0.19608695652173913
2007-11-30,-0.63,1.15,0.06,-0.43,-0.06,-0.15,-0.284,-0.842,-0.0935,-0.85,-0.74,-0.67,0.32,-0.17761904761904762
2007-12-31,-0.45,0.02,0.11,-0.43,-0.45,-0.79,-0.081,-0.63,0.14650000000000002,-0.9,-0.86,-0.78,0.23,-0.22749999999999998
2008-01-31,-0.45,-0.07,0.02,-0.35,-0.24,-1.47,0.2647619047619048,-0.7257142857142858,0.5485714285714286,-0.66,-0.98,-1.16,0.29,-0.5980952380952381
2008-02-29,-0.51,-1.01,0.11,-1.28,-0.76,-1.57,0.8595,-0.152,1.0485,-1.28,-1.26,-1.29,0.24,-0.7394999999999999
2008-03-31,-0.39,-1.5,-0.26,-0.77,-0.77,-1.29,1.014,0.44349999999999995,1.27,-1.39,-1.59,-1.22,0.18,-0.753
2008-04-30,-0.45,-0.74,-0.12,-1.11,-0.65,-1.63,0.6954545454545454,0.5654545454545454,0.8731818181818182,-1.95,-1.97,-1.34,0.15,-0.7504545454545455
2008-05-31,-0.22,-0.79,-0.4,-1.2,-0.79,-1.35,0.46238095238095234,0.3423809523809524,0.6680952380952381,-2.18,-2.25,-1.35,0.22,-0.7947619047619048
2008-06-30,-0.1,-1.07,-0.44,-1.03,-0.68,-1.39,0.3333333333333333,0.42714285714285716,0.35904761904761906,-2.46,-2.33,-1.73,0.51,-1.000952380952381
2008-07-31,0.02,-0.88,-0.07,-1.28,-1.2,-1.36,0.4645454545454546,0.5545454545454546,0.4413636363636364,-2.07,-2.19,-1.99,0.71,-1.2763636363636364
2008-08-31,0.2,-0.6,-0.21,-1.62,-1.2,-1.43,0.49952380952380954,0.3585714285714286,0.5595238095238095,-1.92,-2.0,-1.79,0.64,-1.0176190476190476
2008-09-30,0.2,-1.07,-0.35,-2.13,-2.44,-0.39,0.6738095238095239,0.7219047619047619,0.5919047619047619,-1.32,-1.95,-1.84,0.52,-1.3547619047619048
2008-10-31,0.43,-2.23,-0.99,-2.81,-1.09,-2.51,1.384090909090909,1.2495454545454547,0.6731818181818182,-2.36,-2.2,-1.35,0.1,-2.243478260869565
2008-11-30,0.61,-2.01,-1.54,-3.23,-2.26,-2.67,1.517777777777778,1.4333333333333333,1.016111111111111,-2.55,-2.38,-0.9,-0.81,-2.3663157894736844
2008-12-31,0.9,-2.19,-1.68,-3.14,-2.56,-2.5,0.6572727272727273,0.5804545454545454,0.545,-2.15,-2.39,-1.29,-1.2,-2.4177272727272725
2009-01-31,1.19,-2.26,-2.05,-3.23,-2.9,-2.15,0.7955,0.587,0.782,-2.07,-2.38,-2.06,-1.23,-2.246
2009-02-28,1.49,-2.77,-2.42,-3.99,-1.18,-2.59,1.0173684210526315,0.7547368421052632,1.02,-2.47,-2.4,-2.6,-1.19,-2.415263157894737
2009-03-31,1.72,-2.73,-2.74,-2.72,-2.24,-2.34,1.008181818181818,0.7790909090909092,1.165,-2.38,-2.26,-2.75,-1.35,-2.515909090909091
2009-04-30,1.9,-1.8,-2.46,-2.81,-1.53,-1.84,1.1414285714285715,0.927142857142857,1.2619047619047619,-1.75,-1.94,-2.23,-1.39,-2.294761904761905
2009-05-31,2.14,-0.93,-2.42,-1.45,-1.11,-1.69,1.5785,1.2395,1.5074999999999998,-1.45,-1.66,-1.94,-1.55,-2.1785
2009-06-30,2.19,-1.17,-2.28,-1.03,-0.86,-0.49,1.7872727272727273,1.6218181818181818,1.1413636363636364,-1.28,-1.54,-1.88,-1.62,-1.9531818181818181
2009-07-31,2.19,-0.54,-2.32,-0.6,0.15,-0.85,1.7936363636363637,1.4740909090909091,1.3140909090909092,-1.67,-1.58,-1.74,-1.87,-1.6868181818181818
2009-08-31,2.25,0.29,-2.51,0.58,0.01,-0.03,1.7090476190476191,1.5076190476190476,1.1285714285714286,-1.7,-1.55,-2.01,-1.71,-1.4742857142857144
2009-09-30,2.37,0.83,-2.05,-0.18,-0.23,0.3,1.6761904761904762,1.3847619047619046,1.150952380952381,-1.06,-1.42,-2.09,-1.67,-1.1271428571428572
2009-10-31,2.49,1.61,-1.91,0.24,-0.29,0.18,1.6685714285714286,1.4166666666666667,1.2004761904761905,-1.3,-1.4,-2.48,-1.27,0.0881818181818182
2009-11-30,2.43,1.14,-1.59,0.33,0.06,0.32,1.8610526315789473,1.4505263157894737,1.4963157894736843,-1.56,-1.39,-2.85,-0.53,0.6875
2009-12-31,2.43,-0.2,-1.64,0.24,-0.31,0.38,2.0,1.6154545454545455,1.585909090909091,-1.14,-1.26,-2.62,-0.22,0.8472727272727273
2010-01-31,2.37,0.44,-1.08,0.58,0.17,0.19,2.106315789473684,1.7373684210526315,1.543157894736842,-0.99,-1.15,-2.0,-0.29,0.9963157894736842
2010-02-28,2.37,0.86,-0.95,0.5,-0.35,0.24,2.14421052631579,1.6573684210526316,1.7163157894736842,-1.05,-1.11,-1.61,-0.45,1.2457894736842106
2010-03-31,2.43,0.75,-0.76,0.33,0.48,0.26,2.0643478260869563,1.6534782608695653,1.6604347826086956,-1.05,-1.11,-1.29,-0.4,2.1221739130434782
2010-04-30,2.43,1.24,-0.26,1.85,0.39,0.35,2.0868181818181815,1.7495454545454547,1.5322727272727272,-1.17,-1.12,-1.18,-0.43,1.5566666666666666
2010-05-31,2.25,0.63,-0.17,0.92,0.3,0.68,1.8495000000000001,1.3679999999999999,1.5225,-1.05,-1.12,-0.89,-0.5,0.7545
2010-06-30,2.14,0.75,-0.44,0.58,-0.16,0.29,1.718181818181818,1.2077272727272728,1.5568181818181819,-0.86,-1.19,-0.58,-0.81,0.38227272727272726
2010-07-31,2.14,-0.19,-0.03,0.41,0.16,-0.09,1.6166666666666667,1.0042857142857142,1.6866666666666668,-1.53,-1.4,-0.36,-0.73,0.32285714285714284
2010-08-31,2.19,0.11,-0.12,0.07,-0.17,-0.31,1.3559090909090907,0.7263636363636364,1.8231818181818182,-1.44,-1.52,-0.2,-0.8,-0.06454545454545454
2010-09-30,2.19,0.11,0.06,-0.1,-0.21,-0.26,1.3433333333333333,0.6838095238095238,1.8566666666666667,-1.49,-1.56,-0.16,-0.81,-0.08285714285714285
2010-10-31,2.14,0.45,-0.21,0.75,-0.11,-0.48,1.3395,0.602,2.2785,-1.53,-1.49,-0.15,-0.79,0.022857142857142857
2010-11-30,2.37,-1.02,0.38,0.84,-0.19,0.52,1.512,0.7945,2.466,-1.22,-1.3,-0.28,-0.82,0.06476190476190477
2010-12-31,2.08,0.24,0.57,1.68,0.06,0.32,1.9490909090909092,1.2704545454545455,2.013181818181818,-0.98,-1.12,-0.18,-0.7,0.1290909090909091
2011-01-31,1.96,0.09,0.75,0.92,0.04,0.38,2.0780000000000003,1.3525,2.0705,-1.0,-1.05,0.27,-0.61,0.255
2011-02-28,1.9,0.25,0.61,0.75,-0.39,1.04,2.106315789473684,1.533157894736842,1.8957894736842107,-0.73,-1.08,0.51,-0.46,0.5831578947368421
2011-03-31,1.9,0.27,1.03,1.01,0.38,1.44,2.002608695652174,1.4173913043478261,1.9065217391304348,-1.55,-1.25,0.19,-0.29,0.18565217391304345
2011-04-30,1.96,0.7,1.12,0.07,-0.48,0.19,2.006,1.4914999999999998,1.8155000000000001,-1.36,-1.3,-0.39,-0.13,0.095
2011-05-31,1.9,0.12,1.07,-0.35,-0.32,-0.17,1.8776190476190475,1.2495238095238095,1.9695238095238095,-1.0,-1.31,-0.89,0.0,0.4957142857142857
2011-06-30,1.96,-0.88,1.12,0.24,-0.01,-0.52,1.8531818181818183,1.1036363636363637,2.23,-1.22,-1.53,-0.72,0.02,0.4840909090909091
2011-07-31,1.9,-0.93,0.8,0.24,0.17,-0.12,1.8585,1.1030000000000002,2.3289999999999997,-1.86,-1.94,-0.55,0.04,0.6485000000000001
2011-08-31,1.9,-0.79,0.61,-0.18,-0.03,-1.54,1.2291304347826086,0.4882608695652174,2.2017391304347824,-2.51,-2.29,-0.79,0.1,-0.003913043478260868
2011-09-30,1.9,-0.82,0.38,-0.43,-0.26,-1.07,0.8585714285714287,0.20523809523809522,1.752857142857143,-2.2,-2.34,-0.89,0.12,-0.23333333333333334
2011-10-31,1.78,-0.91,0.75,-0.35,0.15,-0.17,0.9870000000000001,0.358,1.4735,-2.1,-2.18,-1.16,0.02,-0.3066666666666667
2011-11-30,1.67,-0.22,0.66,-0.43,-0.34,-0.29,0.8535,0.23900000000000002,1.5265,-1.86,-1.86,-1.29,0.0,-0.33666666666666667
2011-12-31,1.61,0.22,0.16,-0.69,0.27,-0.37,0.8080952380952381,0.20952380952380953,1.5038095238095237,-1.35,-1.47,-0.97,-0.14,-0.4442857142857143
2012-01-31,1.49,0.21,0.34,0.24,0.33,-0.1,0.8125,0.177,1.6335000000000002,-0.94,-1.13,-0.69,-0.15,-0.377
2012-02-29,1.49,0.6,0.61,0.33,-0.03,0.05,0.7705,0.1275,1.7465,-0.91,-0.95,-0.48,-0.19,-0.326
2012-03-31,1.43,0.47,0.75,0.07,-0.37,-0.03,0.9359090909090909,0.3186363636363636,1.728181818181818,-0.84,-0.86,-0.23,-0.3,-0.1281818181818182
2012-04-30,1.43,-0.03,0.75,0.67,0.07,-0.2,0.8547619047619047,0.21142857142857144,1.7609523809523808,-0.82,-0.83,-0.08,-0.41,-0.244
2012-05-31,1.43,0.39,0.89,0.33,-0.19,-0.54,0.5636363636363636,-0.018181818181818184,1.6050000000000002,-0.59,-0.87,-0.07,-0.59,-0.4304545454545455
2012-06-30,1.43,-0.43,0.75,-0.35,-0.33,-1.17,0.33904761904761904,-0.1823809523809524,1.369047619047619,-1.09,-1.02,-0.15,-0.62,-0.3019047619047619
2012-07-31,1.43,-0.33,0.57,-0.86,-0.27,-1.17,0.2761904761904762,-0.2719047619047619,1.349047619047619,-1.16,-1.07,-0.48,-0.7,-0.31
2012-08-31,1.37,-0.71,0.48,-0.77,-0.43,-0.64,0.4339130434782609,-0.1408695652173913,1.461304347826087,-1.0,-0.95,-0.37,-0.61,0.47347826086956524
2012-09-30,1.19,-0.99,0.16,0.16,-0.11,-0.49,0.5036842105263158,-0.10421052631578948,1.6621052631578948,-0.67,-0.72,0.03,-0.52,0.6689473684210526
2012-10-31,1.19,-0.84,0.16,-0.35,-0.27,-0.56,0.5052380952380953,-0.08238095238095237,1.6347619047619046,-0.32,-0.56,0.36,-0.45,0.5233333333333333
2012-11-30,1.14,-0.59,0.06,-0.18,0.29,-1.06,0.40549999999999997,-0.1555,1.5665,-0.31,-0.62,1.09,-0.57,0.2247619047619048
2012-12-31,1.25,-0.92,-0.03,-0.26,0.14,-0.37,0.497,-0.0755,1.6300000000000001,-1.11,-0.86,1.19,-0.59,0.263
2013-01-31,1.31,-1.03,-0.3,-1.45,-0.35,-0.57,0.72,0.09523809523809523,1.7433333333333334,-1.04,-0.96,-0.05,-0.61,0.24571428571428572
2013-02-28,1.14,0.06,-0.53,-0.1,0.22,-0.78,0.8031578947368421,0.1368421052631579,1.7989473684210526,-0.73,-0.88,-0.58,-0.5,0.14526315789473684
2013-03-31,1.02,-0.22,-0.4,-0.01,-0.24,-0.39,0.784,0.12150000000000001,1.8325,-0.64,-0.76,-0.57,-0.67,0.14350000000000002
2013-04-30,1.08,-0.25,-0.63,-0.86,-0.3,-0.48,0.5740909090909091,-0.031363636363636364,1.6745454545454543,-0.82,-0.61,-0.33,-0.8,0.1918181818181818
2013-05-31,1.02,-0.61,-0.35,-0.43,0.13,-0.49,0.7545454545454546,0.13499999999999998,1.7372727272727273,-0.16,-0.36,-0.09,-0.71,0.6068181818181818
2013-06-30,1.02,-0.25,-0.21,0.24,-0.16,0.18,1.1019999999999999,0.462,1.641,-0.2,-0.24,-0.17,-0.6,0.6575
2013-07-31,0.9,-0.2,-0.26,-0.35,-0.49,0.35,1.4318181818181819,0.7295454545454546,1.6481818181818182,-0.11,-0.26,-0.34,-0.54,0.6804545454545454
2013-08-31,0.84,0.09,0.2,0.41,0.27,-0.06,1.5995454545454544,0.8599999999999999,1.6940909090909093,-0.36,-0.47,-0.24,-0.66,0.48863636363636365
2013-09-30,0.84,-0.04,0.11,-0.18,0.11,0.6,1.629,0.9495000000000001,1.6350000000000002,-0.73,-0.74,-0.42,-0.82,0.39849999999999997
2013-10-31,0.84,-0.3,-0.03,-0.1,-0.01,0.22,1.4786363636363637,0.7490909090909091,1.7850000000000001,-1.09,-0.91,-0.45,-0.89,0.5082608695652173
2013-11-30,0.67,-0.4,0.06,0.67,0.27,-0.25,1.64,0.8215789473684211,1.941578947368421,-0.93,-0.84,-0.75,-0.77,0.916
2013-12-31,0.55,-0.33,-0.21,0.84,-0.15,-0.3,1.815238095238095,0.9866666666666666,1.7919047619047621,-0.33,-0.62,-1.11,-0.67,0.8728571428571428
2014-01-31,0.49,0.29,0.06,0.24,-0.68,0.31,1.6985714285714286,0.9685714285714285,1.5461904761904761,-0.43,-0.5,-0.12,-0.65,0.6785714285714286
2014-02-28,0.55,-0.1,0.02,-0.52,0.43,-0.38,1.6005263157894738,0.8278947368421052,1.5778947368421052,-0.4,-0.44,0.34,-0.81,0.5331578947368422
2014-03-31,0.55,-0.36,0.2,-0.52,0.44,0.17,1.5323809523809524,0.8400000000000001,1.362857142857143,-0.53,-0.42,0.39,-0.64,0.5328571428571428
2014-04-30,0.25,-0.27,0.34,0.24,0.03,0.41,1.487142857142857,0.8452380952380952,1.15,-0.2,-0.37,0.05,-0.5,0.4628571428571429
2014-05-31,0.31,0.6,0.34,0.33,0.11,0.49,1.3471428571428572,0.7123809523809524,1.1247619047619049,-0.37,-0.38,-0.16,-0.44,0.2966666666666667
2014-06-30,0.2,0.49,0.38,0.24,0.14,0.25,1.3166666666666669,0.7438095238095238,1.052857142857143,-0.33,-0.4,-0.12,-0.48,0.5390476190476191
2014-07-31,0.25,0.83,0.25,0.16,0.29,0.64,1.1845454545454546,0.7000000000000001,0.9122727272727272,-0.38,-0.4,0.25,-0.51,0.4422727272727273
2014-08-31,0.2,0.51,0.25,0.67,-0.22,0.72,1.0795238095238093,0.5861904761904763,0.8319047619047618,-0.33,-0.33,0.48,-0.6,0.39952380952380956
2014-09-30,0.08,1.38,0.34,1.09,0.04,0.66,1.1028571428571428,0.700952380952381,0.7233333333333333,-0.15,-0.19,0.58,-0.61,0.4466666666666666
2014-10-31,-0.04,-0.14,0.43,1.51,0.01,0.46,0.9722727272727273,0.49636363636363634,0.7350000000000001,0.03,0.02,0.72,-0.64,0.1691304347826087
2014-11-30,0.02,0.24,0.06,0.07,0.25,1.39,0.8999999999999999,0.5111111111111112,0.635,0.19,0.28,0.85,-0.77,0.2694736842105263
2014-12-31,-0.1,-0.7,0.16,0.16,0.04,0.65,0.6286363636363637,0.39909090909090905,0.34545454545454546,0.58,0.56,1.02,-0.97,0.21818181818181817
2015-01-31,-0.04,0.27,0.06,-0.01,-0.26,0.2,0.3375,0.10900000000000001,0.1995,0.95,0.75,1.17,-1.27,0.098
2015-02-28,-0.16,0.15,0.06,-0.43,-0.44,0.06,0.3694736842105263,0.2005263157894737,0.21473684210526317,0.73,0.75,1.03,-1.23,0.2768421052631579
2015-03-31,-0.22,-0.3,-0.44,-0.52,-0.02,-0.11,0.4240909090909091,0.25272727272727274,0.23318181818181818,0.53,0.68,0.87,-1.2,0.11954545454545454
2015-04-30,-0.22,-0.53,-0.49,-0.77,0.0,0.03,0.41590909090909095,0.16,0.3940909090909091,0.77,0.64,1.05,-1.23,0.15714285714285714
2015-05-31,-0.1,-0.29,-0.58,0.07,-0.35,-0.17,0.648,0.40149999999999997,0.634,0.34,0.58,1.19,-1.18,0.131
2015-06-30,-0.28,-0.85,-0.76,0.5,-0.1,-0.06,0.7513636363636365,0.5513636363636364,0.6499999999999999,0.78,0.59,1.11,-1.13,-0.06227272727272728
2015-07-31,-0.33,-0.43,-0.81,0.41,0.32,-0.26,0.7309090909090908,0.5022727272727273,0.6572727272727273,0.54,0.51,1.06,-1.11,-0.14636363636363636
2015-08-31,-0.39,-1.44,-0.76,-0.1,-0.32,-0.19,0.5057142857142858,0.32476190476190475,0.5009523809523809,0.44,0.37,0.92,-1.11,-0.2471428571428571
2015-09-30,-0.45,-1.37,-0.95,-0.43,-0.12,-0.7,0.4933333333333333,0.37142857142857144,0.6938095238095239,0.06,0.25,0.87,-1.19,-0.5628571428571428
2015-10-31,-0.45,-1.43,-0.67,-0.01,-0.23,-0.76,0.45285714285714285,0.2866666666666667,0.7447619047619047,0.29,0.27,0.77,-1.15,-0.21454545454545454
2015-11-30,-0.39,-1.17,-0.58,-0.26,-0.34,-0.7,0.39631578947368423,0.36157894736842106,0.5594736842105263,0.39,0.36,0.42,-1.04,-0.3545
2015-12-31,-0.45,-0.92,-1.04,0.24,-0.3,-0.98,0.2540909090909091,0.25227272727272726,0.4459090909090909,0.5,0.43,0.27,-0.97,-0.4436363636363636
2016-01-31,-0.57,-1.62,-0.95,-0.01,0.08,-0.71,0.16526315789473686,0.08421052631578947,0.5342105263157895,0.45,0.44,-0.05,-0.77,-0.71
2016-02-29,-0.51,-1.38,-1.27,-1.11,-0.19,-0.86,-0.0030000000000000005,-0.2395,0.6134999999999999,0.43,0.41,-0.11,-0.9,-0.8494999999999999
2016-03-31,-0.45,-0.7,-1.18,1.09,-0.34,-0.02,-0.041363636363636366,-0.12636363636363637,0.4940909090909091,0.37,0.38,-0.12,-0.89,-0.5804545454545454
2016-04-30,-0.39,0.04,-1.27,0.5,-0.14,-0.55,-0.013333333333333332,-0.14047619047619048,0.5666666666666667,0.2,0.4,-0.23,-0.79,-0.489047619047619
2016-05-31,-0.57,-1.02,-1.22,-0.01,-0.31,-0.75,-0.07095238095238095,-0.18333333333333335,0.5185714285714286,0.67,0.48,-0.39,-0.82,-0.550952380952381
2016-06-30,-0.51,-0.34,-1.04,-0.86,0.13,-0.26,-0.16272727272727272,-0.32363636363636367,0.46409090909090905,0.57,0.47,-0.32,-0.82,-0.4768181818181818
2016-07-31,-0.57,-0.45,-1.04,0.24,0.04,-0.45,-0.261,-0.4765,0.297,0.29,0.36,-0.19,-0.89,-0.318
2016-08-31,-0.51,-0.9,-0.95,-0.69,-0.21,-0.21,-0.2747826086956522,-0.42608695652173917,0.26173913043478264,0.27,0.29,-0.35,-0.83,-0.10217391304347827
2016-09-30,-0.45,-0.64,-0.81,-0.86,-0.1,0.15,-0.2261904761904762,-0.3561904761904762,0.31761904761904763,0.38,0.27,-0.37,-0.66,0.08857142857142858
2016-10-31,-0.51,-1.16,-0.86,-0.1,-0.05,0.06,-0.152,-0.269,0.3895,0.06,0.33,-0.38,-0.61,-0.17238095238095238
2016-11-30,-0.63,-0.42,-0.81,-0.01,-0.2,0.0,0.136,-0.0395,0.44000000000000006,0.6,0.56,-0.32,-0.61,-0.24952380952380954
2016-12-31,-0.63,0.09,-0.35,0.33,0.36,0.7,0.2966666666666667,0.2219047619047619,0.2947619047619047,0.96,0.81,-0.39,-0.49,0.01761904761904762
2017-01-31,-0.63,-0.05,-0.03,0.84,-0.22,0.82,0.21349999999999997,0.161,0.2285,0.98,0.91,-0.44,-0.33,0.4585
2017-02-28,-0.69,0.77,-0.07,1.01,-0.11,1.61,0.2026315789473684,0.14210526315789473,0.26526315789473687,0.8,0.91,-0.35,-0.24,0.6473684210526316
2017-03-31,-0.8,0.48,0.29,1.26,0.06,1.2,0.14565217391304347,0.0013043478260869553,0.1834782608695652,0.85,0.88,-0.27,-0.37,0.3773913043478261
2017-04-30,-0.75,-0.14,0.25,1.51,0.32,0.76,0.008947368421052633,-0.21894736842105264,0.24631578947368418,0.86,0.86,-0.12,-0.43,0.21789473684210525
2017-05-31,-0.8,-0.49,0.48,0.24,-0.03,1.33,-0.056363636363636366,-0.2990909090909091,0.2527272727272727,0.87,0.8,0.08,-0.54,0.33
2017-06-30,-0.86,0.68,0.94,0.75,0.13,1.0,-0.24545454545454548,-0.4904545454545454,0.12318181818181818,0.69,0.73,0.2,-0.62,0.3718181818181818
2017-07-31,-0.86,0.23,0.75,0.75,-0.09,0.59,-0.12350000000000001,-0.45,0.1115,0.56,0.7,0.16,-0.59,0.24500000000000002
2017-08-31,-0.8,0.94,0.71,0.84,-0.04,0.6,-0.20956521739130435,-0.5,0.11869565217391305,0.84,0.77,0.21,-0.52,0.17782608695652175
2017-09-30,-0.92,1.0,1.26,1.18,0.15,0.78,-0.277,-0.518,0.0685,0.7,0.85,0.15,-0.42,0.3105
2017-10-31,-0.98,1.19,1.21,0.92,0.55,0.95,-0.2857142857142857,-0.4180952380952381,-0.03571428571428571,1.16,0.96,0.26,-0.49,0.49
2017-11-30,-0.92,0.7,1.35,1.94,0.24,0.73,-0.4704761904761905,-0.5652380952380952,-0.22428571428571428,0.98,0.95,0.35,-0.43,0.5185714285714286
2017-12-31,-0.98,0.77,1.03,1.6,0.16,1.06,-0.5865,-0.603,-0.438,0.77,0.89,0.39,-0.47,0.4565
2018-01-31,-1.04,0.72,1.26,1.18,-0.23,0.73,-0.5952380952380952,-0.521904761904762,-0.5547619047619048,0.75,0.91,0.36,-0.47,0.659047619047619
2018-02-28,-0.98,0.6,1.39,1.51,0.43,1.13,-0.43631578947368416,-0.4142105263157895,-0.51,1.08,1.02,0.21,-0.42,0.3373684210526316
2018-03-31,-1.04,0.99,1.35,0.84,0.15,0.77,-0.5776190476190477,-0.5538095238095238,-0.5995238095238096,1.22,1.1,0.21,-0.38,0.24523809523809526
2018-04-30,-1.04,0.59,1.3,0.16,0.37,0.85,-0.6766666666666667,-0.5847619047619047,-0.7171428571428572,1.0,1.06,0.12,-0.34,0.15952380952380954
2018-05-31,-1.16,0.57,1.72,1.6,-0.21,1.21,-0.6990909090909091,-0.5872727272727273,-0.7899999999999999,0.94,1.0,0.01,-0.24,0.17636363636363636
2018-06-30,-1.04,1.14,1.62,1.51,0.24,0.66,-0.8023809523809524,-0.6785714285714286,-0.8423809523809525,0.96,0.96,-0.01,-0.21,0.19238095238095237
2018-07-31,-1.16,0.87,1.67,1.51,0.08,0.61,-0.9185714285714285,-0.7528571428571429,-0.8995238095238095,0.93,0.94,0.01,-0.2,0.22952380952380955
2018-08-31,-1.16,1.03,1.35,1.6,0.26,0.04,-0.9534782608695652,-0.8217391304347825,-0.8408695652173913,0.79,0.94,0.16,-0.27,0.3495652173913043
2018-09-30,-1.22,0.7,1.53,1.94,-0.01,0.63,-0.9747368421052631,-0.8026315789473685,-0.8642105263157895,1.11,1.0,0.08,-0.41,0.3547368421052632
2018-10-31,-1.16,0.72,1.72,0.92,-0.17,0.59,-0.9077272727272727,-0.7831818181818182,-0.7577272727272728,0.99,0.99,-0.21,-0.32,-0.006521739130434784
2018-11-30,-1.16,0.83,1.49,0.58,-0.15,0.07,-0.9490000000000001,-0.8869999999999999,-0.6599999999999999,0.9,0.91,-0.27,-0.43,-0.20190476190476192
2018-12-31,-1.1,0.18,1.39,-0.43,-0.11,0.08,-1.071578947368421,-1.1763157894736842,-0.6599999999999999,0.96,0.79,-0.06,-0.53,-0.6189473684210526
2019-01-31,-1.04,-0.23,1.07,-0.26,-0.21,0.29,-1.0533333333333335,-1.2933333333333334,-0.550952380952381,0.38,0.65,0.3,-0.68,-0.7509523809523809
2019-02-28,-1.16,0.13,0.71,0.84,-0.37,-0.54,-1.0515789473684212,-1.338421052631579,-0.5036842105263158,0.6,0.69,0.49,-0.69,-0.3636842105263158
2019-03-31,-1.16,-0.21,0.89,0.5,-0.03,0.29,-1.0633333333333335,-1.4485714285714286,-0.41428571428571426,0.97,0.84,0.51,-0.55,-0.26857142857142857
2019-04-30,-1.22,0.07,0.66,0.67,-0.58,0.09,-1.0342857142857143,-1.4642857142857142,-0.4109523809523809,0.87,0.95,0.28,-0.5,0.014285714285714285
2019-05-31,-1.22,0.4,0.71,0.75,-0.06,0.43,-1.0327272727272727,-1.560909090909091,-0.38181818181818183,1.1,1.02,0.2,-0.56,-0.16181818181818183
2019-06-30,-1.28,-0.96,-0.17,-0.01,0.08,-0.42,-0.9460000000000001,-1.6829999999999998,-0.22749999999999998,0.96,0.95,0.14,-0.61,-0.2065
2019-07-31,-1.28,-0.27,0.16,-1.11,-0.28,0.38,-0.9890909090909091,-1.630909090909091,-0.23363636363636361,0.97,0.79,-0.11,-0.57,-0.07772727272727273
2019-08-31,-1.22,-0.27,-0.4,-0.69,0.11,0.2,-1.1918181818181817,-1.8795454545454546,-0.37863636363636366,0.27,0.58,-0.08,-0.59,-0.3663636363636364
2019-09-30,-1.33,-0.4,-0.4,-1.28,-0.32,0.15,-1.1965,-1.7645,-0.429,0.55,0.58,-0.05,-0.6,-0.3085
2019-10-31,-1.28,-0.32,-0.4,-0.26,-0.57,-0.14,-1.0704545454545455,-1.5277272727272726,-0.33590909090909093,0.74,0.72,0.17,-0.58,-0.11782608695652173
2019-11-30,-1.28,-0.38,-0.07,-0.35,0.17,-0.05,-1.0189473684210526,-1.338421052631579,-0.36578947368421055,0.84,0.91,0.23,-0.49,0.2445
2019-12-31,-1.28,-0.32,-0.53,-0.43,-0.31,-0.37,-0.9585714285714285,-1.2880952380952382,-0.4,1.05,1.07,0.0,-0.41,0.6842857142857144
2020-01-31,-1.33,-0.23,-0.67,1.01,-0.17,0.41,-0.970952380952381,-1.3695238095238096,-0.35095238095238096,1.09,1.07,0.05,-0.34,0.8085714285714286
2020-02-29,-1.33,0.3,-0.12,-0.86,0.07,1.45,-1.0484210526315791,-1.59,-0.36,1.18,0.77,0.27,-0.4,0.4789473684210526
2020-03-31,-0.8,-1.94,-0.99,0.07,-4.34,-1.17,-0.7518181818181818,-1.038181818181818,-0.08136363636363636,0.21,0.07,-0.78,-0.67,-0.7090909090909091
2020-04-30,5.31,-5.63,-1.73,-4.08,-17.74,-3.51,-0.7385714285714285,-1.0885714285714285,-0.06190476190476191,-1.2,-0.7,-3.03,-1.08,-0.6876190476190476
2020-05-31,4.43,-3.7,-1.96,-2.04,4.63,-2.79,-0.6535,-1.065,0.145,-1.16,-1.05,-1.95,-1.12,-0.33399999999999996
2020-06-30,3.14,-0.55,-1.68,0.07,5.99,0.96,-0.605,-1.0436363636363637,0.28818181818181815,-0.69,-1.08,-1.4,-0.94,-0.07636363636363636
2020-07-31,2.61,0.58,-1.36,0.5,2.66,0.78,-0.6877272727272726,-1.1077272727272727,0.13590909090909092,-1.14,-1.07,-1.14,-0.83,-0.10136363636363636
2020-08-31,1.55,-0.3,-1.22,1.01,1.21,0.42,-0.6452380952380953,-1.0638095238095238,0.21428571428571427,-1.01,-0.93,-1.0,-0.74,0.3895238095238095
2020-09-30,1.19,0.57,-1.31,1.43,0.37,0.3,-0.6047619047619047,-1.0404761904761906,0.29428571428571426,-0.5,-0.71,-0.82,-0.71,0.1838095238095238
2020-10-31,0.67,0.14,-0.9,1.43,1.08,1.22,-0.4919047619047619,-0.939047619047619,0.39666666666666667,-0.38,-0.6,-0.29,-0.78,0.2731818181818182
2020-11-30,0.55,-0.13,-0.9,1.01,0.26,0.9,-0.41210526315789475,-0.8557894736842104,0.39,-0.78,-0.63,-0.08,-0.8,0.248
2020-12-31,0.55,-0.22,-0.99,1.18,0.3,0.09,-0.30136363636363633,-0.7940909090909091,0.4636363636363636,-0.47,-0.63,0.05,-0.74,0.3422727272727273
2021-01-31,0.31,-0.31,-0.35,1.01,1.16,1.1,-0.11789473684210527,-0.6589473684210526,0.5873684210526315,-0.61,-0.63,-0.44,-0.72,0.31157894736842107
2021-02-28,0.25,0.25,0.02,1.01,-1.67,1.03,0.1131578947368421,-0.46315789473684216,0.7421052631578947,-0.79,-0.54,-1.05,-0.61,0.43315789473684213
2021-03-31,0.14,0.59,0.38,1.34,2.36,1.87,0.5,-0.13782608695652174,0.7630434782608696,-0.13,-0.28,-0.04,-0.28,1.8982608695652172
2021-04-30,0.2,1.17,1.26,1.6,-0.12,2.17,0.5077272727272727,-0.10545454545454547,0.6613636363636364,0.15,-0.12,2.75,0.24,1.9942857142857144
2021-05-31,0.02,1.04,1.62,1.77,0.15,1.18,0.502,-0.11750000000000001,0.737,-0.29,-0.15,1.59,0.51,1.6344999999999998
2021-06-30,0.08,0.59,1.62,1.94,-0.01,1.13,0.32090909090909087,-0.22363636363636363,0.5163636363636364,-0.08,-0.23,0.86,0.64,1.330909090909091
2021-07-31,-0.22,2.26,1.95,2.02,0.53,0.67,0.060476190476190475,-0.41857142857142854,0.3261904761904762,-0.43,-0.41,0.83,0.63,1.3123809523809524
2021-08-31,,0.65,1.95,0.5,,0.53,0.017368421052631578,-0.4568421052631579,0.28421052631578947,-1.32,,,,1.0872727272727274
2021-09-30,,,,,,,,,,,,,,0.9500000000000001
