DATE,GAC,NOC,SHC,UOC,DTC,IVC,PPC,PRC,NEC,AWC,GAF,NOF,SHF,UOF,DTF,IVF,PPF,PRF,NEF,AWF,CEF
May-68,32.2,30.6,32.5,6,3.2,6.8,42.8,17.3,10.1,2.7,20,19.8,30.9,-1.5,-2.8,-14.9,74.3,41.3,18.7,2.9,22.7
Jun-68,18.4,18.2,11.9,-2.9,-4.4,10.6,35,15.8,12.2,4.1,28.5,30.6,43,12.8,-5,3,80.5,53.6,15.6,-4.1,25.3
Jul-68,33.3,15.7,23.8,1.2,-1.3,0.9,35,16.1,12.9,4.6,41,43.8,30.2,24.5,1.6,-0.4,70.5,46,22.7,-0.4,25.3
Aug-68,-3.9,-7.6,15.3,-6.6,-2.6,-24.6,43.3,23,13.3,6.3,17.4,36.6,29.9,8.3,0.2,0.9,64.7,40.2,21.5,5,18.5
Sep-68,9.5,20.7,21.6,-6.4,-5.4,1.4,28.5,12.7,1.9,4,21.4,20.8,36.6,-4.1,3.7,4.6,65,41.2,24.8,12.2,16
Oct-68,6.8,24.3,19.7,12.8,-4.9,-9.2,34.5,22,10.1,0.2,40.2,39.8,34.8,15.1,-2,3.6,64.6,38,21.4,4.2,22.9
Nov-68,13.2,29.2,27.3,-2.2,-2.9,17.8,31.8,20.1,11.1,9.3,50.3,38.4,34.9,12.9,-11.8,14.6,68.6,45.4,26.5,1.7,34
Dec-68,23.5,22.7,33.3,-1.8,1.1,20.5,34.9,15.3,14.3,6.1,53.4,40.8,38.7,16.9,0.3,23.6,85.8,60.4,24.7,3.3,25.8
Jan-69,-11.3,4.2,8.7,-0.8,3.6,12.9,31.2,17.3,13.4,0.3,43,36.7,38.7,12.5,4.1,8.5,70.1,42.5,28.2,10.7,24.1
Feb-69,16.8,12.5,9.6,-6.3,4.8,20.7,33,25.3,16.9,11.2,28.2,32.7,36.2,15.3,12.2,-2.2,62.3,46.1,30.5,14,35.2
Mar-69,27.8,34.2,22.7,5.9,6.5,17.8,34.9,22.2,15,9.8,35.7,42.6,59.6,14.5,5.3,-7.4,64,39.2,30.6,11.4,22.8
Apr-69,18.1,22.5,27.6,7.8,1.1,18.5,39.5,22.8,10.7,-6.9,33.7,25.9,32.1,16.2,1,-1.8,64.6,34.7,7.6,-4.6,25.9
May-69,12.7,19.6,24,-2,-1.4,7.5,27.4,21.3,10.2,8.8,-3.5,16.2,14.3,3.2,0.4,4.9,60.7,38.4,-2.8,0.6,19.2
Jun-69,18.5,21.2,24.3,4.4,2.3,-0.2,23.3,14.9,13.2,5.5,-3.4,12.7,9.3,-6.5,-14,-20.6,58.2,34.4,7.4,-3.6,19.7
Jul-69,-1.1,2.3,17.3,-5.4,-2.5,5.4,37.6,13.6,13.1,-1.7,-12.9,16.8,23,-0.9,-9.7,5.8,56.5,36.4,14.3,2.2,18.3
Aug-69,8,16.9,31.1,0.1,-5.4,3.9,38.2,5.7,2,2.6,-10,10.4,15.6,-6.8,-6.9,-1.7,59.2,39,11.6,-5.5,16
Sep-69,-1.6,6.2,6.9,-4.1,-3.6,6.5,41.2,21.6,7.1,3.4,-8.6,18.7,24.3,-2.5,-7.8,1.1,65,40.2,9.3,-6.1,6.9
Oct-69,12.1,3,11.6,-20.1,-5.8,-2.5,35.3,18.2,3.8,4.8,-3.6,17.2,16.2,0,-4.2,-14.1,62.9,35.7,14.1,-3.2,9.3
Nov-69,-3.4,7.5,5,-5.7,-0.9,3.9,35.9,23.5,5.6,-2,-0.5,19.7,24.3,-12.5,-12.2,2.2,61.1,39.4,18.2,2.3,2.7
Dec-69,-7.9,9.6,23.2,-15.5,-7.8,-5,37.3,17.5,2.3,1.4,7.1,24.3,25.9,8.2,-0.2,3.2,61.6,40.9,14.1,1.2,-1.6
Jan-70,-13.1,-5.2,10.7,-18.1,-12.4,-8.1,37.7,11.5,-7.4,3,23.4,49.5,51.8,24.6,8.6,-5.7,69.9,45,18.6,6.4,4
Feb-70,-18.1,5.4,1,-6.1,-6.2,11.8,31.7,8.1,1,-4,37.8,34.9,41.1,11.7,5.7,3.1,55.5,37.5,17.9,3.2,1
Mar-70,-31.2,0.9,9.4,-20.7,1.3,-10.9,28.6,16.5,-10.5,-7.1,38.2,50.1,52.1,18.2,6.8,7.3,58.4,36.1,21.6,14,9.7
Apr-70,-16.9,7.5,5.8,-18.4,-2.9,-0.1,31,10,3.1,-7.1,56.4,56.6,51.4,33.1,5.9,2.3,56.2,46.1,26,16.1,14.2
May-70,-21.5,-1.3,-2.6,-16.2,-2.4,2,30.6,10.3,-0.3,-25.8,63.5,64.4,64.1,31.7,14.9,6.4,60.9,50.6,28.2,18.5,6.4
Jun-70,-8.4,5.9,17.9,-4,-2.2,-2.2,34.6,3.2,-4.8,7.6,71.2,64,64.6,40.2,14.4,8.7,55.5,40,17,13.5,-1
Jul-70,7,14.8,22.2,0.8,-2.1,-0.4,29,13.3,-2.6,-2,64.8,50.1,48.5,32.6,10.4,7.4,62.8,40.9,18.3,6.3,0.7
Aug-70,6.9,2.6,5.9,-11.3,5,1.4,29.5,12.6,-1.3,-7.8,76,64.1,65.6,34.5,13.5,10,77.6,53.6,20.8,13.9,5.1
Sep-70,14,28.7,19.9,2.4,0.4,-24.5,33.3,15.7,0,11.7,70.2,61.2,56.6,26.3,8.7,-0.1,57,49.3,27.3,16.5,7.8
Oct-70,3.7,16.1,18,-6,2.1,-9.6,28.7,14.2,-8.1,-10,78.6,69,70,50.8,11.5,15.2,66.1,56.8,22.5,17.6,5.7
Nov-70,6.4,5.1,9.4,-3,-2.1,-13.2,33.5,10.8,-8.3,-6.5,79.1,68.6,69.1,42.4,22.5,9.3,73.6,59.7,24.6,24,3
Dec-70,10.2,19.7,11.6,11.5,5.5,-8.1,26.1,14.8,-7.1,1.1,74.3,59.4,57.6,26.1,7.6,16.6,59.4,59.9,24.9,18,5.2
Jan-71,28.9,26.7,19.2,-4.2,-3.5,5.4,29.4,15.3,-4,-2.5,75.2,52.1,51.1,25.8,4.2,17.7,59.9,53.1,13.8,17.5,-1.1
Feb-71,39,32.6,31.3,11.6,0,-14.1,23.7,8,-10.3,-7.8,76.7,68.4,61.5,32,8.5,19.8,71.1,52.3,17.1,22.6,-0.6
Mar-71,33.3,19.5,21.5,-14.8,-3.1,-8.9,24.8,1.7,-1.2,6.3,76.5,56.2,56.4,33,6.8,27.5,57.9,54.6,16.4,13.3,-0.9
Apr-71,37.4,27.5,28.2,5.1,1.6,-9.7,19.5,2.9,-2.5,7.2,69.3,61.8,54.6,33.5,18.3,27.4,69.8,54.3,20.3,15.8,-10.7
May-71,39.2,24,21.2,9.8,4.7,1.1,25.8,8.1,11,13.4,77.5,62.1,65.1,40.3,18.3,21.4,75.3,62.5,28.4,14.8,1.8
Jun-71,31.3,23.7,25.7,-6.7,-1,-1.7,29.3,16.5,-4.9,3.4,71.5,58.6,56.2,33.1,13.7,17.3,76,64.5,27.2,14.4,4.1
Jul-71,25.5,9.7,18.2,-20.7,-0.9,-3.2,25.2,15.8,-8.4,1.3,76.4,46.9,50.6,29.9,14.1,17.2,82.6,63.9,28.7,24.9,8.2
Aug-71,22.8,28,26.1,9.6,-3,-4.2,39.1,8.4,-6.5,2.8,79.4,73.2,62.5,46.8,8.7,4,71.2,39.6,21.3,24,15.7
Sep-71,35.9,25.3,30.7,2.8,13.4,-0.6,9.9,-1,-11.5,-1.4,82.9,70.4,64,42.2,14.8,21.9,62.2,47.5,24.7,8.4,24.8
Oct-71,39.3,34,22.9,14.2,5.5,2.1,0,0.2,3.5,2.1,76.1,60.5,65.5,32.3,19.6,14.8,63.4,54.8,22.4,20.4,18.2
Nov-71,32.1,24.7,17,-1.9,0.7,-2.3,13.2,1.6,-4,6.1,73.8,67.4,60.5,40.4,19.8,12.1,63.5,42.2,20.1,19.9,21.5
Dec-71,30.4,20.3,16,1.1,-1.6,11.1,27.9,13.8,3.2,-0.4,77.9,66,72.3,42.2,18.4,8.4,67.1,42.8,26.5,17.6,30.2
Jan-72,34.2,31,29.1,10.3,9.6,-3.7,24.3,14.1,4.9,8.9,73.7,67.6,63.1,39.4,20.6,21.1,69,53.2,35.6,31.4,25.6
Feb-72,30.9,20.3,29.3,3,2.5,-3.3,24.2,12.8,7,11.9,68.3,55.5,56,43.1,13.6,25.2,69.7,50.4,31.6,12.3,38.7
Mar-72,39.5,28.9,18.1,10.1,1,-9.4,25.1,7.5,11.4,2.6,62.9,49.5,50.5,36.7,16.9,39.2,66.6,54.4,30.7,17,25.5
Apr-72,28.2,18.9,12.7,6.3,3.7,-10.1,23.3,11.7,-2.4,-2.5,69.3,47.1,51.7,21.3,15,13.1,62.8,49,22.1,15.5,31.1
May-72,35.8,21.6,21.7,10.4,-1.9,-7.1,22.6,8.7,6.8,2.1,71.4,52.2,48.5,36.4,18.7,27.1,55.7,37.1,21,10.8,37.8
Jun-72,34.1,15.7,7.4,-1.5,5.2,4,24.9,6.5,10.6,0.5,69.5,45.5,49.8,36.8,12.9,10.6,72,41.6,28.4,22.6,41.1
Jul-72,33.1,30.1,24.4,3.8,10.2,-6.8,19.4,13.2,3.8,9,73.6,55.3,54.3,45.7,15.6,30.2,51.6,35.3,31,18.7,40.5
Aug-72,35.2,25.1,22.8,26,2.4,-0.1,20.4,17.9,14,7.8,67.6,48.7,51.1,37.9,12.9,33.9,63.8,45.7,36.2,16.3,31.7
Sep-72,32.9,22,20.4,16.7,1.5,8.4,22.6,6,-1.9,-0.6,66.7,47.3,51.4,33.5,17.6,18.5,63.4,36.9,20.2,18,38.1
Oct-72,39.2,28.2,28.3,3.7,3.8,12.4,21.1,11.6,6,11.9,68.7,45,43.5,29.6,9.9,21.5,63.3,36.5,31,13.7,37.4
Nov-72,47.2,30.8,36,11.3,7.3,7,26,10,7.4,11.4,69.7,61.1,57.5,30.7,5.3,29.9,54.8,35.6,31.9,6.6,37.6
Dec-72,49.1,33.2,32,8.2,9.8,-3.2,25.1,12.3,17.1,13.4,79.3,68.4,64,40.8,11.8,37.5,63.1,38.5,35.2,14.8,43.9
Jan-73,47.8,42.2,38.8,29.6,6.5,13.3,29.9,5.4,18.1,13.9,66.4,59.5,55.5,30.6,-8.6,26,62.5,38.9,27.5,6.1,42.7
Feb-73,40.5,26.1,21.7,16.9,4,18.1,37.2,25.6,18.8,2.2,63.3,56.4,50.2,28.3,0.6,34.5,68.6,62.2,33.5,10.4,40.8
Mar-73,58.5,56.2,48.3,45.1,19.9,27.9,67.9,34.2,18.4,19,53.2,53.6,66.9,23.9,13,17,78.6,65.5,38.3,6.3,51.1
Apr-73,53.6,33.9,39.6,17.8,4.3,22.4,62.2,42.7,24.1,5.5,39.9,39.9,45.1,11.4,-6.9,26.6,82.2,60.9,9.8,2.7,32.8
May-73,36.6,33.7,40.7,18.9,7.8,14.1,64.1,41.7,15.2,4.6,23,9.1,24,-1.9,-7.2,1,78.6,64.8,14.3,4.3,38.8
Jun-73,30.4,24,25.4,18.4,-0.7,13.7,57.1,36,9.8,8.5,16.3,27.8,32.1,-7.5,-2.1,11.8,74.4,52.2,19.3,5.5,29.6
Jul-73,24.8,31.1,25.1,17.3,14.2,25.8,17,0,12.6,5.2,9.5,6.1,20.5,-5.3,-4.4,2,70.3,53,4.9,-8.7,20.6
Aug-73,18.5,7.4,19.8,-0.6,9.8,7.1,58.2,15.1,5,4.7,-10.1,-2.2,5.7,-5.2,-5.9,-0.6,74.1,60.8,7.9,-6.1,36.5
Sep-73,-0.3,2.5,15.9,-1.3,6.8,-3.3,60,24,7.9,5,-4.5,-8.6,7.1,-14.7,-16.4,7.7,83.1,70.5,12.6,-7.7,23.1
Oct-73,9.8,-0.6,24.6,6.6,12.6,1.3,69.3,33.6,11.6,2,-4.8,-5,14.7,-4.7,-10.2,-6.6,84,74.1,15.9,-1.2,26
Nov-73,15.4,18.9,25.4,11.5,11.1,2.4,77.8,40.2,11.6,8.5,3.2,-11.1,3.7,-20.1,-20.7,-8.1,85.2,78.6,2.2,-5.5,29
Dec-73,8,11.7,18.4,2.7,9.9,3.2,74.4,36.1,8.7,1.7,-39.7,-42.7,-28.7,-41.5,-24.8,-19.2,87.2,79.5,-21.5,-26,25.2
Jan-74,-12.9,-4.1,13.4,8.5,13.7,7,77.6,42.5,5.2,2.5,-22.6,-19.4,-5.5,-34.6,-3.5,1.5,88.7,73.3,-7.5,-3.7,34.2
Feb-74,-13.2,-9.8,10.7,0.5,9.5,-5,88.9,63.8,6.6,1.7,-38.6,-18.5,-4,-25.7,-14.2,-14.6,88.1,79.1,-18.7,-16.8,9.5
Mar-74,-12.5,-8.2,11.3,-14.6,17.8,4.7,91.1,47.4,0.7,2.1,-8.6,-7.9,-4.4,-20.4,-3.3,-16.5,79.6,76.6,-1,-7.1,34.6
Apr-74,-11.9,-12.6,12,-4.2,1.3,9.9,75.9,56.2,4.1,5,20.6,5.8,28.8,-18,-1.2,-11.6,86.7,73.4,12,2.8,35.4
May-74,-9.2,-5.6,13.5,-17.1,-0.2,3.6,83.8,55.8,-3.9,-3,31.4,25.1,21.3,5.4,-0.1,-10,88.1,73.8,-2.5,-5.1,38
Jun-74,-8.7,-2,10.9,4.6,1,11.9,82.2,63.4,-8.7,-1.9,25,16.8,22.1,-6.1,-6.2,-3.3,84.7,78.1,-10.9,-7.5,29.2
Jul-74,-8.4,-5,8.3,-15.6,-12.7,4.5,86.8,56.4,5.6,-3.8,24.4,18.1,21.8,-14.8,-8.7,-3.8,86.6,71.8,4.8,-6.3,25.2
Aug-74,-16.9,-0.6,12.8,-19.6,0.5,6.4,79,60.9,0,-5.6,29.2,27.3,36,-2.5,-2.4,3.9,85.3,70.2,10.1,-4.3,8
Sep-74,-7.4,12.8,7.6,-9.9,-0.3,6,73.7,61.9,-4.9,2.6,28.7,25.8,29.7,-8.4,-3.5,-5.5,80.6,69.7,10.6,-1.4,17.2
Oct-74,-26.1,-25.8,1.8,-26.6,-20.2,-14.3,70.8,51.1,-16.4,-12.5,24.1,18.5,29.5,-14.5,-9.8,-2.9,71.6,57.6,1,-2.2,8.5
Nov-74,-31.8,-18.3,12.7,-27.7,-16.3,4.2,62,39,-10.5,-18,16.2,16.9,22.2,-1.6,-10.3,-5.7,67.9,58.6,5.6,7.1,2.6
Dec-74,-57.9,-41,-14.9,-60.9,-26.1,-18.3,65.3,23.5,-27.7,-32.5,20.7,26.3,34.7,6.6,-3.8,-25.8,61.2,50.9,7.3,6.7,5.9
Jan-75,-44.7,-27,-9.8,-38.6,-19.2,-11,40.8,16.6,-32.8,-23.4,30.5,32.3,35.9,-2.7,-9.2,-27.7,51,40.6,7.8,-1.3,7.1
Feb-75,-25.5,-21,-8.5,-32,-25.2,-12.9,34.9,6,-21.3,-20.7,34.7,37.6,42,9.4,1.3,-35.2,50.2,18.5,9.3,9.4,6.3
Mar-75,-28.4,-21.7,-18.8,-35.1,-20.7,-50.7,10,-14.3,-34.5,-21.8,54.2,50.2,51,11,-6.9,-24.1,60.5,13.5,11.8,11.7,-10.9
Apr-75,-28.1,-26.3,-9.5,-37,-26.1,-38.5,0.1,-15.2,-40.2,-21.5,57.1,57.3,55.6,25.4,-7.8,-27.6,51.6,43.7,25.9,20.7,13.3
May-75,-18.3,-9.2,9.3,-30.7,-16.7,-40.4,6.3,-1.2,-15,-14.8,63.8,65.5,57.4,34.2,3.8,-12.5,61.2,44.8,34.3,22.6,10.3
Jun-75,-6.4,6.8,11.5,-23.4,-15.8,-31.2,14,-9.2,-18,-5.8,79.4,73.1,58.7,38.1,3.1,-17.2,66.1,48.3,35.1,25.5,19.3
Jul-75,13.7,15.2,19.9,-15.4,-13,-38.8,17.3,-9.8,-10.1,-8.7,78.3,67.9,53.4,29.8,5.1,-11.2,86.8,49,33.8,19.5,24.6
Aug-75,28,18.4,16.3,-1.7,-8.1,-15.5,21,-14.7,-1.3,-1.3,85.8,78.7,68.7,45.8,17.6,-2.2,71.4,44.3,39,34,21.3
Sep-75,32.6,22,19.7,-4.4,-5.5,-24.4,40,5,2.1,2.2,91,85.8,72,51.3,16.2,0.3,79.4,63.4,42.3,33.4,19.9
Oct-75,35.3,22.4,14.7,2.7,-1.9,-13.2,49.4,12.8,3.5,8.4,88.7,76.9,66,34.2,0.2,6.7,77.6,65.1,35.6,26,24.3
Nov-75,44.2,25.3,11.2,7.8,5.6,-14.6,58.3,16.5,9.2,9,83.6,67.8,65.7,33.9,3.6,9.2,84.9,65.4,36.5,26.3,34.7
Dec-75,33.1,17,22.4,6.3,-0.5,-13.7,41.1,31.7,7.3,1.8,75.6,70.3,57,30.4,5.8,12.6,88.8,68.9,47.2,20.7,24.4
Jan-76,10.8,4.7,14.3,-4.1,-6.1,-17.1,46.1,27.1,7.4,6.3,75.9,73.8,63.4,33.5,8.7,20,85.7,60.1,36.1,16.6,24
Feb-76,20.7,17.7,21.5,-5.6,2.2,-2.5,34.6,17.8,0,1,77.3,76.9,69.2,29.9,6.2,19.3,87.2,67.2,37.6,23.4,25.7
Mar-76,36.2,31.3,24.8,-2.4,1.6,10.5,36.1,16.1,3.4,6.9,77,69.5,65.3,31.8,10,7.2,84.5,74.5,43,15.6,35.2
Apr-76,43.2,37.8,44.5,-5.2,-0.7,-2,41.4,13.8,5.4,12.1,69.6,57.6,54.8,29.6,7.8,20.3,86.3,57.4,36.9,19.6,31
May-76,37.7,17.8,28,1.1,2.3,7.4,45.7,15.7,6.5,10.8,72.6,62.1,56.3,33.7,19.8,31.6,83.8,72.3,36.1,15.5,36.6
Jun-76,32.7,22.4,23.4,5.4,6.1,-5.4,48.6,13.7,9.4,6.8,65.9,58.2,53.2,35.1,10.4,20.7,88.9,74.8,31,16.9,31.2
Jul-76,28,11.3,20.8,6.1,5.6,-1.6,54.5,20.5,17.8,11.7,69.6,70.1,67.4,44.5,20.9,8,84.3,75.9,37,19.9,34.6
Aug-76,19.6,20,19.5,-5.6,-3.8,-8.2,48.6,24.2,6.6,3,54.1,52.5,47.4,33.6,11.3,16.2,78.5,68.3,21.3,14.8,45.4
Sep-76,22.1,15.7,22.5,8,-2.7,-0.3,47.5,20.1,-2.6,2.2,69.4,64.8,59.1,45.6,17.2,6.1,81.7,69.9,32.1,18.6,42
Oct-76,22.2,16.9,14,0.5,-2,-7.9,42.8,15.5,-9.1,5,67.8,70.3,65.2,40.6,12.4,9.8,85,75.6,48.1,22.7,44.6
Nov-76,13.8,13.7,13.7,-13.4,-16.7,-1.2,29.6,15.4,-2.2,-10.8,65.5,66.9,65.9,35.1,15.7,4.2,89.3,68.5,38.6,16.1,42.5
Dec-76,13.6,18.7,17.6,8.1,-4.1,9.1,41.2,14.5,1.1,2,71.4,67.5,61.8,34.1,16.4,27.1,85.6,62.2,20.1,29.2,36.7
Jan-77,31.5,35.4,30.1,4,0.9,15.5,36.9,13.9,4.5,8.5,79.6,68.2,65.3,42.6,15.7,14.8,92.5,76.3,42.3,31.7,34.6
Feb-77,34.9,23.6,29.1,1,0.6,-25.9,41.4,15.4,6,-2,80,69,61.5,41.3,14.7,14.1,92.3,83.9,44.7,29.9,42.9
Mar-77,33.2,20.4,26.3,7.1,1,-7.1,50,24.1,20.3,12.8,73.8,67.5,59.9,50.1,24.2,18.8,86,70.5,39.8,41,36.3
Apr-77,44.4,34.5,40.6,21.5,14.4,6,50.3,36.5,19.7,14.5,66.5,61.1,57.6,39.3,12,17.6,87.3,62.9,40.4,27.6,36.3
May-77,30.3,23.9,21.8,12.3,6.2,9.4,50.5,29.1,19.4,12.2,57.5,58.8,58.7,31.8,11.5,8.2,97.8,74.7,28.9,25.8,33.1
Jun-77,27.6,17.9,23.4,-11.1,-3.9,12.4,54.8,25.8,6.3,5.7,61.3,59.9,59.5,32.6,12.3,15.6,83.8,72.3,31.5,16.5,29
Jul-77,21.5,20,22.1,4.9,-0.6,3.3,39.6,20.3,8.2,5.3,71.1,70,68.9,43.2,5.8,18.3,86.5,75.5,31.9,21.4,32.2
Aug-77,20.1,14.2,19.6,-1.1,1.1,0,44.1,31.4,-6.9,2.1,52,58.4,54.9,32.9,6.1,5.5,86.5,73.3,26,22.3,22.8
Sep-77,11.2,12.2,20,4.7,0,-7.5,39.1,13.6,11.8,6.5,49.8,54.6,54.9,23,1,6.8,79.1,60.8,22.1,5.3,35.3
Oct-77,15.9,15.2,22.5,-2.3,4.6,2.7,27.5,8.5,10.6,0.2,39.8,38.5,33.3,26.8,4.9,12.5,82.5,55.6,22.2,3.7,34.9
Nov-77,18.2,9.6,14,-9.9,6.1,-3.5,30.6,15.5,7.3,4.8,56.4,59.4,49,26.1,7.7,0.3,80.2,62,24.3,14.8,30.1
Dec-77,30.6,24.9,30,1.8,9.3,-2.7,33.1,14.6,10.7,12.6,52.4,58,51.9,37.5,4,7.3,82.1,64.5,34.8,8.4,36.4
Jan-78,20.6,15.1,20.7,14,2.9,-7.3,39.7,23.1,6.5,9,42.1,36,35.1,20.8,4.4,9.2,74.1,53.3,25.2,12.4,32.2
Feb-78,11.3,8.2,16.6,1.9,5.9,10.8,47.2,26.9,9.1,4.2,31.6,31,36.2,16,0,15.7,81.8,63.3,28.9,3.1,36.6
Mar-78,8.9,12.7,17.7,-4.3,-3.8,2.2,45.9,28,4.1,6.1,24.5,31.8,28.1,-1.2,3.2,3.4,83.3,63.2,9.2,6.5,28.1
Apr-78,18.4,16,25.9,-2.6,11.3,-4.8,45.7,23.5,5.5,4.2,30.2,35.1,35.5,4.4,9.7,15.5,84.4,72.9,12,4.2,19
May-78,27.6,17.8,30.3,4.5,7.6,-17.1,47,31,17.2,9.3,31.1,22.6,24.2,5.6,1,2.5,88.4,67.9,18.9,0.2,24.5
Jun-78,23.2,16.4,17.7,7,5.1,-8.6,38.6,24.5,21.9,15,21,20.1,18.5,-0.6,-7.9,4.1,88.3,64.1,15.4,-3.9,24.1
Jul-78,17.9,13.7,20.8,6,8.9,-5.9,48.2,34.2,21.1,0,6.7,7.2,17,-1.8,-0.9,2.2,84.8,64.5,9.9,-7.6,7.6
Aug-78,27.7,18.1,29.5,14.2,15.9,-7.2,57.5,26.9,11.4,15.6,12.2,21.7,21,-6.8,-8.7,5,81.8,67.6,13.5,-3.2,-2.7
Sep-78,17.9,11.9,14.2,5.4,5.6,-1,52.6,37.3,10,9.3,3.7,-0.8,7.3,-15.5,-4.4,3.5,82.4,52,9.1,-4.5,5.9
Oct-78,21,18.8,31.7,7.4,1.2,0.5,51.9,31.2,17.5,9.5,-1,0.7,6.5,-11.9,-5.2,-12.8,80.9,64.6,6.4,-4.6,11
Nov-78,14.4,14.2,35.4,-2.9,1.2,-13.1,66.8,34.2,7.2,9.1,6.8,10.5,19,-11.3,-13.8,-2.5,86.2,70,1.7,-5.2,15.6
Dec-78,8.5,6.9,16.9,-3.1,-3.7,-9.3,73.3,40.6,10.4,1.6,-13.9,-9.1,-4.1,-21.6,-13.5,-1.7,85.4,59.4,-5.9,-18.4,19.7
Jan-79,4.1,-3.2,23.5,-7.5,1,-17.7,67.7,32.8,17.7,3.9,-26.8,-19.2,-10.3,-32.9,-17.9,-12.7,89.9,71.2,-6.2,-18,18.7
Feb-79,-1.5,1.6,18.3,-3.8,-5.2,-18,67,33.9,3.4,-5.1,-6.8,5.8,7,-5.2,-6.5,-3.7,82.7,72.4,4.6,-8.8,13.4
Mar-79,5.8,-0.9,13.7,-10.3,-7.1,-23.8,64,35.5,9.9,7.4,-21.4,-17.4,0.3,-18.4,-23.5,2.8,83,67.1,6.3,-20,5
Apr-79,-3.4,1.3,13.7,0,-0.8,-12.6,67.7,37.2,6.3,3.1,-23.6,-17.6,-6.3,-22.8,-16.1,-12.9,84.3,64.7,-4.7,-19.6,17.6
May-79,-1.6,4.8,15.3,-6.6,-3.4,-19.3,65.1,32.3,-3.8,0.1,-27.5,-17.3,-6.7,-26.6,-16.1,2.1,86.1,65.2,-0.9,-13.3,24.3
Jun-79,-4.2,-5.2,28.3,-17.2,7.1,-23.6,85.4,38.5,1.9,-3.2,-22.2,-6.6,-4.3,-25.7,-18.7,-14.2,95.9,66,-4.8,-16.8,26.9
Jul-79,-13.2,-14.7,10.9,-16.4,-9.1,-10.7,74.7,38.1,-4.3,-2,-25.5,-7.6,4.8,-24.2,-13.8,-6,85.3,65.5,0,-15.3,22.1
Aug-79,-17.8,-10.8,7.6,-21.3,-9.7,-22.5,66.4,45.3,8.3,-7,-35.8,-21.1,-19.5,-27.9,-15,-13.1,89.1,65.8,-21.8,-26.9,22.9
Sep-79,-24.4,-19.8,0.6,-24.2,0.7,-23.1,62.3,40.8,-3.7,-5,-30.1,-16.3,-13.6,-22.8,-10.1,0.3,88.4,72.7,-15.4,-27.8,10.6
Oct-79,-28.6,-26.5,-1.1,-27.2,-21.1,-35.8,77.6,46.7,0.6,-14.2,-1.3,11.7,4.3,5.3,-3.3,-6.4,90.5,76,-14.7,-14,17.4
Nov-79,-20.1,-3.9,9.7,-13.7,-3,-17.3,68.5,42.8,10.5,0.9,-14.7,0.2,0.6,-10.9,-3.7,-8.4,85.2,71.3,-8.4,-16.5,9.5
Dec-79,-15.6,-8.1,3.1,-20.7,6.1,-45.6,71.3,39.2,1.7,-10.3,-29.2,-6.3,0,-10.7,-20.7,-10.9,87.8,80.8,-13.2,-9.3,-1.3
Jan-80,-18.4,-20.1,-6,-16.6,-8.3,-32.1,73.4,37,-7.2,-13.5,-11.2,5.8,12.2,-6.1,2.5,-0.7,87.5,75,-4.3,-12.9,17.9
Feb-80,-20.9,-22.9,-13.5,-17.7,-10.4,4.6,71.5,53.7,-8.3,-12.1,-6.4,-1.5,3.9,-5.1,-6.1,-2.5,88.3,70.9,-5,-16.3,1.6
Mar-80,-19.5,-29.1,-4.8,-18.4,-4.4,-21.4,78.5,44.8,-12.8,-7.7,3.5,15.1,17.4,-6.2,-0.8,0.5,87.8,72.6,6.6,-5,19.6
Apr-80,-37.1,-32.4,-12.5,-29.3,-0.8,-23.9,71,47.1,-4.8,-11.8,-4.2,-2.9,8.8,-23.1,-10.6,-19.8,85.8,66.7,-9.6,-21.3,11.4
May-80,-53.4,-53.5,-22.4,-47.7,-32.9,-16.4,63.1,37.2,-21.7,-24.2,7,27.5,11.4,-11,-20.4,-6.9,75.4,64.3,-11.6,-17.8,3.5
Jun-80,-54.3,-47.1,-27.3,-50.6,-34.2,-0.1,54.5,33.8,-29.6,-45.6,25.1,33.2,23.7,6.5,5.4,4.1,81.5,68.8,-4.9,-1,6.2
Jul-80,-57.1,-46.2,-25.8,-49.8,-19.2,-17.2,37,24.9,-27.4,-24.3,36.9,36.4,30.3,-5.5,-5.6,7.7,78.9,71.3,7.6,13.1,17.1
Aug-80,-39.4,-34.5,-27.7,-45.2,-12.4,-14,48.5,18.6,-31,-30,56.4,42.8,36.4,13.6,-7.9,19.8,75.3,60.3,9.8,9.1,21
Sep-80,-10.3,-7.5,-2.9,-37.5,-17.6,-13.4,54.1,21.9,-9.7,-17.2,75.5,63.7,56,20.2,11.1,22.3,90.9,72.2,26.2,22.4,20.7
Oct-80,24.7,13.9,16.2,-11.6,-6.5,2.7,58,53.1,-13.6,-9,66.1,56.9,56.1,21.8,12.5,17.7,89,74.2,32.9,16,28.5
Nov-80,9,4.9,-1,-13.2,-8.8,-3.5,72.8,28.1,-1.7,-5.1,68.5,54.8,57.6,24.3,9.1,27.8,92.9,69.3,34.5,28.7,29.1
Dec-80,7.4,4.2,4.6,-10.5,-5.4,-0.1,58.1,27.3,-6.6,1,73.2,67.4,63.1,22.9,9.3,17,88.2,71.9,41.1,25.1,32.8
Jan-81,2.1,2.2,-0.3,-17.7,-12.1,1.5,59.1,37.8,-9.6,-1.2,54.6,46.7,36.1,10,2.2,3,87.6,75.9,-8.8,-1,15.3
Feb-81,5.2,10.9,11.8,-19.2,-9.1,-3.8,54.8,32.8,-3.1,0.3,52.4,60.2,55.2,17.4,7.5,-6.4,81.5,68.7,17.1,19.5,16.1
Mar-81,8,7.2,9.1,-18.4,-12.2,-4.2,49.2,13.1,-7.9,-4.7,66.5,50.2,47.6,16.2,8.3,-24.9,88.7,73.1,2.1,15.8,18.9
Apr-81,-1.2,-12.3,-15.7,-25.8,-10.5,-5,45.3,14.4,-4.9,-5.9,66.9,61.4,62.7,23.6,4.1,8.5,87.5,82.6,18.2,29.5,20.8
May-81,9.1,0.3,7.5,-17.6,-0.2,12,65.4,43,-2.4,-2.3,71.8,62.4,68.7,21.7,12.3,4.8,88,75.1,19.4,21.7,19.8
Jun-81,-2.1,-9.8,-2.1,-18.7,-2.2,-10.2,56.3,33.7,-6.1,-0.9,62.8,50.4,42.1,10.2,13.5,-3.5,81,64.1,12.7,12.5,21.3
Jul-81,5.5,11.6,18.7,-10.3,-8.7,-7.8,53.6,34.1,12.4,1.6,69.3,65,61.8,34.4,27.7,17.4,91.4,71.5,38.8,21.4,41.1
Aug-81,16.8,12.3,16.7,-8.3,0.8,18.1,48.6,26.9,6.5,2.3,63.8,64.5,66.2,30.7,12.8,-12.5,90,72.9,31.8,20.8,37.9
Sep-81,7.5,21.9,28,0.3,-4.2,-14.9,50.5,31.9,-8.4,2.5,62.2,66.4,64,24.2,-3.8,-7.5,86.5,78.5,16,14.7,36.7
Oct-81,-13.2,-9.2,-0.9,-19.2,-8.8,-11.4,39,21.6,-16.9,-8.7,53.8,65.3,60.1,29.2,5.2,-7.6,81.6,60.8,18.9,15.1,22.9
Nov-81,-25.7,-23.6,-14.8,-31.6,-13.7,-25.1,40.5,12.8,-30.9,-22.3,61.9,57.2,48,20.5,5.2,-4.4,77.8,63.2,12.5,10.6,14.2
Dec-81,-34.5,-26.1,-19.7,-40,-20.2,-20.4,27,15.4,-35.3,-21.6,71.1,61.9,59.7,31.5,16.9,-4.9,78.3,56.7,27.4,19.7,16.1
Jan-82,-19.9,-10,-0.5,-31.9,-12.2,-18,22.6,8.1,-26,-12,68.1,67,63.5,43.3,18.3,4.6,74,56.1,27.5,30.7,15.5
Feb-82,-15.4,-10.8,-1.3,-25.9,-11.9,-26.2,21.7,8.9,-21.2,-9.3,67,68.8,63.2,30.8,15.2,10.3,72.5,57.1,25.7,22.6,22.6
Mar-82,-15.7,-1.2,-0.1,-21.2,-12.3,-24.8,23.7,10.5,-21,-8.4,48.3,50.9,45,25.8,5,2,74.8,50.8,23.9,7.9,12.7
Apr-82,-3.2,0,-2.8,-21.9,-14.8,-29.7,14.1,-2.9,-27.5,-10.5,67.3,68.2,60,32.6,17.9,9.5,71.8,52.3,35.7,23.3,6.8
May-82,-4.6,0.1,-2.3,-15.8,-15.7,-36.6,2.9,-2.7,-26.9,-14.5,68.1,71,62.9,31.4,10.4,5.7,67.5,49.4,34.3,38,6.5
Jun-82,2.2,11.7,6.4,-18.1,-11,-24.2,9.4,-2.1,-16.9,-11.9,66.9,66.9,58.3,33.2,9.4,11.7,57.7,39.3,38.3,25.1,7
Jul-82,2.8,-4.4,-4.5,-17.1,-13.3,-38.9,3.7,-6,-25,-18.6,73.7,67.7,61.2,31.3,3.4,3.1,60.5,36.6,33.9,22.3,12.1
Aug-82,-3.2,-7.3,-2.7,-29.4,-14.1,-23.4,9.9,-3.3,-28.5,-9.4,67.7,63.5,61.3,32.9,12.5,6.9,60.5,42.3,34,21.3,2.4
Sep-82,-13.6,-1.5,0.3,-24.9,-14.6,-28.5,5.3,-0.3,-29.7,-17.3,82.6,82.2,68.5,35.6,13.1,2.3,61.3,42.6,36.1,21.1,10.7
Oct-82,10.9,10.1,1,-16.2,-12.4,-35.7,8.4,-6.5,-20.1,-8.7,79.6,74.5,63.4,32.1,12.7,8.8,52.4,41,32.4,22.5,5.8
Nov-82,2.3,3.3,2.6,-16.4,-11.9,-28.7,7.1,-3.5,-25.6,-15.9,78.9,82.2,72.4,28,11.1,4.6,66.6,40.8,35.9,23.5,7.4
Dec-82,14.7,12.6,0.8,-14.3,-6.2,-24.6,5.7,-5.3,-22.7,-9.3,72.4,75.3,66.2,37.7,14.1,11.8,56.8,40.3,38.3,16.6,7.7
Jan-83,12.5,16.8,8.9,-13.8,-1.1,-23,-0.8,-4.2,-19.7,-12.1,76.9,74.9,63.1,36.7,9.2,9,46.7,41.4,44,20.3,4.2
Feb-83,20.2,24.2,14.2,-10.2,-2.2,-24.1,4.1,-5.4,-13.6,-7.1,75.9,71.4,62.4,30.5,6.6,8.9,61.1,42.6,34.7,20.5,3.1
Mar-83,32.6,22.1,19.7,-6.3,-2.5,-17.3,5.3,-1.3,-4,-7.7,77.2,72.6,65.9,48.2,12.6,17.5,57.2,44.2,38.8,28.1,17.9
Apr-83,37.2,28.9,33,3.5,4.8,-13.2,10.9,-0.8,3.8,2.6,76,78.9,74.4,45.2,18.1,11.4,66.7,50.3,38.1,23.3,26
May-83,37.6,36.3,27.2,5.5,2.7,-14.4,22.5,5.2,1.1,1.4,83.9,78.4,75.8,48.3,18.6,23.8,78.7,51.9,43.9,22.4,28.5
Jun-83,42.3,29.5,33.1,8,7.6,-15.8,23.2,9.8,4.3,9.9,80.4,84.6,76.3,58.5,33.3,24.5,81.4,58.9,45.1,30.4,35.4
Jul-83,49.5,37.4,36.8,19.7,12.2,-3.3,24.9,13.1,7.6,12.1,75.9,72.7,65.5,40.4,13.4,27.3,81,62.5,35.3,27.4,21.5
Aug-83,41.5,37.2,36,19.8,16.1,-6.2,33.3,19.1,13.6,9.5,82,79.6,74.8,26.6,11.8,22,78,58.8,44.4,26,30.8
Sep-83,40.7,28.7,25,9.3,7.5,-1.9,29.8,9.9,17.7,16.3,73,68.6,59.4,33.8,12.7,41,79.9,65.9,40,23.7,24.5
Oct-83,35.5,29.8,29.2,12.2,9.9,-7.3,39.3,15.2,12.7,11.5,71.5,65.9,61.9,29.1,9,23.3,78.7,49.8,31.3,21.1,19.8
Nov-83,45.1,39.9,37.9,14.4,10.5,6,33.5,23.1,16.9,16.8,65.1,64.6,59.3,28.6,8.9,14,72.1,58.6,28.1,19.6,38.3
Dec-83,41,29,33.1,7.3,3.6,-1.6,33.5,18.7,6.8,13.8,61.7,68.4,60.1,28.3,6.6,2.7,79.4,59.5,31.3,21.2,38.8
Jan-84,47,36.4,37.6,17.1,4.4,-5.1,33.5,21.7,15.5,9.3,63,59.4,54.9,27.9,5.4,15.2,80.8,59.6,17.7,13.3,44.6
Feb-84,25.8,31.2,24.2,4.1,-1,0.6,30.1,14.3,5.7,-4,63,64.2,61.1,29.9,8.2,22.3,83.1,59.5,39.1,17.9,34.1
Mar-84,35,29.6,28.6,12.8,10.1,-0.5,40.4,17.3,11.7,22.2,65.1,67.8,59.3,29.5,14.4,22.3,83,69,37.9,21,37.2
Apr-84,36.9,33.2,32.1,14.2,13.1,1.5,49.9,21.2,6.1,6.6,58.3,54.5,55.2,23.2,3.7,11.8,78.7,56.2,23.2,15.4,43.1
May-84,31.7,33.1,33.2,9.4,7.4,13.2,37.5,17.2,14.8,12.9,44.3,57.7,46.8,23,13.2,8.6,83.6,59.5,16.3,16.8,29.8
Jun-84,27.7,28.3,26.3,2.3,-0.4,7,34.5,13.7,2.7,8.8,39.6,39.4,34,8.7,5.5,3.5,78.1,59.3,9,12,27.2
Jul-84,1.4,-5.5,20,-2.8,3,9.5,42.1,19,1.1,-4.2,40.7,43.7,42.6,11,0,-0.2,77.1,53.3,15.2,6.6,14.6
Aug-84,23.7,14.9,26.8,-9.8,-1.6,-0.5,25,14.9,4.9,-4.7,41.4,48,42.3,11.3,10.8,13.9,76.5,52.3,9.6,12.4,26.4
Sep-84,22.3,23,30.9,-5.2,5.4,6.1,23.1,12.7,0.8,6.5,33.5,40.6,46.6,14.5,4,3.2,69.8,47.4,5.7,7.1,26.7
Oct-84,15.5,23.9,31.7,-15.7,-3.3,-2.4,17.3,11.2,1,-4.8,42.5,57.4,51.2,12.4,17.9,-11.2,78,48.3,18.3,13.3,31.1
Nov-84,2.7,3.6,20.2,-23.7,-4.1,-13,20.7,8,-3.8,-13.8,38.7,45.6,38.8,17,9.9,1.1,75,42,14.7,24.5,20.7
Dec-84,2.1,5.7,10.5,-8.4,2.2,-6.9,17.9,10,-5,-7.5,39.7,49.9,48.4,11,6.3,0.4,75.3,52.9,9.4,14.4,23.5
Jan-85,5.5,0.8,21.4,-11.6,0.5,-15.4,24.2,8.4,-7.6,-6.2,41.7,48.1,50.8,12.5,7.5,-8.9,62.1,40.2,3.2,16.9,25.1
Feb-85,10.9,13.3,20.5,2.7,-1.4,-8.8,20.1,3.8,-8.2,-0.8,46.2,52.6,45.4,10.1,11.8,-14.9,65,43.3,25.1,22.1,28.6
Mar-85,31,30.2,22.5,-1.3,-2.4,-12,16.7,7.9,-0.6,-5.6,47.7,52.7,52.5,5.5,9.6,-8.3,79.1,53.7,8.7,15.7,22.1
Apr-85,10,10.1,8.2,-25.3,-0.8,0.1,18.8,1.1,-8,-6.4,42,51.2,47.5,7.9,1.4,-19.4,69.2,34.6,12.5,9.7,23.5
May-85,8,17.3,16.7,-9,1.3,-26.2,16,15.2,-9.8,-0.7,38.2,41.6,39.6,1.9,0.3,-29.1,54.4,40.3,1.9,5,21.3
Jun-85,-2.4,-4.3,9.1,-5.9,2.8,-26.4,9.9,8.9,-9.3,-4.9,16.7,24.1,18.9,-3.3,-3.2,-17.4,61.1,31,-2.1,-6.2,10
Jul-85,11.5,15.8,33.3,-11.1,-1.3,-32.6,16.5,0.2,-8.4,-6.8,27.2,35.9,28.6,0.6,-3.1,-22.8,51.5,33.1,-9.5,-1.4,14.9
Aug-85,6.9,23,8.9,-4.8,-4.7,-18.6,14.4,4.1,-16.3,-0.5,21.7,32.1,31.9,3.4,-8.3,-24.1,55.2,32.9,-6.7,1.9,21.3
Sep-85,2.3,10,5.2,-5.5,-10.7,-25.4,13.8,4.2,-14,-7.8,30.4,31.7,30.8,5.2,8.7,2.5,45.2,23.4,-8.6,-1.3,5.8
Oct-85,6.2,17.1,13.8,-13.3,-8.2,-18.1,2.7,-0.5,-17.6,-8.7,25.5,25.9,23,9.5,-0.2,-18.8,46.6,27.6,-9.6,9.4,13.7
Nov-85,19.7,25.5,28.4,10.6,-0.8,-10,3.3,0.4,-6.2,9,32.8,28.2,36.5,-0.1,-0.8,-17.6,40.5,28.8,-7.9,6.4,21.7
Dec-85,13.5,17.5,13.7,-5.9,6.3,-17.9,8.9,-1,-5.4,-8.7,29.5,26.6,27.5,4.1,-6.4,-23.5,46.2,13.9,-12.2,0.9,15.9
Jan-86,22.4,28.1,25.7,-3.7,-2,-16.6,6.5,-2.2,-4.2,4.8,37.8,41.4,38.2,25.9,7.3,-9.7,47.8,29.9,-9.9,5.5,28.5
Feb-86,19.9,20.4,20.4,-2.1,2.7,-19.6,6.1,0.6,2.5,2.7,36.2,34.3,34.3,7.7,8.8,-16.4,43.7,28.3,-6.8,-3.4,18.7
Mar-86,14,13,19,-12,-0.6,-13.9,17.1,7.2,-9.9,9,27.5,31.6,28.3,10.4,1.5,-19.8,45.7,25.3,-3,-0.1,13.1
Apr-86,3.2,7.4,25.8,-12.3,-4.9,-18,-2.9,-2.2,-20.1,0.1,28.4,26.4,31.4,-7.2,4.9,-14,34.5,22,-12.3,3,3.9
May-86,1.9,0.4,7.3,-13.9,-4.7,-12.8,2.2,-1.9,-9.6,-5.3,19.1,17.6,22.7,-6,-8.1,-21.5,29.2,19.6,-10.6,-3.8,2.6
Jun-86,2.8,9.8,14.6,-9,-2.9,-18.7,0.2,-9.1,-6.9,-0.4,32.4,29.3,27,1.7,-4.4,-24.5,24,16.6,-5.8,-3.5,8.8
Jul-86,11.8,16.5,19.5,-2.1,-8.9,-21,4.4,0.9,-6,8.6,29.7,32.4,31.7,7.1,-1.4,-12.3,44.5,23.9,1.5,8.1,10.1
Aug-86,6.8,15.7,21.3,-2.9,-7.3,-10.2,-3.2,-7.1,-5.5,-5.5,28.6,27.3,24.3,5.6,-3.8,-9.4,30.6,17.2,-3.6,2.2,1.8
Sep-86,10.6,14.4,24.2,-1.2,1.3,-19.3,4,1.6,-0.7,-0.3,24,24,20.4,4.5,-0.6,-20.5,44,18.1,-6.9,2.6,1
Oct-86,9.1,14.9,14,6.8,-0.9,-10.1,22.8,3.8,0.3,-11.1,25.7,20.5,26.2,3.3,-5.8,-8.1,48,24.3,-6.2,1.1,10.7
Nov-86,16.4,10.7,14.1,5.7,2.6,-12.9,18.9,6.3,-0.1,3.7,26,34.9,25,5.5,-6.4,-18.8,48.6,21.1,-3.6,-5.5,19.2
Dec-86,22.8,19.6,19.8,3.6,-3.2,-4.8,17,2.5,6.3,-1,34.5,26.2,27.1,3.7,2,-13.4,44.5,21.4,-0.8,-13.8,3.2
Jan-87,5.8,14.6,7.8,-0.4,-0.2,-4.7,5.1,3.1,-1,-0.6,29.2,32.4,25,-2.4,-7.2,-32.4,48.7,27.7,0.3,2.9,1.8
Feb-87,9.3,13.1,15.7,-4.2,-5.6,14.6,17.1,3.8,1.3,1.4,33,29.4,33.8,3.5,-5.9,-0.4,56.9,30.6,-1.4,-0.2,16.4
Mar-87,5.5,13.6,12.8,-4.7,-5.4,-15.6,19.3,3.4,-0.3,-1.7,23.8,19.8,20.6,3.6,-4.4,-16.8,50.5,18.3,-3.3,-2,6.9
Apr-87,14.4,15.3,11.6,-5.1,-5.4,3.4,21.7,12.4,-4.8,5,7.7,16.9,5.9,-4.2,-7.5,-22.3,51.4,29.7,-15.7,-7.4,4.4
May-87,19.7,15.8,19.4,-4.3,-6.7,-12,29.6,1.8,12.6,3,8.1,16.8,10.2,-7.1,-14.6,-13.7,59.9,23,-5.6,1.3,17
Jun-87,13,16.8,26.7,-7.3,-2.7,-7.8,35.5,9.1,0.2,3.9,23.4,20.1,21.9,-0.3,7.4,-8.7,63.8,36.4,-7.5,4.9,17.3
Jul-87,15.5,17.9,13.2,4.9,-0.3,-8.4,36.7,3.1,6.2,10.8,23.2,21.6,17.9,2.8,-8.9,-16.1,54.6,26,-6.3,-4,8.1
Aug-87,30.1,29.6,27.3,5.4,8.8,-6.2,36.3,9.3,13.7,16.4,21.4,24.2,18.4,-1.8,-13.9,-17.4,63.4,20.2,-6,-4.7,11.7
Sep-87,26.3,36.6,30.9,3.6,-2.7,-6.6,49,18.2,7.5,9.5,23.2,27.9,26,-6.1,-18.2,-3.3,62.1,36.2,-1,0.7,28.4
Oct-87,27.2,22,39,2.9,9.3,-21.7,49,19.6,18,22.8,28.8,22.9,16.4,-12.1,-21.5,-4.5,67.9,38.9,1.8,-4.5,18.6
Nov-87,11.8,13.7,15.4,-5.9,-5.2,-7.6,37.5,17.2,7.4,-2.5,8.5,3.8,10.1,-3,-10.5,-12.5,72.8,39,-7,-17.2,13.6
Dec-87,29.6,38.4,39.3,13.3,-14.8,-10.6,43.9,24.5,11.9,19.1,32.5,14.3,27.9,-6.7,-22.6,-5.5,59.4,38.5,10.4,-1.7,15.6
Jan-88,3.5,14.1,17.8,-3.3,-2.5,12.6,54.6,34.3,14.4,0.7,10.5,8.7,10.5,-2.7,-21.7,-12.7,68.8,35.2,1,-7.9,10.9
Feb-88,18.3,18.7,26.6,6.8,3.8,8.7,50.1,23.7,11.8,9,1.6,11.4,7.4,-21.2,-20.9,-5.6,46.6,31.9,0.3,-9.8,16.1
Mar-88,12.8,12.4,24.5,-4.8,1.6,-1.1,45.6,23.3,17.7,4.1,-5.9,5.1,5.6,-29.8,-23.3,3.3,70.7,34.8,-2.1,-7.7,25
Apr-88,26.8,16.7,33.9,2.2,10.8,-3.1,57.1,26.2,15.8,10.9,10.4,12.3,15.3,-4.7,-18,5.8,68.4,35.6,6.3,-1.9,-1.8
May-88,17.8,23.5,27.7,-4.4,-3.7,5,52.7,15.7,16.7,2.4,22.6,25.5,31.9,15.8,0.9,-4.3,60.4,39.7,12.5,0.2,22.9
Jun-88,17.4,25.9,31.2,9.6,2.4,4,60.1,29.5,14.2,10.4,18.1,34.6,29.9,5.4,-7.1,-0.8,81.6,42.9,17.6,-0.7,23.1
Jul-88,23.7,24.4,28.5,2,7.5,5.9,53.2,28.5,13.7,5.3,24.4,25,29.4,6.3,-5.4,2.5,80.4,62.1,15.6,2.6,24.5
Aug-88,15.2,21.6,31.8,1.3,5.8,-8.3,61.6,29.8,3.6,7.7,20.9,17.2,22.1,1.9,-0.8,-18,76.9,55.1,15.3,8.3,24.6
Sep-88,25.6,32,31,9.7,3.9,6.8,58.6,26.4,17.5,14,22.5,28.8,30.3,1.4,-10.9,-14.3,69.6,47.8,17.9,4,31.8
Oct-88,27.2,36,42.9,11.6,11.1,6.9,54.5,17.6,21,14.7,12.4,19.5,19.2,0.6,-11.4,-6.2,61.1,45.6,7.3,1.1,26.1
Nov-88,27.2,34.6,39,8.3,13.3,8.7,53.4,30.2,13.2,7.5,17.6,21.9,16.5,-11.7,-0.8,-4.2,58,49.1,10.6,1.9,25.9
Dec-88,22.7,23.3,28,0.4,2.4,5.1,54.2,33.5,10,2.8,4.1,21.8,17.2,-1.8,-10.7,-9.4,74.7,57.9,6.9,6.7,38.4
Jan-89,28.2,24.3,26.5,8.6,-1,-4.4,55.2,32.1,8.9,11.8,-2.7,7.3,15.1,-12,-18.6,-7.5,72.1,51.3,9.6,-5.9,39.3
Feb-89,20.1,19.8,27.1,-1.4,-4,-9,54.6,36.7,8.5,2.1,-2.3,-1.3,13.5,-8.4,-21.7,-12,69.3,43.8,1.6,-14.7,24.4
Mar-89,18.2,29.4,24.6,-10.3,-2.5,-2.4,51.6,26.4,8.7,8.6,0.2,2.6,4.4,-12.8,-19,-10.5,65.8,45.3,4.4,-13.4,21.8
Apr-89,4.1,14.7,11.6,0,-4.3,-9.7,45.1,25.3,5.9,2.9,0.2,12.3,12.1,-9.4,-24.7,-16.7,62.7,40.4,-6.4,-19.3,27.1
May-89,-10.2,16.1,19.2,3.9,-6.6,-5.1,43.3,25.3,-2.5,0.5,-7.4,-1.4,9,-15.3,-22.1,-16.2,61.8,39.4,0.4,-18.7,20.5
Jun-89,-7.6,0,11,-15.7,-12.4,-0.6,41,19.6,-2,-7.8,-8.5,-5.3,-8.1,-27.4,-23.2,-24,52.7,32.3,-12.2,-22.3,9.8
Jul-89,-16.9,-8,8.8,-31.4,-14.7,-7.1,36.3,14,3.6,-9.6,-3.1,4.4,9.2,-16.2,-22.9,-15.2,55.1,32.1,-2.2,-6.1,19.3
Aug-89,-9.4,-3.6,4,-18.7,-13.9,-18.6,32.9,12.2,1.8,-13.5,-5.3,3.4,1.7,-20.4,-24,-11.4,44.2,20.2,-12.9,-22.9,20.8
Sep-89,-5.4,-1.4,13.7,-24.6,-10.2,-10,20.8,2.6,-6.8,-19.6,-7.7,11.1,7.2,-17.7,-20.1,-10.7,49.1,25.4,-11.4,-15.7,19.2
Oct-89,-6.9,1.5,7.8,-18.8,-7.8,-6.7,20.7,6.6,-9.9,-13.3,-1.8,6.1,7.3,-13.4,-13.5,-12,45.3,8.3,-13.2,-7.6,1.3
Nov-89,-4.2,5.1,13.7,-27.3,-17,-15.9,27.8,3.2,-0.7,-8,2.1,15,13.9,-9,-15.9,-8.7,39.4,19.6,-6.7,-8.6,9.7
Dec-89,-2.1,15.1,20,-18.3,-10.3,-10.6,19.9,-5.5,-4.7,-3.9,-0.9,7.8,7.1,-12.8,-12.4,-4.2,40.1,8.1,2.3,-16.8,6.6
Jan-90,-7.5,6.1,17,-22.5,-14.5,-15.4,21.3,1.9,-8.7,-5.8,9.7,14.3,13.3,-13.5,-18.1,-15.4,38.4,27.9,-4.2,-19.6,0.5
Feb-90,-22,-8.6,11.3,-30.1,-15.2,-11.1,22.1,3.7,0.4,-10.6,-0.2,1.7,5.6,-17.4,-23.6,-16.1,24.2,6.7,-7.7,-12.1,-5.6
Mar-90,-21.8,-13.8,-2.6,-23.4,-15.8,-13.7,27,4.3,-16.1,-12.3,13,21.1,20.7,-2.6,-17,-17.6,43.7,24.1,-7,-10.5,-10
Apr-90,-9,0.7,12.1,-28.4,-25.3,-11,29.3,6.3,-9.9,-17.1,13.5,22.5,24.2,-9.9,-16.9,-14,47.3,32.9,-8,-11,1.6
May-90,-16.5,-13,1,-20.6,-11.8,-1.4,26.7,5.6,-14.5,-14.6,13.8,21.2,21.3,-6,-19.6,-7.3,44.2,25.4,-7.8,-7.3,4.6
Jun-90,-8.6,-3.5,2.7,-21.6,-8.6,-14.1,5.9,-1,-15.2,-15.7,18.5,25.7,23.9,-0.2,-23.9,-3.4,42,31.1,-15.9,-7.4,7.9
Jul-90,-18.1,-6.3,5.5,-19.8,-19,-12.7,26.6,-7.5,-16.1,-24.2,5,6.5,3.2,-15.6,-22.5,-21.3,29.4,12.7,-25,-16.2,3.8
Aug-90,-18.1,-17.9,-2.9,-31.1,-16.7,-9.7,16.3,2,-19.4,-18.4,1.7,7.6,8.5,-12.4,-17,-25.4,38.9,17.7,-8.5,-4.1,4.3
Sep-90,-43.4,-30,-12.3,-44.9,-22.7,-10.9,41.9,1.2,-22.5,-21.4,-17.6,-6.3,-1.7,-27.7,-31.5,-14.4,63.7,22.9,-27.8,-18,-10.4
Oct-90,-48.2,-30.3,-26,-35.3,-20.4,-15.1,42,4.9,-20.2,-29.1,-10.9,-7,-6.2,-19.9,-21.6,-29.1,45,20.9,-26.3,-24.4,0.6
Nov-90,-27.1,-19.8,-7.7,-26.5,-22.3,-19.9,39,6.4,-26.3,-26.3,6.7,9.6,7.8,-13.2,-17.7,-30.7,54.7,24.4,-22.9,-11,-2.1
Dec-90,-37.1,-23.7,-11.4,-25.8,-27.7,-0.1,39.1,-4,-21.6,-27.2,11.8,9.9,7.5,-16.2,-17.4,-26.9,54.2,18.9,-27.5,-17.3,4.8
Jan-91,-32,-20.3,-10.7,-25.6,-19.7,-8.8,14.5,-6.9,-21.1,-27.7,-11.1,2.3,1.4,-21.8,-15.3,-16,28.9,12.1,-19.4,-8.4,-8.7
Feb-91,-22,-15.4,-7.6,-26.1,-17.8,-20.3,8.9,-8.6,-21.6,-26.6,26.6,30.2,35,0.4,-11.3,-14.7,37.4,24.6,-10.3,-0.9,9
Mar-91,-11.6,-2,-3.6,-20,-14.5,-20.7,7,-10.8,-18.6,-25.1,39.8,34.1,38,-1.1,-6.3,-12.6,33,19.8,1.9,1.1,10.6
Apr-91,-6.5,-0.2,4.4,-20,-16.2,-1.3,11.6,-16.7,-24.5,-19,40.6,41.3,34.1,6.7,-0.1,-3,38.8,22.9,7.6,8.1,25.5
May-91,3.9,10.1,6.2,-11.7,-8.7,-19.8,0,-18,-11.2,-10.5,51.9,49.9,48.1,12.5,1.3,-20.3,38.3,14,6.1,15.5,16.5
Jun-91,13,11.4,7.7,-7.2,-6.2,-9.3,4.2,-11.4,-9.1,-5.2,59,54.4,45,20.8,10.4,-9.2,30.9,25.2,15.5,21.7,25.3
Jul-91,19.9,16.2,19.2,-1.5,0.4,-30.7,5.2,-7.6,-13.5,-2.2,63.2,61.9,52.3,21.4,9.7,-2.9,49.5,31,23.7,18.7,27.4
Aug-91,27,29.8,20.5,1.6,-0.5,-20.4,9.2,-8.3,-8.3,-2.1,66.7,61.6,58.5,23.3,9.5,-2.5,46.2,35,17.2,12.9,18.3
Sep-91,20,14.6,17.5,6.9,-0.2,-28.5,8,-2.8,0.9,-1.2,71.7,67.8,61.2,30.5,6.2,-1.1,40.7,31.2,21.2,21.3,15.1
Oct-91,9.5,4.3,11.6,-10.4,-6.8,-21.9,13.8,-2.8,-11.5,1,71.5,70.4,62.5,24.6,4.1,-4.6,49.8,29,5.7,18.1,20.8
Nov-91,1.3,0.5,-7.7,-6.3,-2.4,-11.7,7.6,-7.6,-9.3,-5.9,64.6,54.9,52.2,22.1,-4.2,-5.7,41.6,32.7,21.7,19.1,13.9
Dec-91,-18.7,-11.2,-3.5,-14.9,-3.7,-17.4,9.6,-1.4,-21.2,-21.8,65.4,57.4,55.6,26.8,-5.2,-5,32.8,22.9,15.9,22,18.1
Jan-92,-2.2,-4.5,16.3,-22.1,-16.5,-4.7,-2.4,-17.9,-7.9,-11.8,52.1,48.2,44.1,22.4,0,-10.2,31.4,19.4,3.3,21.3,22.8
Feb-92,0.6,12.4,6.1,-7.5,-8.9,-13.6,5,-16,-19.9,-9.1,57.2,49,42.6,18.5,0,-2.8,34.2,20.3,13.2,17,27.2
Mar-92,15,9.8,12.9,5.1,-1.4,-2.8,13.2,-5.1,-5,-9.1,46.8,47.3,45.3,19.5,4.4,-11.1,36.5,19.6,6.2,19.6,22.7
Apr-92,20.1,20.2,18,-1.3,-0.8,-11.1,8.9,-2.3,-6.1,2.4,56,53.4,49.7,23,2.4,-11.2,35.2,22.7,14.6,21.1,20.2
May-92,17,11.3,10.8,-5.6,-7.9,-0.1,16.8,0.2,-4.6,-6.1,56.3,57.3,54.8,18.4,3.4,-4.8,33.5,20.8,20.6,17.6,15.9
Jun-92,15,14.7,18.9,-10.7,0,2.7,13.1,2.2,7.7,0.9,66.4,55,59.3,20.8,1.9,-2.2,38.9,20.2,28.4,26.6,32.7
Jul-92,27.8,20,16.3,-5.9,1,7.6,10.2,-2.4,3.4,2.4,52.7,51.4,50.5,12.3,-8.4,4.8,30,20.5,16.3,25.3,20
Aug-92,16.7,19.2,22.7,-0.6,-0.9,2.2,14.4,0.5,-0.5,6.7,54.6,48.9,52,20.9,-1.6,-4.9,32.9,17.5,4.8,26.8,23.8
Sep-92,21,22.7,20.8,-1.8,-6,0.8,7.6,-2.7,0.2,3.7,56.8,56.4,58.1,22.6,11.2,-7.2,36.4,33.4,23.3,29.2,26.9
Oct-92,-4.9,0.5,3.9,-5.2,-5.8,-4.4,3.2,-6.3,-10,-3.5,55.5,54.1,50.4,21.3,1,-6.2,43.2,27.2,14.4,19.6,24.2
Nov-92,18.2,21.4,26.6,-4.5,-0.3,-10.6,0.3,-8.5,-8.4,-2.2,60.5,59.6,58.4,23.2,9.8,-5.5,35.6,23.6,13.4,24,14.8
Dec-92,25.4,19.7,25,-6.2,-5.7,-17.1,4.2,-4.5,0.1,-0.1,53,50.9,52.2,14.2,6.1,0.8,41.1,26.5,9.6,16.4,21
Jan-93,31.1,28.7,30.4,16.2,3.3,-19.6,6.6,4,0,11.2,54.7,52.4,49.7,18.8,10.8,-2.1,46,27.1,13.6,24.2,22.7
Feb-93,34.3,29.7,35.3,14.2,6.9,-11.8,19.1,1.8,3.6,4.7,63.9,49.3,49.9,15.2,10.4,-5.3,45.8,30.2,8.6,22.5,20.9
Mar-93,16.2,14.4,15.4,0,-3.7,-8.3,14.3,1.4,-5.5,3.4,47.3,46.4,42.6,20.8,-1.3,-6.2,41.5,27.2,1.6,20.2,27.1
Apr-93,23.3,19.8,19.1,7.1,-0.6,1.3,14.5,6.4,-2.9,4.1,40.1,35.5,40.5,-0.8,-7.8,-13.7,43.9,27.5,3.9,11.7,21.4
May-93,14.8,14.3,18.6,-1.2,-3.4,-11.8,17.7,1.5,2.7,0.1,28.4,23.9,21.4,0.3,-2.3,-15.7,46.1,25.8,-4.3,4.5,18.4
Jun-93,3.5,6.4,11.6,-3.2,-10.7,-9.4,15.1,-1.9,-8.9,-7.2,32.1,29.3,27.2,5.4,-8.6,-21,47.6,14.2,-5.3,-2.2,11.5
Jul-93,-3.2,3.3,9,-3.1,-8.2,-3.3,17.7,-0.5,-12.3,-5.7,38.4,36.4,40.5,8,-5.2,-16.8,40.4,15.7,-6.2,-1,-4.1
Aug-93,-0.3,3.1,0.1,-8.9,-10.4,-4.9,8.5,-7.3,-13.5,-7.9,39.7,41.8,39.4,6.5,-4,-12.9,40.1,20.1,0.9,11.8,16.1
Sep-93,7.3,10.2,10.5,-13.1,-8.3,-2.8,12.4,-6.3,-7.2,-5.2,37.2,36.6,39.5,9.5,1.9,-7.2,36,13.1,-3,5.8,18.2
Oct-93,8.9,9.6,10.9,-1.1,0.8,-6.9,3,-6.7,5.3,-3.8,42.3,43.8,44,23,-3.4,-7.8,47,19.5,13.4,18.3,23.5
Nov-93,18.9,21.8,10.8,2,-4.7,1.7,11.8,-1.2,-5.3,-7.6,34.5,39.9,38.3,3.5,-11.6,-12,23.7,14.4,2.1,15,30.9
Dec-93,41.4,31.3,44.4,-0.7,-4.6,-3.8,12.3,1,4,15.5,47.1,46.5,42.9,5.6,-1.5,-14.3,37,25.6,3.7,4.6,23.2
Jan-94,27.2,24.1,24.7,0,0.9,-9.7,22.7,14.5,6.3,9.8,45.5,46.2,46.9,16.8,-5.2,-0.9,38.7,21.9,11.7,9.1,21.6
Feb-94,21.3,16.9,20.6,5.4,4.2,8.1,27.7,15.1,4,11.5,36.1,31.9,34.5,0.9,-5.9,-12.2,39.4,27.4,-0.9,2.1,21.6
Mar-94,19.8,25.9,26,4.6,1.1,-2.4,15.9,9.3,4.8,14.3,45.5,43.7,40.2,8.3,-5.4,-2.9,48.4,27.6,7.2,6.7,29.6
Apr-94,16.7,22,25.5,7.4,5.8,2,33.1,9.5,9,-1.9,41.8,34.3,33.2,14.7,-2.8,11.4,40.7,16.4,3.6,7.8,23
May-94,22.1,23,36.2,4.7,6.6,9.3,28.1,11.9,5.2,11.5,32.5,28.4,32.7,4.4,-17.3,-10.1,30.8,26.1,5.6,7.6,29.5
Jun-94,25,19.7,29.8,4.8,-0.1,-7,31.5,11.5,3.4,5,29.1,32.4,34.4,-2.2,-10.3,-17.5,39.6,29.2,7.4,2.9,25.8
Jul-94,17.8,16.6,16.1,-9.3,5.4,-6.8,36.6,16,4.5,0.1,28.9,27.1,24.4,0.8,-8.5,-11,52.8,33.2,5.6,6.5,26
Aug-94,18.5,10.4,21.6,-3.5,2.4,5.6,46.1,22.9,4.3,-1.7,29.7,33.5,31.4,4.2,-10.4,0.6,55,40.5,6.3,-1.5,24.9
Sep-94,18.5,13.8,17.2,-7.1,-9.8,-6.2,44.5,16.6,2.3,-2.1,29.7,31,30.6,-1.1,-8.5,-15.9,53.6,28.2,0.5,0.3,15.3
Oct-94,26.1,20.1,24.2,-0.3,-1.1,-9.3,51.8,24.9,9.7,16.5,25.9,28.3,30.2,-4,-11.3,-17.8,49.2,27.8,11.1,0.1,23.9
Nov-94,24.7,16.5,26.8,-6.8,5.3,-3.7,54.9,22.6,10.8,11.8,27.3,27.1,26.4,6,-12.6,-9.4,48.5,31.7,-0.7,-1.3,30.9
Dec-94,23.3,14,22.8,1.9,-1.1,6,43.4,16.4,2.6,2.4,12.3,14.8,19.7,2.8,-12.7,-26.8,61.3,31.1,2.5,0.5,11.6
Jan-95,8.8,8.3,9.8,-3.4,-8.8,-13.2,54.8,23.1,1.7,-7.4,16.6,21.3,17.4,-9.7,-21.4,-26.3,46.7,31.1,-2.7,-0.1,28.2
Feb-95,9.2,10.9,25.5,-11.8,-8.7,-3.1,47.4,15.7,9.9,-0.5,8.7,10,13.6,-12,-16.2,-17.5,49.6,27,-9.7,-2.1,13.6
Mar-95,2,6.7,12.3,-12.5,-15.2,-10.1,42.3,15,0.1,-7.2,-6,-8.9,-6.3,-27.8,-29.4,-12.9,41.9,25.3,-7.8,-15.4,8.2
Apr-95,-11.1,-7.6,-2.3,-27.5,-15.7,-9.7,32.6,6.3,-18.5,-11.5,-1.1,5.3,5.4,-7.3,-13.4,-16,38.3,23.6,-8.6,-9.5,11.4
May-95,-8.5,-12.9,-2.4,-18.4,-16.7,-17.4,30.9,6.2,-14.8,-19.8,14.8,14.4,10.5,-3.4,-22.6,-19.2,31.1,11.7,-2.4,-11.4,5.3
Jun-95,-20.8,-20.5,-8.6,-28.6,-24.8,-6.3,25.7,-1,-13.8,-16.2,15.3,15.8,11.1,-7,-4.7,-12.7,32.5,22.5,-7.8,3.9,-7.7
Jul-95,-20.2,-17.1,-12.9,-42.6,-23.3,-15.6,23.1,-5.3,-20.1,-22.4,23.4,25.2,26.3,-1.9,-4.7,-9.5,21.3,14.8,0.2,6.1,11.9
Aug-95,1.2,-6.7,9.2,-14.7,-16.8,-16.9,17,-5.2,-13.4,-5.1,28.5,25.5,27.3,8.8,-0.8,-7.9,33.5,23.3,5.8,6.7,16.9
Sep-95,26.2,30.2,27.3,5.1,-7.3,-6.4,13.9,3.1,8.9,-2.6,27.4,24.3,22.4,3.4,-3,-12.3,25.2,30.1,5.7,11.8,21.5
Oct-95,21.7,16.6,15.9,-1.4,-4.9,-1.5,24.9,1,2.4,-5.3,31.6,39.8,42,9.4,0,-2,29.7,20,7.7,14.4,15.8
Nov-95,5.5,7.2,-1,-4.8,-2,1,9.9,-5.9,-3.2,-6.4,29.3,25.3,25.4,2.5,-5.2,-12.5,31.9,15.9,3.8,5.2,15.4
Dec-95,19.6,13.5,13.7,-5.3,-0.8,-15.2,2.3,-6.1,-10.9,-10.9,7.3,10.3,9.6,0.2,-14.6,-17.6,12.8,11.6,-4.9,1.7,20
Jan-96,-14.7,-16.3,10.9,-32,-9.3,-7,12.3,-7.4,-9,-9.3,23.2,13.4,17,1.8,-12.6,-25,32.1,5.5,-17.6,-12.4,6.9
Feb-96,4.8,1.3,13.3,-17.3,-12.5,-13.3,-1.2,-16,-7.9,-10.8,28.2,26.6,22.4,-1.6,-14.9,-18.5,14.3,6.1,-4.2,-3.2,17.4
Mar-96,-3.5,-1.4,-2.8,-11.9,-3.6,-12.5,-0.1,-9.3,-4.3,-13.7,19.8,19.6,17.6,3.5,0.7,-13.5,26.6,8.8,-2,-0.6,4
Apr-96,21.3,16.7,25.1,-13,-14.1,-17,11.1,-5.1,0.3,2.5,23.7,30.1,31.4,-4.5,-12,-12.5,25.3,10.9,5.7,0.8,29
May-96,19.6,24.2,27.3,-5.6,-7.8,-10.7,11.3,-3.1,3.9,4.7,28,33.4,28.2,5.7,-6.1,-3.9,27.3,17.9,8.8,7.4,20.3
Jun-96,21.2,23,26.7,6,0.7,-13,15.2,-2.6,3.1,1.6,41.7,37.6,42.6,14,-7.3,-9.7,26,17.6,10.6,9.1,16.4
Jul-96,29,26.6,33,-1.9,1.5,-6.7,11.9,-1.6,7.6,5.6,38.2,42.6,40.3,16.4,-4.3,-7.1,33.7,17.1,17.6,9.3,20.8
Aug-96,13.8,16.1,17,-1.6,-5.9,-15.7,7,-3.1,2.6,-0.7,25.6,26.8,24.9,-1.8,-8,-20.9,29.9,13.4,0.8,4.2,9.1
Sep-96,12.9,18,25.1,3.5,-3.8,-12.2,15.9,3.9,7.8,-0.1,23.2,28.9,24.5,-1.3,-14.3,-12.7,35.1,17.1,7.3,-2.8,13.9
Oct-96,8.2,10.4,12.2,-10.2,-13,-4.5,19.3,3.2,-0.4,-5.9,21.3,23.5,26.3,5.9,-5.4,-23.8,26.6,11.5,3.6,0,16.1
Nov-96,11.1,11.5,17.5,-5.7,-8.3,-12.4,13.3,-1.6,2.2,-4.5,18.5,30.2,32.2,6.2,-6.8,-6.8,29.5,11,15.5,6.6,19.4
Dec-96,8.1,11.3,12.9,-6.5,-7,-2.6,11.6,2,-0.9,1.9,32.2,32.4,29.9,-0.4,-2.2,-7.8,31.4,12.6,13.2,7.5,14
Jan-97,12.8,19.2,14.5,-10.8,-10.3,-4.5,7.8,2.3,5,6.1,26.2,37.4,38.6,1.6,-3.3,-17.4,29.4,16.7,10.5,4.2,13.4
Feb-97,16.9,18,11.9,-5.1,-5.3,-8,12.2,3.9,2.6,-0.1,27.8,36.7,36,12,9,-7.5,32.4,15.2,16.9,15.5,19.2
Mar-97,13.4,16,19.4,-9.5,-3.4,-13.2,11.7,-3.3,4.4,-0.2,23.2,30.3,32.9,4.1,-7.7,-12.5,32.2,20.7,10.4,5.7,17.2
Apr-97,6.6,9.9,15.8,-5.9,-8,-7.8,16.8,-2.1,4.8,-0.6,23.8,30,27.4,2.2,-2.9,-14.5,33.7,13.7,11.8,9.2,13.3
May-97,1.1,5.6,9.9,-6.5,-12.6,-13.5,15.3,-1.6,6.2,-2.8,15.4,9.5,16.4,-11.8,-7.5,-20.1,33.6,6.6,5.3,1.7,16.1
Jun-97,18.2,16.6,8.6,-2.3,-4.1,-5.2,13.5,0.7,8.6,-3.1,18.8,18.5,19.1,-4.2,-9,-8.9,23.3,9.8,10.7,-3.8,22.8
Jul-97,20,25,24.7,-0.4,-4.9,-6.2,17.4,3.5,5.4,-1.3,14.6,16.8,16.3,-3.6,-11.4,-15.9,19.1,11.3,9.9,3.4,17.1
Aug-97,17.2,17,16.9,-4.9,-2.3,-5.2,17.2,0.6,9.7,-0.1,17.3,17.1,16.9,-4.3,-14.6,-9.7,15,4,5.8,-0.8,15.6
Sep-97,19.1,21.1,15.8,-1.8,0.1,-4.4,12.9,-1.4,-2.7,-3,24.8,30.9,36,2.5,-9.7,-0.5,30.3,13.9,3.2,8.4,17.5
Oct-97,19.3,17.1,14.3,-7.2,-8.7,-12.2,17.1,1.1,2.6,-0.5,28.2,28.2,27.9,-12.9,-14.2,-7,34.7,13.8,15.8,4.3,15.5
Nov-97,19.8,17.4,15.4,-5.9,-6,-7.1,17.6,5.3,3.6,-1.7,29.7,28.9,26.2,4.3,-8,-5,34.3,14.4,9.3,6.3,19.3
Dec-97,15.6,16.2,12.2,-7.8,-8.1,-8.2,20.3,1.9,9.4,1.8,26.9,27.8,27.3,7.4,-5.4,1.6,28.7,18.1,15.1,10.5,23
Jan-98,18.6,15,16.4,8.6,7.3,-4.7,16.3,3.3,0.8,6.1,18.5,29.1,22.9,4.9,3.7,2.7,27.5,12.1,15.1,10.8,17.6
Feb-98,13.2,21.9,16.7,-0.3,-5.7,-6.9,11.2,0.4,15.1,9,15.6,24.6,24.9,-0.4,-3.5,-8.5,24,12,10.9,4.3,15.1
Mar-98,10.4,14.7,12.4,-2.4,-4.4,-2.9,9.9,-1.9,9,-0.2,27.7,28.5,35.2,0,-1.8,-9.3,22.5,8.2,12.5,7.8,21.7
Apr-98,8.7,11.1,13.9,-4.6,-4.7,-16.2,3,0.8,-4.6,-9.1,22.5,29.8,25.1,-2.7,-4.8,-5.6,23,9.7,8,-3.2,21.4
May-98,13.2,16.2,11.6,-0.1,1.2,-1.4,2.8,-1.3,4.5,-1.1,23.9,29.5,30.4,2.5,-4.7,-12.2,20.5,10.9,2.6,4,16.7
Jun-98,24.1,17.5,21.3,2.2,-5.9,-6.7,2.9,-2.5,5.8,4.7,6.1,13.4,15.3,-5.6,-7.3,-5.8,27.3,8.3,1.4,-4.2,19.7
Jul-98,8.3,8.8,6.6,5.9,5.6,-10.1,-4.6,-6.6,4.5,-3.8,-5.1,2.9,-2.5,-23.5,-18.1,-11.6,26.1,9.6,0.6,-14.5,12.5
Aug-98,10.4,10.6,18.1,-6.6,0.3,-14.2,-7.6,-8.4,5.7,-2.4,5.9,19.4,19.5,-3.7,-9.1,-12,15.4,5.7,9.8,0.5,19.2
Sep-98,-14.2,-1.5,8.2,-9.5,-5.8,-14.8,-4.9,-10.9,0.7,-3.7,2.5,14.5,12.2,-3.5,-5.8,-18.2,9.9,-3.1,6.8,-11.3,2.9
Oct-98,3.5,7.6,15.1,-10.3,-1.3,-15,-9.7,-11.7,8.5,-0.6,2.4,14.8,11.3,-3.1,-10.5,-6.5,5.9,1.2,5.6,-6.9,9.7
Nov-98,-4.7,-7,-0.5,-11,-8.2,-14.2,-9.2,-14.2,3,-17.9,10.2,18.2,9.4,-5.8,-15.1,-20.4,1.1,4.5,-7.6,-8.2,16.5
Dec-98,4.6,7.1,14.3,-4.5,-6.9,-15.7,-8.1,-11.8,3.3,6.9,17.3,30.1,27.6,-2.2,-12.7,-20.1,13.8,2.8,8.3,-1.8,11.3
Jan-99,13.8,18.5,17.2,-4.3,8.7,-17.5,-7.6,-14.4,2.1,-7,26.1,31.2,27.1,0.9,-1.8,2.6,16.2,4.4,11.4,14,20.4
Feb-99,15.1,17.5,14.1,-5.8,-3.3,-9.6,-6.8,-6.3,-0.5,-6.7,25.4,26.9,28.1,2.6,-7.4,-9,11.6,2.9,10.1,5.6,22.2
Mar-99,4.3,19.5,12.7,-2.6,-6.4,-10.4,0.8,-8.9,-1.2,7.4,22.1,27,27.3,-9.5,-13.4,-6.5,15,3.4,11.6,3.7,19.1
Apr-99,20.6,18.2,12,-1,-0.3,-1,2.2,-7.9,2.7,8.1,22.4,25,27.9,0.4,-8.3,-3.3,14.9,-2.8,6.2,8.7,23.3
May-99,13.1,19,16.3,-5.5,-5.7,-16.1,2.6,-7.4,3.4,1.2,24.6,25.3,31.3,8.3,-6.1,0.6,20.4,1.1,7.7,9.8,23.7
Jun-99,5.8,14.3,10.5,-8.2,-1.2,-11.8,9,-10.6,1.8,6.2,12.5,23.9,23.1,-0.2,-11.5,-17.1,23.9,4.7,6.6,5.3,21.4
Jul-99,9.8,10.8,15.6,-4.9,-4.1,-9.8,14.9,-3.8,1.1,-1.5,9.7,15.8,15.3,-3.1,-2.4,-1.8,23.6,1.8,0.7,-6.1,18.6
Aug-99,13.7,17.5,16.2,3.3,-1.7,-6.9,12.4,2.5,3.5,4.9,20.2,27.4,22.6,1.9,-3,-2.1,26.9,13.6,11.6,13.3,21.4
Sep-99,13.9,9.9,8.7,-2.3,-5.2,-2.2,11.5,2.4,8.6,-3.3,-6.4,8.7,8.5,-4.4,-9.2,-1.8,27.6,10.9,10.9,-4,23.7
Oct-99,16,28.8,25,0.3,-6.3,-9.9,27.3,5.5,9.4,6.1,10.8,22.1,22.4,-4.8,-5.6,-3.9,47.1,15.8,19.9,8.8,24.3
Nov-99,20.9,19.8,31.7,0,-0.6,8,26.9,10.8,16.7,5.9,21.1,29.6,28.3,8.9,-6.3,-1.8,39.4,11.5,21.4,12.4,19.1
Dec-99,14.2,16.6,15.2,-1,-7.9,2.9,26.1,3.5,15.7,1,27,28.5,23,8.1,-2.5,1.9,37.9,14.9,7.4,3.5,16.6
Jan-00,11.3,4.4,16,-0.9,-3.2,4.7,25,8.7,12.2,0.2,22,21.2,21.1,5.4,-9.3,-11.3,44.9,24.3,11.1,2.9,22.6
Feb-00,14.5,10.6,20.9,4.4,-0.8,-6,38.5,8.8,14.7,7,20.2,37.7,33.9,7.8,-10.6,-2.7,56.4,20.7,24.2,8.5,37.9
Mar-00,19.4,16.9,21.6,2.8,-1.1,2.7,30.1,7.6,13.5,15.3,8,17.6,12.8,9.6,2,-5,38.4,21.2,4.4,1.1,19.4
Apr-00,10,15.9,15.2,-0.1,0,5.7,30.4,16.2,13.1,5.4,4.1,7.2,5.8,3.1,-6.9,-10.9,32.2,13,5.2,-3.2,14.7
May-00,13.9,14.2,12.5,-4.4,6.9,5.5,29,5.8,7.3,4.3,6.7,8.3,8.7,-9.3,-17.9,-8.4,38.8,18.3,13.2,-6.2,20.9
Jun-00,2.6,7.1,4.8,-12.4,-11.3,-1.7,27.3,5.5,3.4,-3.9,8.3,17.6,13.2,-0.8,-5.3,-6.5,40.8,18.8,12.8,-3.1,12.4
Jul-00,4.7,7.7,14.9,-10.8,-6.3,-1.6,27.4,7,7,3.9,15.9,24.7,17.8,-1.1,-8.5,-4.5,34.2,10,10,-6.7,25.2
Aug-00,17.1,14.4,14.6,2.6,-10.3,-12.7,27.7,1.5,14.1,1,12.8,11.8,9.7,-2.4,-2.3,-9.1,35.8,16.9,12.8,-11.3,23
Sep-00,5.5,13.3,14.1,-16.6,-15.1,-1.2,24.2,-0.6,6.8,-0.4,20.6,27.6,18.9,9.9,4.8,2.9,45.2,19.1,9.7,-3.3,31.7
Oct-00,1.8,3.9,-8.6,-2.1,-5.9,6,26.2,3.6,2.1,-9.3,11.4,16.4,9.7,-2.1,-2.5,-17.4,35.7,10.6,3.5,-3.9,23.7
Nov-00,7.1,2.5,18.9,0.2,-9.8,-4.7,23.1,1.1,-4.2,-0.8,5.9,12.4,1,-11.2,-7.7,-10.8,44.4,15,-0.8,-3.4,16.4
Dec-00,-7.8,3.7,3.7,-14.9,-12,-10.2,17.6,-1.3,-10,-13.9,-3.3,4.3,7.5,-6.9,-9.2,-17.5,28.7,7.5,7.1,-4.3,26.1
Jan-01,-36.6,-28.7,-30.9,-23.3,-17.9,-9.6,15.2,-3.6,-21.2,-26.8,-9.7,5.6,-2.5,-11,-20.5,-7.5,26.4,13.4,-15.9,-5.3,5.7
Feb-01,-29.4,-18.8,-32.1,-14.9,-10.5,-3.2,12.2,-2.9,-8.6,-24.5,8.7,15.4,11.8,-4.3,-5.1,-12.4,18.6,13.5,-3.4,-3.1,-6.2
Mar-01,-20.5,-5.9,-4.7,-19.6,-24.3,-23.7,11.2,-5.2,-9.2,-12.4,21.8,26.2,24.3,-2.3,-12.9,-24.2,24.2,9.7,-0.9,-2.2,4.5
Apr-01,-10.7,-7.4,-2.6,-19.1,-17.8,-18.9,4.1,-9.3,-13.1,-26.1,30.9,31.2,33.5,-0.5,-12.1,-17.7,25,12.4,15.1,1.6,2.3
May-01,-11.8,-6.2,-2,-16.8,-12.7,-11.2,-0.7,-5.2,-14.2,-18.7,32.9,36.6,29.3,0.8,-1.7,-19.4,13.5,14.8,5.4,4.7,9.8
Jun-01,-7,-8.2,-6,-12.8,-13.7,-19,14.5,-8.1,-13.8,-16.1,50,48.9,43.5,9,-4.3,-13.8,17.3,10.2,11.5,14.2,2
Jul-01,-12.6,-5.5,-16.1,-16.7,-13.8,-18.2,-2.4,-10.7,-10,-19.5,34.3,39.6,40.6,19,-5.9,-18.9,19,11.9,3.3,10.7,0.8
Aug-01,-18.1,-17,-12.7,-21,-27.1,-23.7,-10.6,-11.9,-11.3,-22.3,36.8,43.9,40.2,14.2,-5,-15.9,18.6,12.4,-4.9,12.4,5.4
Sep-01,-8.2,-0.9,-7.8,-12.3,-13.1,-25.8,-13.9,-13.2,-17.5,-18.2,43.5,42.3,45.5,13.4,-5.2,-28.2,9.1,8,2.7,16.5,8.6
Oct-01,-23.6,-10.8,-10.9,-12.6,-14.8,-19.1,-16.6,-12,-25,-20.5,47.4,49.8,51.3,16.8,-3,-12.9,10.8,12.9,-0.6,15.6,6.8
Nov-01,-17.7,-18.3,-15,-13,-9.5,-14.1,-14.1,-11.7,-21.2,-11.1,42.4,42.2,38.1,14.7,0.4,-14.3,13.1,8,5.1,12.9,0.3
Dec-01,-11,-6.3,-8.8,-15.6,-11.3,-13.2,-9.5,-12.8,-20.5,-15.5,46.5,40.7,38.9,6,2.1,-7.7,14.7,15.1,9.5,15.4,11.2
Jan-02,10.5,8,9.5,-7.5,-11.3,-14.4,-4.1,-6.6,-9.2,-9.1,58.9,57.1,53.3,23.3,4.2,-1.7,23.5,15.9,14.8,21.9,24.3
Feb-02,11.1,8.5,10.2,-7.3,2.5,-10.5,-5.6,-5.2,-15.5,-5.8,54.9,54.6,52.5,17,10.3,-5.1,17.9,15.9,12.8,21.5,10.2
Mar-02,12.2,8.7,6.6,-2.3,-4.5,-7,-0.8,-0.4,-6.6,-6.6,57.6,53.8,51.6,24.6,1.7,0,30.7,17.5,19,24.9,10.6
Apr-02,12.6,12.7,13.2,1.6,-6.7,-13.9,3.4,0.3,-3.6,-3.8,54.3,54,47.6,12.3,-2.5,15,33.1,23.2,19,23.4,14
May-02,10.1,12,15.6,-11.1,-9,-17.3,15.8,3.5,2,0.9,54.4,58.6,51.4,19.7,4.9,2.9,33,22.3,18.6,20.1,12
Jun-02,20.4,21.1,15.6,8,-1.3,-9.8,21,8.1,-1.7,1.1,53.2,45.3,44.3,14.9,9.8,-0.8,35.2,23.6,12.2,24.2,22
Jul-02,5.9,6.8,7,-6.8,-10.7,-14.1,22.4,2.2,-9.4,-9.2,50.2,51,44.2,15,6,-4.1,33.6,26.7,17.6,23,20.4
Aug-02,-1.3,2.9,0.9,-10.5,-5,3.8,22.2,1.7,-9.7,-5.5,39.9,41.8,40.4,12.9,-1.6,-3,33.3,9,2.8,9.7,5.8
Sep-02,4.4,4.4,9.8,-6.8,-1.9,-9.3,18.7,3.1,-3.4,-0.8,41.1,40.5,41.4,17.2,2.5,-0.3,35.3,13.4,13.4,13.7,16
Oct-02,-7.6,2.4,0.7,-16.9,-9.9,-4.4,19.3,-4.5,-3.5,-4.1,49.1,45.6,46.2,16.2,5.2,-1.6,36.1,20.9,16.7,19.6,16.4
Nov-02,7.4,10.3,6,-4.4,-8,-4.6,16.9,-4.5,0,-4.1,44.8,42,43.8,16.7,-1.3,-5.7,16.7,10.3,15.9,11.9,26.2
Dec-02,7.2,6.8,-1.6,-4.6,-2.9,14.6,17.3,3.5,-4.6,-3.4,49.5,46.1,46.1,14.6,2.2,-2.6,24.4,19.4,12.8,22.4,10
Jan-03,5.5,10.3,15.8,-3.8,-5.7,-13.6,12.4,6.1,-6.2,-1.5,39.6,39.8,37.4,13.2,5.1,-4.2,17,8.3,9.8,12.8,10.4
Feb-03,-1.6,9.4,-1.2,-6.4,-15.8,-11,16.9,0.7,-3,-9.3,27.5,33.1,32.6,5.8,-2.5,-1.3,28.4,4.8,16,9.8,12.4
Mar-03,-3.9,-0.2,2.5,-7.9,-10,-7,21.5,-5.5,-8.5,-7.6,48.3,47,45.4,13.4,4.5,2.5,37.2,19.1,7,11.8,17.1
Apr-03,-6.6,-8.5,-5.1,-14.8,-6.9,-5.7,20.3,7.3,-10.5,-7.3,49.1,48.4,45.9,15.4,2,-2.2,19.4,15.6,11.7,11.8,13.4
May-03,-0.6,1.7,1.7,-8.9,-9.9,-8.1,7.1,-1.4,-12.2,-7.5,47.8,50.6,48,16.5,1.8,-3.8,29.2,5,9.8,17.7,9
Jun-03,3.7,3.3,2.9,2,-7.2,4.5,7.6,-6.4,-10.3,-6.5,51.8,58.1,52.5,25.8,3.8,-4.9,21.2,10.7,15,15.5,14
Jul-03,7.7,11,9.3,1.2,-4.4,4.2,-0.4,-6.2,-2.4,2.8,58.3,60.2,51.6,26.8,3.8,-0.6,23.2,10,20.6,24.2,12.7
Aug-03,20.3,16.9,17,4.8,-0.6,1.9,16,0.5,-4.5,6.7,58.4,55.6,52.2,19.3,3.2,2.1,20.4,9.4,18.5,17.9,15.8
Sep-03,21,19.7,16.2,7.5,-3,0.4,19.9,2.1,-2.5,4.3,62,62.9,59.8,24.9,11,2.5,26.7,11.3,21.6,19.6,13.5
Oct-03,28.1,26.7,27.7,12.2,4.6,-5.6,22.7,5.9,5.2,12.6,54.9,51.2,47.4,20.4,1.4,8.9,31.6,13.4,31.7,11.3,15.2
Nov-03,26.9,22.8,28.2,8.9,0,-10.8,25.1,6.1,2.3,3.8,56.5,56.1,51.4,15.3,10.7,5.1,33.7,19.4,19.8,14.2,18
Dec-03,26.5,33.6,32.3,11.8,2,-4,31,6.2,17.7,15.2,49.7,49.9,50.8,21.9,2.3,4.2,36.7,21.6,17.2,24.9,22.4
Jan-04,36.1,32.8,29.7,11.4,-0.3,-2.3,33.2,10,15.9,10.3,56.2,49.4,51.7,16.4,11,7.5,49.4,34.1,16.7,16.4,23.6
Feb-04,28,27.3,18.8,6.7,4.4,3.3,45,17.2,12.5,19.3,52.4,56.1,50.5,29.5,11.1,17.8,46.8,34.9,20.1,17,22.4
Mar-04,29.6,26.3,26.1,10.3,16.4,-7.1,54.2,21.3,14.2,20.9,41.4,35.9,40.4,13.9,8,-2.6,54,29.9,26.5,14.7,20.1
Apr-04,32.2,26.2,28.6,1.5,-0.2,7.9,50,13.9,13.3,7.4,37.5,41.1,41.7,16,3.9,-2.1,46.7,18.5,24.3,16.1,26.9
May-04,29.1,23.6,26.4,10.5,8.9,6.6,55.5,28.5,21.7,15.7,43.8,41.9,43.3,15.4,3.7,4.3,39.4,31,31.6,7.6,22.6
Jun-04,30.6,27.4,31.8,12.6,7.3,15.3,53.9,31,19,14,40.5,39.1,40.3,5.6,-0.2,3.8,43.6,31,22.6,8.7,20.5
Jul-04,34.7,35.2,39.3,16.4,15,4.5,51.5,34.3,22.4,12.9,37.7,35.6,40.6,4.5,-3.4,4.2,45.8,33.5,21.7,7.9,26.5
Aug-04,25.1,18.7,30,0.7,-7.1,1.1,55.6,33,19.5,8,44.8,44.2,45.2,15,3.6,3.4,47.2,39.6,23.9,12.6,23.9
Sep-04,19.7,26.5,25.9,3.8,4,-0.1,54.6,32.9,22.9,9,44.4,40.8,35.8,7.5,2.4,-2.7,47.8,35.4,25.1,14.6,20.7
Oct-04,26.8,20.2,27.1,-1.5,2,1.5,55.4,32.3,13.4,5.4,28,39,30.2,7.2,-1.4,-6.7,50,40.4,21.9,15.3,25.6
Nov-04,19.2,22,20.3,-1.5,-4.5,-3.5,52.2,29.9,15,5.3,47.8,51.8,45.8,15.1,0.1,4.9,53,41,27.8,12.4,25.6
Dec-04,25.5,20.3,22.1,2.8,1.3,-4.3,52.7,20,12.3,17.1,36.7,42.3,37,6,0.5,-7.7,58.6,37.7,20.8,7.2,27.9
Jan-05,13.3,11.1,15.9,-4,-2.1,-3.4,62.7,23.8,17.1,6.7,28.5,36.2,31.6,7.9,-1.4,-8.8,48.9,33.7,24.9,6.3,21.2
Feb-05,21.3,14,22.1,-2.6,4,-5.3,47.9,23.2,12.5,7.7,26.1,31.4,33.8,8.1,2.6,-11.6,60.5,38.8,11.3,5.5,22.7
Mar-05,15.1,16,16.7,0,2.8,-0.6,35.8,18.2,13.5,9.5,36.1,37.1,42.2,7.3,2.8,-2,47,26.3,22.8,7.5,26.4
Apr-05,25.3,20.4,30.7,-2.6,3.7,2.4,49.9,27.5,16.8,14.3,27.4,32.9,32,4.2,4.5,-7.9,48.9,37.8,18.9,11.6,31.7
May-05,9.3,16.7,18.7,-3.5,0,-0.2,28.9,17.7,6.9,0.3,21.6,19.6,21.3,-5.7,-6.2,-12.8,33.6,17.6,12.9,3.2,16.3
Jun-05,-1.3,3.3,11.1,-16.3,-10.5,-0.1,24.8,12.3,8.3,4.2,30.5,36.8,36.7,2.8,-2.8,-6.7,29.6,26.7,19.7,13.7,20.3
Jul-05,8,5.4,11,-10.7,-1.9,-9.6,27,11.7,2.6,6.6,14.6,24.3,21.9,-3.7,-3,-20.6,42,23.1,5.7,0.4,13.1
Aug-05,11.3,13.7,13.2,2.5,-1,-8.8,26.4,1.9,4.7,0.8,25.1,25.9,26.9,-3.3,-11.3,-8.3,42.5,28.5,7.8,5.8,19.6
Sep-05,7.1,-1,13.4,-10.5,-1.7,-2.7,50.4,6.3,2.1,-0.2,7.6,12.8,9.4,-6.1,-5.2,-3.8,67.3,32.3,13,-4.3,13.6
Oct-05,4.8,20.2,21.8,-2.2,-0.5,-1.9,23.6,12.4,13.6,-2,19,24.2,25.1,-7.7,-1.2,-16.6,21.4,21.9,17,0.8,16.6
Nov-05,10.3,14.7,22.1,-7.6,6.9,0.6,54.1,32.7,18.6,12.9,30,35.9,32.4,6.2,2.7,-2.6,57.6,40.4,13.6,9.3,22.7
Dec-05,12.9,6.7,3.3,0.7,0.4,3.4,49.5,29,7.7,4.7,39.1,44.5,43,11.8,-0.2,5.8,44.5,31.6,22.6,13.3,17.6
Jan-06,5.4,13.1,17.3,1.2,8,7,43.8,19.4,11.6,6.4,30.5,39,31.8,9.9,1.2,0.1,38.7,23.9,18.8,10.8,16.3
Feb-06,15.3,15.8,24.2,9,7.2,9.4,36.5,17.6,12.7,8.7,30.2,37,30.7,6.9,-0.8,2.5,38.2,27.7,22.6,11.9,23
Mar-06,14.7,22.6,24.9,8.6,5.5,14,25.8,16.1,9.7,9.2,22.8,34.9,27.3,5,1.1,-4.1,36.7,33,22.1,6.5,22.3
Apr-06,14.2,13.6,21.2,6.4,-4,-5.4,31.8,16.1,21.5,6.7,24.8,35.8,39.3,7.2,-1,0,44,20.8,23.1,6.5,18.9
May-06,13.7,3.1,13.5,-2.4,9.1,-4,51.8,13.3,0.5,11.3,17.2,23.6,18,2.7,2.1,4.6,55.2,33.5,9.5,1.4,18.3
Jun-06,11.7,15.2,19.8,-0.4,0.9,-3.1,43.5,15.6,7.5,8.6,5.9,13,15.1,-8.6,-8.8,-10.5,45.3,29.5,14.7,-2.3,15.2
Jul-06,4,7.4,9.8,-9.2,-2.3,-1.5,44.2,15.8,12.7,-0.3,12.4,18,16.3,-0.7,-0.5,-1.8,40.5,32.2,9.1,1,17.3
Aug-06,12.5,9.9,18.1,-4.9,-0.2,5.3,43.7,15.3,4.2,11,2.9,15.8,14.7,-2.5,-0.6,-2,43.4,25.2,10.9,-0.6,7.5
Sep-06,-0.8,-2.7,-9,-6.9,-1.3,2,38,19.8,8.2,1.1,-1.5,7.3,9.1,-7.3,-10.1,-3.7,33.8,21,6.2,-2.3,14.4
Oct-06,2.3,11.7,10.6,-9.5,-4.8,12.1,30.2,16.7,7,-1.5,14.8,24.8,26.1,-0.4,0.1,-5.2,36.1,27.3,14.5,7.9,10.5
Nov-06,4.5,0.7,7.8,-4.5,3.2,1.6,27,8.5,2.7,2.7,16.5,20.5,26.7,0.5,0.3,-2.1,37.7,19.6,15.7,8,19
Dec-06,-1.8,-1.9,11.4,-18.3,-6.4,-1.9,23.9,10.8,8,-3.4,16.1,24.1,26.3,2.3,-3.5,2,39.3,30,16.2,3.8,5.9
Jan-07,7.5,3.9,21.3,-14.7,-7.6,0.4,16,10,7.8,0.4,24,26.3,31,-0.7,-7.6,-8.2,31.7,28.1,20.8,8.7,20.5
Feb-07,3.5,3.1,3.3,-11.2,-5.3,-2.4,21.5,9,2.7,-10.6,22.8,27.4,26.7,-6.1,-12.5,-7.4,31.9,16.4,19.4,5.4,20.7
Mar-07,2.8,4.2,8.9,-15.5,-9.5,-0.1,26,17.1,6.6,-2.2,23.3,28.6,27.8,3.4,-9.3,-3.5,30.7,18.4,14.2,8.1,27
Apr-07,2.9,4.9,9.7,-13.6,-13.7,3.6,26.5,6,8.3,4.8,22.7,23.3,24.3,-0.6,-7.3,-3,33,19.6,15.7,7.3,15.3
May-07,3.7,8.1,8.3,-8.4,-8.1,-4.9,27.7,5.2,9.8,-4.3,22.8,25.4,23.4,1.6,-4.4,-8.8,37.6,25.3,17.6,12,12.2
Jun-07,17.3,14.9,6.3,-0.1,-2.4,-8.7,22,4.4,4.4,0.4,11.3,19.2,25.9,-0.4,-5.9,-5.5,31.3,21.1,9.3,6.8,17.7
Jul-07,6.8,8.5,19.8,1.1,-2.2,-2.8,21.3,6.5,6,2.8,27,37.4,38.4,8.9,-0.1,-7.2,37,20.1,22.9,17.1,19.2
Aug-07,-0.5,3.2,9.7,-5.9,-3.6,-7.3,11.2,4.1,15.7,12.6,30.8,35.5,32.2,2.1,-6.9,-11.3,39.2,19.8,27.2,7.9,25.7
Sep-07,7.5,12.7,11.5,-5,-8,1,24.6,3.5,5.2,6.9,32.3,37.8,37.4,7.5,-7.3,-7.5,43.2,27.5,21.4,4.9,16.9
Oct-07,7.8,4.7,1.7,-6.6,2,-12.4,37.6,12,8.5,4.5,38.9,36.5,33,3,-7.1,-8.2,52.5,38.1,28.7,5.5,21.7
Nov-07,6.6,5.3,4.2,-8.6,-10.6,-1.2,42.4,20.5,4.2,1,21.2,27.7,26.3,3.6,-11.9,-8.1,54.6,35.9,16.9,4.4,6.4
Dec-07,-5.4,9.6,15.6,-3.9,-3.8,-8,40.5,19,1.4,5.4,21.9,24.3,18.9,-3.7,-8.4,0,48.5,31.1,21.3,12,24.3
Jan-08,-18.3,-13.2,-4.5,-7,-4.3,-10.9,51.9,30.7,0.6,-16.2,10.2,15,18.4,-6.2,-8.2,-9.2,59.6,35.7,21.5,2.1,15.5
Feb-08,-20.2,-9.8,-10.8,-9.9,-4.5,-14.4,49,23.7,4.4,-1.6,-12.4,-4.9,8.3,-8.6,-6.5,-15.8,39.7,34.6,-4.1,0.7,6.1
Mar-08,-14.9,-6.4,-4.5,-15.3,-6.2,-9,52,21.7,-0.5,-8.2,5.6,15.6,16.6,-10.5,-13,-21.7,62.9,35.7,6.2,-0.3,3.5
Apr-08,-21.3,-15.5,-1.9,-17.5,-0.6,-17.9,50.4,30.4,-4.5,-9.2,10.6,16.1,14.4,-10.3,-11.7,-14.6,55.3,31.5,4.4,-8.6,14.9
May-08,-16.1,-2.7,0.2,-16.5,-13.1,-11.2,50.8,32.5,-2.6,-5.9,20,32.7,28.8,8,-2.6,-11.6,51.6,24.7,11.4,4.4,16.8
Jun-08,-16.8,-17.3,-7.8,-9.1,-6.2,-15.4,63.9,27.9,-8.8,-6.8,14.3,19.9,19.5,3.3,2.7,-14,65.2,32.2,5.5,0.4,3.6
Jul-08,-16.2,-13.6,-6.6,-17.7,-11.7,-14.6,71,27.7,-5.5,-10.9,12.6,20.7,20.9,-1.7,-9.4,-6.1,63.3,44,8.5,3.3,8.3
Aug-08,-17.6,-14.5,-5,-15.2,-10.2,-12.2,52.9,23.7,-6.4,-11.9,22.2,33.6,31.4,3.1,-1.3,-4.9,52.3,28.7,6.9,10.6,11.4
Sep-08,2.1,6.4,-0.4,-13.5,-7.2,-24.4,34.1,17.7,-2.9,-9.4,26.5,34.6,32.8,-0.2,-2.3,-13.8,38.9,27.6,9.5,5.1,13.4
Oct-08,-37.8,-28.7,-15.5,-28,-18.4,-16.9,9.3,5,-20,-19.4,-4.8,-6,-11.7,-17.8,-25.3,-21.3,18.1,9.6,-12.9,-14.3,-3.7
Nov-08,-40.9,-31.8,-22.1,-28.2,-18.6,-20,-20.2,-11.9,-26.6,-25.1,-3.3,-2.3,-6.2,-13.3,-13.1,-23.6,-0.4,-4.5,-22.3,-11.8,-11.3
Dec-08,-37.6,-29.4,-29.9,-32.6,-26.1,-32.2,-28.4,-32.7,-31.2,-34.4,-1.6,5.3,7.8,-7.7,-16.2,-41.4,-20.4,-14.1,-25.8,-14.3,-18.6
Jan-09,-31.1,-22.9,-19.8,-32.7,-27.2,-34.4,-25.7,-27.2,-38.9,-32.1,8.8,13.2,8.6,-7.9,-15.7,-26.5,0.2,-10.1,-23.6,-10.2,-17.6
Feb-09,-39.3,-31.7,-33.5,-31.5,-28.1,-28.5,-15.1,-28.8,-44.2,-44,17.3,19.7,17.1,5.4,-8.7,-20.8,3.3,-14.3,-12.7,-2.5,-15.4
Mar-09,-34.7,-39.2,-26.5,-23.4,-30.3,-51,-34.4,-34,-51.5,-32.5,14.4,14.1,11.4,-9.5,-5.4,-22.9,-8.4,-21.1,-14.5,-2.6,-16.2
Apr-09,-25.2,-24.7,-31.4,-21.8,-20.6,-36.2,-35.5,-40.9,-39.5,-37.8,32.6,31.2,29,7.2,4.3,-32.4,4.6,-6.1,-10.5,8,-3.5
May-09,-22.4,-22.1,-19.6,-15.8,-18.1,-27,-24.4,-31.2,-30.1,-24.3,43.8,40.5,40.7,14.6,-3.7,-13.4,16.8,-3.1,0.3,11.2,-2.8
Jun-09,0.2,-9.6,0.3,-16,-16.7,-21.8,-10.9,-17.5,-23.4,-23.6,53,52.3,51.5,17.9,3.7,-8.2,21.5,0.6,10.1,34.5,1.1
Jul-09,-6.6,-2.6,-9.7,-13.3,-11,-22.9,-2.4,-21.1,-22.3,-15.2,50,45.9,42.5,13.6,5.4,-3.5,24.4,9.7,8.5,14.9,1.3
Aug-09,8.8,6.5,3.9,-8.9,-5,-2.1,10.8,-2.5,-14.8,-3.6,55.4,46.8,48.8,15.4,4.3,6.6,28.2,16.1,12.1,24.5,2
Sep-09,15.1,7,11.7,-6.8,-8.3,-18.6,19,-6.8,-13.7,-1.2,47.7,48,46.7,17.5,6.2,2,40.4,10.7,15.6,21.7,-1.5
Oct-09,12.7,8.9,4.7,-3.1,-7.7,-24,20.6,-3.5,-6.8,-4.1,41.7,40,40.5,13.1,3.1,2.5,34.8,12.8,10.8,20.1,7.5
Nov-09,15.4,11.9,12.1,-5.7,-10,-16.4,23,-1.7,-4.1,-3.9,41.3,40.7,36.5,9.8,-0.6,10.9,35.7,5.1,12.3,15.5,11.6
Dec-09,16.5,3.3,14.3,-3.2,0.6,-5,30.1,-2.4,3.8,2.4,33.6,30.5,31.9,12.3,-5.5,2.1,27.1,18.2,16,21.3,12.8
Jan-10,12.9,4.3,9.8,0.1,4.5,-3.3,27.6,-0.6,3.2,2.3,41,41.6,39.1,17.7,6.5,4.1,40.5,13.5,17.4,22.2,14.2
Feb-10,13.9,18.3,10.8,-9.4,-3.9,-1.2,25.7,-1.9,3.3,-1.1,35.9,40.2,44.1,9.9,5.2,6.9,46,19.3,16.6,24,24.8
Mar-10,14.2,6.9,10.3,-7.2,5,-9.2,32,-3.6,6.5,3.7,46.4,43.3,39.5,15.8,-1.6,2.9,47.6,19.5,21.2,26.3,9.5
Apr-10,16,10.1,4.7,-4.8,1.3,-0.8,34.5,-2.8,6.6,7.5,43,45.6,39.7,20.9,10.2,6.7,48.1,20.1,19.7,15.5,10.1
May-10,22.2,8,15.7,1.6,0.6,-6.8,35.8,4.8,3.5,5.3,40.2,49.1,42.4,5.1,-0.6,-1.1,34.4,16.5,24.2,15.5,8.4
Jun-10,14.9,8.2,15.2,5.1,10.0,-0.3,19.2,-5.1,-1.0,1.3,39.8,33.9,30.4,6.3,-5.6,2.2,38.3,18.4,17.6,24.0,3.4
Jul-10,7.7,-1.0,6.5,-4.0,-6.7,1.4,21.5,-4.6,8.8,3.8,28.7,23.4,25.6,-0.3,-8.6,-9.8,34.6,15.5,13.2,10.6,9.0
Aug-10,3.6,-0.3,4.8,-3.3,-4.7,-8.1,20.5,-8.3,0.8,-8.6,26.2,32.6,29.3,5.8,0.2,-9.1,38.3,9.9,4.8,1.3,15.0
Sep-10,4.5,-2.3,4.1,-5.2,-1.8,-16.4,18.2,-7.3,4.2,-13.5,26.6,22,22.7,-2.1,-10.6,-7.4,26.2,12.1,7,2.4,9.4
Oct-10,0.3,-3.9,-1.9,-11,1.9,-9.7,32.7,-5.6,5.9,-4.6,41.7,43.5,36,10.2,3.1,1.1,45.9,18.2,22.8,24.2,23.1
Nov-10,19.1,8.9,13.8,2.1,1.6,-5,34,-0.8,10.6,4.8,47,39.6,40.2,12,6.9,-7.3,52.5,31.3,23,20.1,21.1
Dec-10,15.4,7.4,5.3,-0.1,3.4,-1.2,42.7,5.3,4.1,14.4,47.0,43.1,42.3,15.2,5.5,6.6,56.3,24.2,29.5,21.8,30.5
Jan-11,16.5,20.1,11.2,5.9,-0.1,6.4,48.2,12.6,13.5,9.4,43.8,35.9,38.1,10.6,12.5,6.5,58.8,34.5,29.9,20.1,27.8
Feb-11,28.9,19.8,24.5,10.4,4.0,-1.1,61.5,13.7,17.7,7.2,41.9,38.7,43.8,16.2,2.6,1.7,68.2,31.6,23.7,12.7,13.7
Mar-11,36.4,34.1,28.7,11.3,4.5,8.3,59.2,17.9,15.0,7.9,57.0,55.5,54.7,14.8,5.8,5.4,61.6,33.5,26.3,15.0,30.7
Apr-11,13.0,13.7,21.1,7.9,9.6,-1.2,52.7,22.9,11.5,13.2,35.7,30.9,36.4,11.9,1.4,9.7,56.5,36.4,34.8,17.5,19.4
May-11,6.2,8.3,9.4,-3.2,0,-5.8,51.2,20.6,23.2,4.8,26.2,25.3,28.7,2.6,-0.9,5.4,54.9,28.5,22.8,11.7,24.5
Jun-11,-0.5,-5.2,7.5,-8.4,-12.5,-8.2,36,6.1,4.5,3.9,8.5,8.6,8.6,-6.6,-7.9,-13.5,40.8,6.9,5.6,4.1,12
Jul-11,7.1,4.1,7.2,-11.3,6.9,1.5,34.1,5.7,12,-1.6,28.6,32.2,27.8,6,3.7,9.6,48.3,17.2,14.5,6,17
Aug-11,-19.5,-17.5,-2.5,-14.9,-12.2,-7.1,23.5,-3.2,0.9,-6.7,12.6,26.6,23.2,2.7,-4.3,-15.5,42.7,22.9,14.5,1.2,8.9
Sep-11,-10.7,-5.6,-9.2,-8.1,-4.9,10.4,30.1,6.4,8.1,-3.7,18.1,19.6,21.9,3.8,-3.4,-9.6,38.3,20.5,7.8,4.4,7.1
Oct-11,6.2,5.9,8.6,-0.2,0.8,-4.7,22.7,1.7,6.3,4.2,26.1,28.6,29.6,4.3,-2,-7.9,41.4,27.4,16.8,7.8,15.7
Nov-11,4.0,1.5,6.3,-2.9,1.6,6.6,21.8,5.2,10.2,5.7,36.4,36.2,33.7,7.9,-3,-8.5,34.4,26.3,25.7,3.2,16.1
Dec-11,2.4,4.4,5.3,1.7,-1.8,-10.5,25,5.6,10.5,-2.1,33.7,38.6,31.6,5.2,-4.4,-4.8,42.7,21.1,10.5,1.3,14.3
Jan-12,7.5,10.7,4.6,-5.7,-5.7,-2.5,26.1,9.3,9.2,6.5,43.4,43.5,43.7,14.2,-3.2,-0.7,47.9,21.7,19.1,7.5,23.8
Feb-12,10.4,11.6,8.9,-1,-4.3,-14.6,33.5,10.5,-1.6,6,30.3,32.2,28.2,8.6,-2.8,0.6,51.1,26.4,21.7,10,15.4
Mar-12,8.8,-0.1,1.6,-10.6,-8.5,-2,17.4,6.9,4.6,0.6,30.4,37.1,30.9,9.8,-2.9,0.5,38.7,24.8,20.6,11.8,11.1
Apr-12,5.7,0.6,-3.1,0.6,0.3,5,21.8,9.6,15.4,-5.6,39.9,42.4,34.9,10.6,-5.9,10.4,37.3,25.2,27.5,9.4,21.6
May-12,-0.8,2.3,9.1,-5.1,-11.3,2.8,10.1,1.1,1.6,-3,24.9,35.5,31,8.3,-3,-8.3,40.4,9.3,15.3,0.3,7.9
Jun-12,-12.6,-17.8,-11.1,-10.5,-11.9,-5.9,1.1,-6.4,4,-16.2,25.4,34.3,37.1,3.1,-6.6,-9.8,32.9,16.9,16.4,4.7,14.8
Jul-12,-12.7,-3.6,-11.5,-8.9,-16.2,-3.2,8.2,3.3,-5.8,-15.2,21.5,25.6,19.5,3,-13.9,-11.8,27.3,20.4,12.5,12.8,1.6
Aug-12,-2.6,1.6,-2.6,-10.3,-8.2,-4.7,16.2,6.9,-5.3,-8.8,20,25.5,17.3,3.3,-1.5,-0.5,35,24,14.6,7.1,9.2
Sep-12,0.2,0.7,-13,-7.6,-8.7,-20.5,13,2.8,-7.6,-4.8,31.6,42.8,34.9,9,5.8,-5.3,38.3,24.8,14.1,11.7,3.5
Oct-12,-1.1,-4.7,-6.7,-11.1,-15.6,-3.6,17.4,4.8,-9.3,-7.6,17.1,20.7,20.8,7.6,-0.9,-2.9,44.2,14.5,9,10.4,2.1
Nov-12,-10.6,-7.4,-6.5,-7,-14.8,-14.2,22.2,4.8,-7.9,-8.7,16.6,22.6,23.8,1.3,-4.2,-0.5,45.7,10.7,4.1,6.7,2.5
Dec-12,2.4,2.6,12.4,-1.7,-4.9,-11.2,21.1,9.1,2.4,-3.1,22.4,29,27.4,3.8,2.8,-4.8,41.8,21.7,15,13.6,17.5
Jan-13,-1.4,-2,0.5,-1,-2.8,-0.7,13,0.9,-5.9,-4.4,28.8,31.9,36.6,4.9,-3.2,-3.7,35,21.6,12.6,9.7,9
Feb-13,-5.3,0.6,2.6,-10.6,-4.7,-11.3,13,0.3,-1.9,-1.3,32,39,33.6,8.9,0.9,-3,34.9,23.2,16.5,7.9,15.5
Mar-13,2,0.1,6.1,-6.3,-7.6,-1.8,13.4,1,1.3,-11.2,35.5,38.1,34,11.8,1.2,-5.9,35.2,20.4,9.6,8.8,3.3
Apr-13,0.4,0.7,4.9,-8.2,-7,-21.2,11.5,-2.4,-4.8,-4.4,30.6,34.4,34.2,4.2,-1,-3.6,31.9,16.8,12.7,10.4,9
May-13,0.2,-4,-0.2,-4.5,-4.2,2.9,12.5,0.3,-6.4,-7.6,39.5,42.2,39.2,13.9,2.1,0.3,35.4,19.5,15,13.4,12.3
Jun-13,12.7,11.7,8.2,-6.8,-6.6,-3.6,16.8,11.2,-3.1,1.6,37.2,40,39.7,14.3,4.8,-0.1,29.6,24.2,23.6,6.9,21.8
Jul-13,15.9,7.4,8.2,-2.7,-1.7,-16,19.1,5.6,6.6,4.7,41.6,52.4,44.9,21.3,8.9,22.6,40.2,24.7,32.8,11.7,25.5
Aug-13,8.2,8.9,2.8,-1,-7.1,-9.9,17.8,12.8,7.3,-1.3,38.5,38.8,38.8,10,2.1,6.2,34.1,23.4,22.5,12.7,19.6
Sep-13,20.6,19.3,18.6,2.4,-3,-2,22.3,11.8,6,9.8,48.8,51.5,48.1,13.7,4.6,8.8,37.3,27.2,22.4,13.3,25.4
Oct-13,13.5,23.1,17,4.3,5,3.3,17.9,9.2,13.9,7.9,55.4,61.2,51.8,16.6,-2.4,5.8,41.5,33.7,26.2,9.6,24.7
Nov-13,4.6,8.8,5.5,-6.8,-1.1,9.4,23.5,6.7,-0.7,-10.7,42,46,40.7,12.6,2.2,0.8,40.7,36.2,24,16,18.5
Dec-13,3.8,12,9.3,-4.8,-8.2,10.2,17.5,9.2,4.4,1,41.1,44.6,39.5,12.3,2.5,-1.3,39.9,28.1,20.6,8.2,14.4
Jan-14,15.2,7.9,12.8,0.9,-0.9,-11.6,20,8.4,10.7,-0.6,38,40.8,37.1,14.4,-3.5,0.4,37.5,13.6,21.3,7,21.2
Feb-14,2.3,4.7,-5.8,-0.6,0.2,0.1,16.4,10.3,6.5,-3.4,43.9,39.5,41.8,12.5,1.1,7.3,28.7,19.8,19.1,1.8,21.5
Mar-14,12.5,6.5,11.8,3.1,-1.1,-4.8,21.3,6.8,3.6,3.9,42.4,38.7,46.2,5.6,5.3,13.8,33.1,20.3,31.3,5.4,26.3
Apr-14,17,17.3,25,4.5,-7.6,0.4,20.8,10,7.8,7.7,39.3,38.6,41.1,6.8,6.7,13.2,39.9,21.5,20.7,3.3,25.2
May-14,18.5,14.8,19.4,1.7,-2.3,-0.9,26.6,17,8.1,7.5,43.8,42.5,44.6,13.9,2.7,17,39.2,29.8,26.6,8.9,24.1
Jun-14,14.1,10.4,15.7,8.7,5.4,-3.8,25.7,9.3,12.9,7.2,53.3,55.3,47.7,20.5,-4.2,25.3,42.3,30,28.7,14.7,28.2
Jul-14,21.4,28.7,26.6,6.4,7.9,8.8,30.7,14.2,12.4,8.2,53.6,48.8,53.1,10.3,1.1,7.6,36.5,21.7,27.6,11.8,19.7
Aug-14,22.9,15.4,14.5,-4.5,2.3,7.4,21.9,6.2,11.9,9.3,61.9,51.3,57.8,20.9,8.3,8,44.9,28.4,21.6,12.8,16.5
Sep-14,21.7,13.8,16.8,3.1,1.6,5.8,21.7,7.8,16.1,1.6,46.1,44.8,50.9,15.4,3.2,6.5,39.1,25.7,30.9,6.3,21.6
Oct-14,18.1,16.8,16.9,8.5,-0.2,12.1,24.4,17.4,11,-0.7,50.8,49,50.1,11.2,12.8,5.4,30.8,20.7,26.3,16,19.5
Nov-14,35.5,29.7,29.9,3.9,2.9,5,14.4,8.9,18.3,5.9,50.1,44.3,47.2,16.8,5.7,7.8,32.3,18,28.5,11.7,23.2
Dec-14,21.6,14.5,12.3,3.9,-1.2,3.2,16,12.3,6.7,0.7,47.2,43.9,44,17,4.7,7.9,24.9,19.6,25.1,17,23.5
Jan-15,13.2,10.1,-5.3,-4.1,-7.5,2.1,11.8,2.1,-0.1,-4.3,54,47,44.7,13,10.2,7.7,30.7,20.8,26,14,17.8
Feb-15,10.5,8.4,9.4,8.6,-3,13.5,6,3.4,5.8,-2.8,35,46.1,42.4,14,1.3,3.3,34.3,22.5,26.7,14.9,23.1
Mar-15,7.3,0.8,-3.1,-14.5,-12,-0.4,1.5,-5.6,3.5,-8.8,37.7,37.8,37.1,12.3,4.1,4.3,29.2,9.2,17.8,-1.3,11
Apr-15,9.9,4.5,4.7,-3.5,4.3,4.1,0.5,-3.5,11.4,5.9,39.7,33.6,39.4,17.5,0.9,0.3,22.1,14.5,22.3,6.1,15.8
May-15,6.1,5.4,3.7,0.9,-1.5,-1.6,-14.1,-7.7,5.7,-2.5,38.1,35.1,35.3,13.8,4.9,0.9,24.2,20.7,22.7,9.8,16
Jun-15,8.2,11.2,12,-0.4,-6.2,1.5,9.2,-0.3,5.9,3.6,43.4,47.5,56.3,22.7,16.3,5.6,39.1,12.4,22,21.8,10.6
Jul-15,4.4,2.3,-0.1,-8.2,-5.3,-6.2,17.8,0.8,-0.2,0.2,40.2,45.4,49.3,29.6,7,-0.1,33.8,16.2,21.5,12.1,9.6
Aug-15,5.8,6.6,11.3,-1.7,-2.2,-1.2,3.8,-3.2,8.9,6.6,34.9,39.2,27.7,20.4,2.3,11.1,35,8.9,21.2,-3.1,16.6
Sep-15,-3.8,10.5,10.5,-7.4,-1,-1.4,-2.8,-5.2,6.7,3.7,36.8,41.7,39,11.8,-0.2,0.9,25.6,4.6,15.3,3.8,26.2
Oct-15,-4.9,-6.4,-4.2,-11.7,-4.5,-13.5,-0.4,-0.4,-2.5,-5.7,34.8,36.4,34.8,7.6,-1.2,-8.3,17.1,7.5,11.1,1.3,5.8
Nov-15,-3.8,-7.6,-2.7,-2.3,-3.2,-9.4,-6.9,-1.5,-0.2,-17.7,37.5,44.3,40.1,14.6,0,-4.1,22.6,9.3,25.4,16.4,25.7
Dec-15,-9,-8.9,0.4,-16.7,-7.3,-3.4,-7.7,-4.5,1.9,1.3,18.6,29.7,31.3,5.8,-3.1,-5.9,23.3,13,6.2,-1.5,9
Jan-16,-4,-3,5.1,-9.4,-6.9,-16.4,-1.7,-3.9,-2.4,-2.7,18.3,21.3,21.5,1.2,-6.1,-1.2,19.8,11.6,4.4,1.4,10.6
Feb-16,-6.8,-6,4.7,-13.2,-15.2,-15.7,-2.9,-3.6,-5.1,-13,15.8,20,18.8,-1.7,-10.7,-9.1,12.7,4.7,-0.3,-11.8,4.8
Mar-16,9,5.5,14.4,-7.7,-3,-16.2,-0.9,1.3,-3.6,1.8,26.9,35.6,33.1,9.7,-3.6,-9.4,22.4,13.5,6.2,6.2,11.3
Apr-16,-1,-0.5,-7.3,-5.6,-11.1,-21.3,11.5,3.7,-20,-16,39.9,43.6,40.5,11.3,-0.7,-1.5,38.5,23.1,12.4,11.1,11.5
May-16,-4.8,-1.7,-3.7,-8,-11.8,-3.8,13.5,10.4,-6.3,-16.2,39.7,40.3,38.9,13.5,-2.8,-5.9,25.7,15.1,13.1,15,22.2
Jun-16,4.4,-0.9,0.4,-12,-8.7,-11.6,20.3,2,-10.4,-13.6,36.6,37.6,36.6,4.9,4.2,-3.9,36.5,18.3,13.2,13.5,9.9
Jul-16,0.9,10.1,7.6,2.5,1.6,-7.4,13.4,2.2,1.4,-1.5,36,35.2,35.4,15.8,1.3,-0.2,28.6,22.7,17.1,13,13.8
Aug-16,5.4,-1.5,8.3,-13.1,-3.4,-8.6,20.5,7.1,-14.5,-9.4,41.9,42.8,44.8,4,0,-4.6,32,13.8,15.4,17.6,18.5
Sep-16,12.1,2.8,-7.9,-11.6,-8.3,-23.9,20.5,9.9,-3.2,-8.4,37,38.3,32.8,9.4,6.2,6.1,41,31.6,24,10,10.3
Oct-16,10.5,19.4,16.3,-0.8,0.4,-9.1,10.5,-0.9,-4.7,-2.6,36.2,40.2,40.5,13.6,7.1,9.6,40.3,26.6,24,14,20.3
Nov-16,9.4,19.4,20.1,6.2,5.6,14.2,27.5,19.5,-4.7,5.8,29.8,35.1,29.3,7.5,3.7,1.8,37,28.3,11.1,9.1,20.4
Dec-16,22.6,15.5,24.5,5.8,6,3.5,29.6,11.1,5.4,11.1,45.5,44.8,45.4,15.9,14,15.8,42.9,27.7,26,16.2,31.4
Jan-17,24.8,24.9,23.5,10.6,6.7,10.6,32.4,24.4,14.3,8.9,54.7,52.3,53.7,24.8,13.2,12.6,49.1,28.2,34.9,20.2,22.5
Feb-17,39.7,35.1,31.5,9.1,4.6,-2.6,30.5,11.9,10.1,13.8,50.3,49.2,47,17.2,9.6,12.1,47.1,24.9,26.4,18.3,22.6
Mar-17,32,31.4,29.5,11.4,4.4,6.5,40.5,18.7,15.9,16.5,56.4,59.1,54.8,14.6,7.5,19.3,52.5,37.7,37.5,18.9,33
Apr-17,23.7,28.5,25.3,9.9,9.9,14.9,30.6,13.7,16.4,16,46.2,55.5,46,20,4.8,14,38.8,30.5,36.5,15.9,35.3
May-17,34.3,25.2,33.6,8.9,6.8,3.4,24.5,13.1,14.1,18,40.2,49.5,41.7,13.8,6.1,12.9,43.9,26.8,30.1,3.4,34.6
Jun-17,28.2,27.3,26.3,14.7,11.8,4.6,23.4,18.9,14.7,17,38.3,39.6,41.3,9.4,2.1,19.6,43.7,30.1,31.6,11.4,29.1
Jul-17,20.4,5.3,17.6,9.4,7.7,-0.6,20.2,10,13.3,7.2,38.5,44.6,34.2,15.6,2.9,24.6,48.6,30.2,31.5,7.9,39.5
Aug-17,20.7,22.9,29.7,12.2,11.5,-5.4,23.5,13.7,14.1,18.6,42.4,50.2,42.6,16.1,7.9,25.8,37.6,37.9,35.1,16.2,39.6
Sep-17,24,26.7,27.5,12.6,12.5,0.8,33.8,23.4,10,12.9,54.1,58.6,56.1,13.1,2.8,19.2,47.7,32.1,31.8,18,39.7
Oct-17,27.2,21,24.8,10.6,23,7.2,40.2,15.7,28.3,17.6,46.4,43.6,45.4,18.2,4.6,11.3,58.4,39.4,38,16.3,39.7
Nov-17,23.1,26.5,25.1,20.6,17.1,-6.4,38.9,12.4,22,16.8,47.9,49.1,44.9,17.9,5.5,22.7,52.5,41.6,37.1,16.1,38.6
Dec-17,29.3,29.3,26.4,11.9,11.4,0.7,26.2,14.7,19.5,15.7,50,54.6,50.2,10.1,-1.2,29.5,53.2,38.3,34.7,17.8,36.5
Jan-18,23,9.6,30.3,-1.2,6.6,9.1,34.1,23.7,20,16.8,45.4,48.2,49.1,10.7,4.2,13.7,56.2,45.3,33.5,10.8,37
Feb-18,30.7,29.5,22,13.8,4.5,1.6,46.5,23.7,25,15.4,40.1,49.7,49.5,16.8,16.1,24.8,64.6,49.5,40.1,16,38.1
Mar-18,23.8,30.3,28.4,18.8,13.2,12.2,43.7,20.8,26.3,11.9,46.8,50.2,48.3,9.2,9.7,17.8,61.2,49.6,37.4,18.2,35.8
Apr-18,25.3,22.2,25.3,11.1,19,10.8,53.5,28.1,26.8,20.7,43,41.1,50.1,8.7,7.4,17,70.4,49.2,35.9,15.1,30.1
May-18,32.2,41.3,22.9,14.5,17.7,10.1,50.8,33.6,27.8,32.7,41.5,43.7,47.9,11,5.5,18.8,61.8,36.7,42.6,12,22.9
Jun-18,21.7,21.2,27.8,-0.9,7.6,9.6,51,33.4,29.1,22.3,38.3,41.2,37.5,19.4,1.8,16.6,64.3,56.8,34.3,15.2,35.3
Jul-18,20.8,24.9,20.5,9.4,9.4,11.7,59.1,36,16.5,13.2,26.8,29.8,39.1,6.3,-0.4,8.6,60.7,50.4,30,18.1,31.1
Aug-18,10.1,12.1,18,6.1,7.9,12.7,57,32.3,16.6,10.9,36.8,36.8,38.9,11.2,2.9,2.7,60.4,59.1,32.7,16.6,29.1
Sep-18,21.3,18.5,19.9,9.3,10.1,-1.7,39.5,21.3,19.9,13.8,36,35.9,36.2,10.1,4.3,-0.4,49.6,42.5,31.2,12.9,27.5
Oct-18,20.5,15.5,22.9,-4.6,3.9,0.5,40.5,25.6,15.4,19.5,31.9,39,35.1,3.6,-2.2,10.3,54.6,51.1,30.2,15.5,25.5
Nov-18,10.6,12.2,23,0,7.2,8.6,41.7,25.3,16.1,9.1,26.4,39.1,35.7,9.7,1.4,6.3,57.8,57.2,32.1,16,36.8
Dec-18,10.9,14.8,12.4,7.9,7.1,1.7,36.3,28.3,18.2,4.4,29.1,36.3,34.3,8.9,4.5,1.5,56.7,44,32.7,8.8,33.1
Jan-19,14.8,16.7,14.3,4.7,12.7,-4.8,32.2,24.8,11.5,7,29.7,31.8,34.6,1.4,-0.3,6.3,41.5,34.9,32.5,14.1,32
Feb-19,-0.7,1.5,-2.2,7,10.7,3.8,23.8,26.5,16.1,4.8,29,30.5,38.8,10,-1.5,2.9,41.1,30.8,25.7,7.7,30.7
Mar-19,14.9,6.4,20.4,5.3,8.9,16,21.7,24.5,11.6,10.1,23.1,24.2,25,10.8,-5.4,-6.9,48.1,32.6,25.1,8.6,20.6
Apr-19,11,16,18.2,3.6,-3.7,3.5,22.2,20.2,15.1,10.7,22.2,27,27.4,4.4,1.9,-6.5,32.7,28.1,16.7,4.1,31
May-19,17.5,14.2,23.8,3.1,4.6,-0.5,23,17.6,17.9,12.3,22.3,24.8,30.7,-8.7,3.3,1.6,42,38.7,27.3,9.3,24
Jun-19,1.5,8,17,9,13.4,2.7,13.7,2.7,16.4,8,24.2,33.7,39.3,2.6,1.7,-0.3,32.9,26.6,26.9,11.5,27.6
Jul-19,16.6,18.4,20.4,4.1,13.5,6.9,16.4,11.2,27.6,21.1,33.6,41.6,41.3,8.3,4.5,1.6,36.1,33.5,25.1,8.4,36.8
Aug-19,13.1,21.6,18.1,9.5,9.8,6.9,14.7,13.5,5.9,5.7,31.8,42,42.4,7.4,0.8,8.4,38.9,28.7,25,9.8,23.3
Sep-19,12.2,22.5,24.2,15.3,11.3,19.4,29.7,19.7,17.5,11.6,23.1,34.4,39.8,8.3,1.7,6,44.9,33.8,29.6,7.2,26
Oct-19,6.8,22.5,19.3,14.5,9.3,5.4,15,15.4,27.1,10.6,32.6,37.3,41,12,0.5,2.7,34.8,29.8,22.6,12.2,34.4
Nov-19,8.4,10.1,13.4,8.2,9.7,-3.5,8.5,12,19.7,6.8,34.4,37.3,39,11.2,5.5,5.8,40.2,36.1,24,13.9,21.5
Dec-19,2.4,11.1,15.7,8.6,12.5,5,15.9,11,16.8,8.5,34.8,33.6,38.7,12.5,-1.3,6,46,45.1,27.4,17.5,26
Jan-20,17,18.2,23.4,-3.7,-0.4,-2.3,22.1,14.7,19.3,5.2,38.4,41.9,42.4,17.9,2.7,10.1,41.9,34,24.3,13.2,32.9
Feb-20,36.7,33.6,25.2,7.4,2.7,11.8,16.4,17.1,9.8,10.3,45.4,54,51.9,17.6,9.3,10.2,32.2,37.9,24,26.8,29.8
Mar-20,-12.7,-15.5,0.2,-7.4,-9.1,1.7,4.8,6.8,4.1,0.5,35.2,36.7,41.8,15,10.7,16.9,18.5,21.5,29.8,14.5,12
Apr-20,-56.6,-70.9,-74.1,-13.5,4.1,-10.2,-9.3,-10.6,-46.7,-54.5,43,36.5,46,17,1.4,13.7,25.5,16.9,26.6,26,12.4
May-20,-43.1,-25.7,-30.3,-13.7,-6.7,11.7,3.2,-3.1,-15.3,-7.1,49.7,54.7,46,6,5.1,-1.4,21.2,15.6,16.2,19.6,15.2
Jun-20,27.5,16.7,25.3,-0.1,0.4,0,11.1,11,-4.3,-6.5,66.3,67.9,65,31.5,18.5,2.9,44.3,28.9,29.6,25.9,26.3
Jul-20,24.1,23,15.3,3.9,-6.4,-11.8,15.7,11.5,20.1,17.2,36,55.6,51.3,22,10.5,8.9,43,24.7,32.4,27.3,26.6
Aug-20,17.2,19,9.4,-0.6,7.3,-1.9,15.3,12.4,9,11.3,38.8,55.1,46.9,18,7.3,6.1,37.7,30.2,29.5,19.1,23
Sep-20,15,25.5,36.6,0.4,12.2,-10.8,25.1,18.4,15.7,7.8,56.6,56.9,47.9,24,7.2,11.4,57.7,42.4,42.7,30.3,31
Oct-20,32.3,42.6,46.5,8.3,20.5,-2.5,28.5,14,12.7,25.3,62.7,51.6,51.7,16.2,1.9,16.2,42.3,41,45.7,19.8,36.5
Nov-20,26.3,37.9,24.9,22.2,18,1.8,38.9,25.4,27.2,25.7,44.3,48.1,43.1,13.2,4.7,20.3,49.4,37.2,36.2,20.9,25.5
Dec-20,11.1,2.3,14.4,1.4,18.5,10.3,27.1,18,8.5,18,39.2,41.5,45.3,13.3,7.7,7.4,46.6,35.5,41,17,23.8
Jan-21,30.1,24.2,24.2,22.4,29.4,11.5,47.4,36.3,25.3,21,51.3,44.6,43.4,11.9,6.5,12.9,44.1,36,38.3,10.9,36.5
Feb-21,28.7,25.7,28,13.9,16.1,21.7,55.2,18.2,24.9,30.4,40,38.1,36,6.5,0.3,11.4,51.8,41.8,33.4,11.9,27
Mar-21,44.5,38.2,22,19.3,28.2,14.4,72.6,30.2,27.4,36.4,59.1,48.2,53.4,10,16.4,24.3,63.4,46.9,46.5,11.4,33.8
Apr-21,50.2,36,25.3,27.2,27.8,17.3,69.1,34.5,30.8,29.8,66.6,59.5,63,4.9,3.5,21.7,71.5,63.6,55.7,22,36.7
May-21,31.5,32.5,21,40.4,41.5,25.6,76.8,41,19.3,35.5,52.7,50.3,57.4,15.9,-4,16.9,66.7,58.4,52.1,23.1,37.4
Jun-21,30.7,22.2,27.2,22.5,29.3,17.9,80.7,49.7,30.7,20.1,69.2,68.4,71.9,19.2,20.6,9.8,71.1,67.8,54,21.6,40.4
Jul-21,21.9,17,24.6,19,33.3,-4,69.7,46.8,29.2,18.4,48.6,45.3,65.6,6.7,-10.4,12.6,63,56.5,56.6,27,41.2
Aug-21,19.4,22.8,18.9,7,26.3,-18.1,71.2,53.9,32.6,24.5,33.7,38,40.8,4.2,1.8,20.1,54.6,70.1,42.7,20.8,33.7
