,id,year,month,commodities,cpi,day_care,durables,education,energy,food,housing,meat,medical_care,motor_fuel,new_vehicles,used_vehicles
879,191301.0,1913.0,01,,9.8,,,,,,,,,,,
880,191302.0,1913.0,02,,9.8,,,,,,,,,,,
881,191303.0,1913.0,03,,9.8,,,,,,,,,,,
882,191304.0,1913.0,04,,9.8,,,,,,,,,,,
883,191305.0,1913.0,05,,9.7,,,,,,,,,,,
884,191306.0,1913.0,06,,9.8,,,,,,,,,,,
885,191307.0,1913.0,07,,9.9,,,,,,,,,,,
886,191308.0,1913.0,08,,9.9,,,,,,,,,,,
887,191309.0,1913.0,09,,10.0,,,,,,,,,,,
888,191310.0,1913.0,10,,10.0,,,,,,,,,,,
889,191311.0,1913.0,11,,10.1,,,,,,,,,,,
890,191312.0,1913.0,12,,10.0,,,,,,,,,,,
891,191401.0,1914.0,01,,10.0,,,,,,,,,,,
892,191402.0,1914.0,02,,9.9,,,,,,,,,,,
893,191403.0,1914.0,03,,9.9,,,,,,,,,,,
894,191404.0,1914.0,04,,9.8,,,,,,,,,,,
895,191405.0,1914.0,05,,9.9,,,,,,,,,,,
896,191406.0,1914.0,06,,9.9,,,,,,,,,,,
897,191407.0,1914.0,07,,10.0,,,,,,,,,,,
898,191408.0,1914.0,08,,10.2,,,,,,,,,,,
899,191409.0,1914.0,09,,10.2,,,,,,,,,,,
900,191410.0,1914.0,10,,10.1,,,,,,,,,,,
901,191411.0,1914.0,11,,10.2,,,,,,,,,,,
902,191412.0,1914.0,12,,10.1,,,,,,,,,,,
903,191501.0,1915.0,01,,10.1,,,,,,,,,,,
904,191502.0,1915.0,02,,10.0,,,,,,,,,,,
905,191503.0,1915.0,03,,9.9,,,,,,,,,,,
906,191504.0,1915.0,04,,10.0,,,,,,,,,,,
907,191505.0,1915.0,05,,10.1,,,,,,,,,,,
908,191506.0,1915.0,06,,10.1,,,,,,,,,,,
909,191507.0,1915.0,07,,10.1,,,,,,,,,,,
910,191508.0,1915.0,08,,10.1,,,,,,,,,,,
911,191509.0,1915.0,09,,10.1,,,,,,,,,,,
912,191510.0,1915.0,10,,10.2,,,,,,,,,,,
913,191511.0,1915.0,11,,10.3,,,,,,,,,,,
914,191512.0,1915.0,12,,10.3,,,,,,,,,,,
915,191601.0,1916.0,01,,10.4,,,,,,,,,,,
916,191602.0,1916.0,02,,10.4,,,,,,,,,,,
917,191603.0,1916.0,03,,10.5,,,,,,,,,,,
918,191604.0,1916.0,04,,10.6,,,,,,,,,,,
919,191605.0,1916.0,05,,10.7,,,,,,,,,,,
920,191606.0,1916.0,06,,10.8,,,,,,,,,,,
921,191607.0,1916.0,07,,10.8,,,,,,,,,,,
922,191608.0,1916.0,08,,10.9,,,,,,,,,,,
923,191609.0,1916.0,09,,11.1,,,,,,,,,,,
924,191610.0,1916.0,10,,11.3,,,,,,,,,,,
925,191611.0,1916.0,11,,11.5,,,,,,,,,,,
926,191612.0,1916.0,12,,11.6,,,,,,,,,,,
927,191701.0,1917.0,01,,11.7,,,,,,,,,,,
928,191702.0,1917.0,02,,12.0,,,,,,,,,,,
929,191703.0,1917.0,03,,12.0,,,,,,,,,,,
930,191704.0,1917.0,04,,12.6,,,,,,,,,,,
931,191705.0,1917.0,05,,12.8,,,,,,,,,,,
932,191706.0,1917.0,06,,13.0,,,,,,,,,,,
933,191707.0,1917.0,07,,12.8,,,,,,,,,,,
934,191708.0,1917.0,08,,13.0,,,,,,,,,,,
935,191709.0,1917.0,09,,13.3,,,,,,,,,,,
936,191710.0,1917.0,10,,13.5,,,,,,,,,,,
937,191711.0,1917.0,11,,13.5,,,,,,,,,,,
938,191712.0,1917.0,12,,13.7,,,,,,,,,,,
939,191801.0,1918.0,01,,14.0,,,,,,,,,,,
940,191802.0,1918.0,02,,14.1,,,,,,,,,,,
941,191803.0,1918.0,03,,14.0,,,,,,,,,,,
942,191804.0,1918.0,04,,14.2,,,,,,,,,,,
943,191805.0,1918.0,05,,14.5,,,,,,,,,,,
944,191806.0,1918.0,06,,14.7,,,,,,,,,,,
945,191807.0,1918.0,07,,15.1,,,,,,,,,,,
946,191808.0,1918.0,08,,15.4,,,,,,,,,,,
947,191809.0,1918.0,09,,15.7,,,,,,,,,,,
948,191810.0,1918.0,10,,16.0,,,,,,,,,,,
949,191811.0,1918.0,11,,16.3,,,,,,,,,,,
950,191812.0,1918.0,12,,16.5,,,,,,,,,,,
951,191901.0,1919.0,01,,16.5,,,,,,,,,,,
952,191902.0,1919.0,02,,16.2,,,,,,,,,,,
953,191903.0,1919.0,03,,16.4,,,,,,,,,,,
954,191904.0,1919.0,04,,16.7,,,,,,,,,,,
955,191905.0,1919.0,05,,16.9,,,,,,,,,,,
956,191906.0,1919.0,06,,16.9,,,,,,,,,,,
957,191907.0,1919.0,07,,17.4,,,,,,,,,,,
958,191908.0,1919.0,08,,17.7,,,,,,,,,,,
959,191909.0,1919.0,09,,17.8,,,,,,,,,,,
960,191910.0,1919.0,10,,18.1,,,,,,,,,,,
961,191911.0,1919.0,11,,18.5,,,,,,,,,,,
962,191912.0,1919.0,12,,18.9,,,,,,,,,,,
963,192001.0,1920.0,01,,19.3,,,,,,,,,,,
964,192002.0,1920.0,02,,19.5,,,,,,,,,,,
965,192003.0,1920.0,03,,19.7,,,,,,,,,,,
966,192004.0,1920.0,04,,20.3,,,,,,,,,,,
967,192005.0,1920.0,05,,20.6,,,,,,,,,,,
968,192006.0,1920.0,06,,20.9,,,,,,,,,,,
969,192007.0,1920.0,07,,20.8,,,,,,,,,,,
970,192008.0,1920.0,08,,20.3,,,,,,,,,,,
971,192009.0,1920.0,09,,20.0,,,,,,,,,,,
972,192010.0,1920.0,10,,19.9,,,,,,,,,,,
973,192011.0,1920.0,11,,19.8,,,,,,,,,,,
974,192012.0,1920.0,12,,19.4,,,,,,,,,,,
975,192101.0,1921.0,01,,19.0,,,,,,,,,,,
976,192102.0,1921.0,02,,18.4,,,,,,,,,,,
977,192103.0,1921.0,03,,18.3,,,,,,,,,,,
978,192104.0,1921.0,04,,18.1,,,,,,,,,,,
979,192105.0,1921.0,05,,17.7,,,,,,,,,,,
980,192106.0,1921.0,06,,17.6,,,,,,,,,,,
981,192107.0,1921.0,07,,17.7,,,,,,,,,,,
982,192108.0,1921.0,08,,17.7,,,,,,,,,,,
983,192109.0,1921.0,09,,17.5,,,,,,,,,,,
984,192110.0,1921.0,10,,17.5,,,,,,,,,,,
985,192111.0,1921.0,11,,17.4,,,,,,,,,,,
986,192112.0,1921.0,12,,17.3,,,,,,,,,,,
987,192201.0,1922.0,01,,16.9,,,,,,,,,,,
988,192202.0,1922.0,02,,16.9,,,,,,,,,,,
989,192203.0,1922.0,03,,16.7,,,,,,,,,,,
990,192204.0,1922.0,04,,16.7,,,,,,,,,,,
991,192205.0,1922.0,05,,16.7,,,,,,,,,,,
992,192206.0,1922.0,06,,16.7,,,,,,,,,,,
993,192207.0,1922.0,07,,16.8,,,,,,,,,,,
994,192208.0,1922.0,08,,16.6,,,,,,,,,,,
995,192209.0,1922.0,09,,16.6,,,,,,,,,,,
996,192210.0,1922.0,10,,16.7,,,,,,,,,,,
997,192211.0,1922.0,11,,16.8,,,,,,,,,,,
998,192212.0,1922.0,12,,16.9,,,,,,,,,,,
999,192301.0,1923.0,01,,16.8,,,,,,,,,,,
1000,192302.0,1923.0,02,,16.8,,,,,,,,,,,
1001,192303.0,1923.0,03,,16.8,,,,,,,,,,,
1002,192304.0,1923.0,04,,16.9,,,,,,,,,,,
1003,192305.0,1923.0,05,,16.9,,,,,,,,,,,
1004,192306.0,1923.0,06,,17.0,,,,,,,,,,,
1005,192307.0,1923.0,07,,17.2,,,,,,,,,,,
1006,192308.0,1923.0,08,,17.1,,,,,,,,,,,
1007,192309.0,1923.0,09,,17.2,,,,,,,,,,,
1008,192310.0,1923.0,10,,17.3,,,,,,,,,,,
1009,192311.0,1923.0,11,,17.3,,,,,,,,,,,
1010,192312.0,1923.0,12,,17.3,,,,,,,,,,,
1011,192401.0,1924.0,01,,17.3,,,,,,,,,,,
1012,192402.0,1924.0,02,,17.2,,,,,,,,,,,
1013,192403.0,1924.0,03,,17.1,,,,,,,,,,,
1014,192404.0,1924.0,04,,17.0,,,,,,,,,,,
1015,192405.0,1924.0,05,,17.0,,,,,,,,,,,
1016,192406.0,1924.0,06,,17.0,,,,,,,,,,,
1017,192407.0,1924.0,07,,17.1,,,,,,,,,,,
1018,192408.0,1924.0,08,,17.0,,,,,,,,,,,
1019,192409.0,1924.0,09,,17.1,,,,,,,,,,,
1020,192410.0,1924.0,10,,17.2,,,,,,,,,,,
1021,192411.0,1924.0,11,,17.2,,,,,,,,,,,
1022,192412.0,1924.0,12,,17.3,,,,,,,,,,,
1023,192501.0,1925.0,01,,17.3,,,,,,,,,,,
1024,192502.0,1925.0,02,,17.2,,,,,,,,,,,
1025,192503.0,1925.0,03,,17.3,,,,,,,,,,,
1026,192504.0,1925.0,04,,17.2,,,,,,,,,,,
1027,192505.0,1925.0,05,,17.3,,,,,,,,,,,
1028,192506.0,1925.0,06,,17.5,,,,,,,,,,,
1029,192507.0,1925.0,07,,17.7,,,,,,,,,,,
1030,192508.0,1925.0,08,,17.7,,,,,,,,,,,
1031,192509.0,1925.0,09,,17.7,,,,,,,,,,,
1032,192510.0,1925.0,10,,17.7,,,,,,,,,,,
1033,192511.0,1925.0,11,,18.0,,,,,,,,,,,
1034,192512.0,1925.0,12,,17.9,,,,,,,,,,,
1035,192601.0,1926.0,01,,17.9,,,,,,,,,,,
1036,192602.0,1926.0,02,,17.9,,,,,,,,,,,
1037,192603.0,1926.0,03,,17.8,,,,,,,,,,,
1038,192604.0,1926.0,04,,17.9,,,,,,,,,,,
1039,192605.0,1926.0,05,,17.8,,,,,,,,,,,
1040,192606.0,1926.0,06,,17.7,,,,,,,,,,,
1041,192607.0,1926.0,07,,17.5,,,,,,,,,,,
1042,192608.0,1926.0,08,,17.4,,,,,,,,,,,
1043,192609.0,1926.0,09,,17.5,,,,,,,,,,,
1044,192610.0,1926.0,10,,17.6,,,,,,,,,,,
1045,192611.0,1926.0,11,,17.7,,,,,,,,,,,
1046,192612.0,1926.0,12,,17.7,,,,,,,,,,,
1047,192701.0,1927.0,01,,17.5,,,,,,,,,,,
1048,192702.0,1927.0,02,,17.4,,,,,,,,,,,
1049,192703.0,1927.0,03,,17.3,,,,,,,,,,,
1050,192704.0,1927.0,04,,17.3,,,,,,,,,,,
1051,192705.0,1927.0,05,,17.4,,,,,,,,,,,
1052,192706.0,1927.0,06,,17.6,,,,,,,,,,,
1053,192707.0,1927.0,07,,17.3,,,,,,,,,,,
1054,192708.0,1927.0,08,,17.2,,,,,,,,,,,
1055,192709.0,1927.0,09,,17.3,,,,,,,,,,,
1056,192710.0,1927.0,10,,17.4,,,,,,,,,,,
1057,192711.0,1927.0,11,,17.3,,,,,,,,,,,
1058,192712.0,1927.0,12,,17.3,,,,,,,,,,,
1059,192801.0,1928.0,01,,17.3,,,,,,,,,,,
1060,192802.0,1928.0,02,,17.1,,,,,,,,,,,
1061,192803.0,1928.0,03,,17.1,,,,,,,,,,,
1062,192804.0,1928.0,04,,17.1,,,,,,,,,,,
1063,192805.0,1928.0,05,,17.2,,,,,,,,,,,
1064,192806.0,1928.0,06,,17.1,,,,,,,,,,,
1065,192807.0,1928.0,07,,17.1,,,,,,,,,,,
1066,192808.0,1928.0,08,,17.1,,,,,,,,,,,
1067,192809.0,1928.0,09,,17.3,,,,,,,,,,,
1068,192810.0,1928.0,10,,17.2,,,,,,,,,,,
1069,192811.0,1928.0,11,,17.2,,,,,,,,,,,
1070,192812.0,1928.0,12,,17.1,,,,,,,,,,,
1071,192901.0,1929.0,01,,17.1,,,,,,,,,,,
1072,192902.0,1929.0,02,,17.1,,,,,,,,,,,
1073,192903.0,1929.0,03,,17.0,,,,,,,,,,,
1074,192904.0,1929.0,04,,16.9,,,,,,,,,,,
1075,192905.0,1929.0,05,,17.0,,,,,,,,,,,
1076,192906.0,1929.0,06,,17.1,,,,,,,,,,,
1077,192907.0,1929.0,07,,17.3,,,,,,,,,,,
1078,192908.0,1929.0,08,,17.3,,,,,,,,,,,
1079,192909.0,1929.0,09,,17.3,,,,,,,,,,,
1080,192910.0,1929.0,10,,17.3,,,,,,,,,,,
1081,192911.0,1929.0,11,,17.3,,,,,,,,,,,
1082,192912.0,1929.0,12,,17.2,,,,,,,,,,,
1083,193001.0,1930.0,01,,17.1,,,,,,,,,,,
1084,193002.0,1930.0,02,,17.0,,,,,,,,,,,
1085,193003.0,1930.0,03,,16.9,,,,,,,,,,,
1086,193004.0,1930.0,04,,17.0,,,,,,,,,,,
1087,193005.0,1930.0,05,,16.9,,,,,,,,,,,
1088,193006.0,1930.0,06,,16.8,,,,,,,,,,,
1089,193007.0,1930.0,07,,16.6,,,,,,,,,,,
1090,193008.0,1930.0,08,,16.5,,,,,,,,,,,
1091,193009.0,1930.0,09,,16.6,,,,,,,,,,,
1092,193010.0,1930.0,10,,16.5,,,,,,,,,,,
1093,193011.0,1930.0,11,,16.4,,,,,,,,,,,
1094,193012.0,1930.0,12,,16.1,,,,,,,,,,,
1095,193101.0,1931.0,01,,15.9,,,,,,,,,,,
1096,193102.0,1931.0,02,,15.7,,,,,,,,,,,
1097,193103.0,1931.0,03,,15.6,,,,,,,,,,,
1098,193104.0,1931.0,04,,15.5,,,,,,,,,,,
1099,193105.0,1931.0,05,,15.3,,,,,,,,,,,
1100,193106.0,1931.0,06,,15.1,,,,,,,,,,,
1101,193107.0,1931.0,07,,15.1,,,,,,,,,,,
1102,193108.0,1931.0,08,,15.1,,,,,,,,,,,
1103,193109.0,1931.0,09,,15.0,,,,,,,,,,,
1104,193110.0,1931.0,10,,14.9,,,,,,,,,,,
1105,193111.0,1931.0,11,,14.7,,,,,,,,,,,
1106,193112.0,1931.0,12,,14.6,,,,,,,,,,,
1107,193201.0,1932.0,01,,14.3,,,,,,,,,,,
1108,193202.0,1932.0,02,,14.1,,,,,,,,,,,
1109,193203.0,1932.0,03,,14.0,,,,,,,,,,,
1110,193204.0,1932.0,04,,13.9,,,,,,,,,,,
1111,193205.0,1932.0,05,,13.7,,,,,,,,,,,
1112,193206.0,1932.0,06,,13.6,,,,,,,,,,,
1113,193207.0,1932.0,07,,13.6,,,,,,,,,,,
1114,193208.0,1932.0,08,,13.5,,,,,,,,,,,
1115,193209.0,1932.0,09,,13.4,,,,,,,,,,,
1116,193210.0,1932.0,10,,13.3,,,,,,,,,,,
1117,193211.0,1932.0,11,,13.2,,,,,,,,,,,
1118,193212.0,1932.0,12,,13.1,,,,,,,,,,,
1119,193301.0,1933.0,01,,12.9,,,,,,,,,,,
1120,193302.0,1933.0,02,,12.7,,,,,,,,,,,
1121,193303.0,1933.0,03,,12.6,,,,,,,,,,,
1122,193304.0,1933.0,04,,12.6,,,,,,,,,,,
1123,193305.0,1933.0,05,,12.6,,,,,,,,,,,
1124,193306.0,1933.0,06,,12.7,,,,,,,,,,,
1125,193307.0,1933.0,07,,13.1,,,,,,,,,,,
1126,193308.0,1933.0,08,,13.2,,,,,,,,,,,
1127,193309.0,1933.0,09,,13.2,,,,,,,,,,,
1128,193310.0,1933.0,10,,13.2,,,,,,,,,,,
1129,193311.0,1933.0,11,,13.2,,,,,,,,,,,
1130,193312.0,1933.0,12,,13.2,,,,,,,,,,,
1131,193401.0,1934.0,01,,13.2,,,,,,,,,,,
1132,193402.0,1934.0,02,,13.3,,,,,,,,,,,
1133,193403.0,1934.0,03,,13.3,,,,,,,,,,,
1134,193404.0,1934.0,04,,13.3,,,,,,,,,,,
1135,193405.0,1934.0,05,,13.3,,,,,,,,,,,
1136,193406.0,1934.0,06,,13.4,,,,,,,,,,,
1137,193407.0,1934.0,07,,13.4,,,,,,,,,,,
1138,193408.0,1934.0,08,,13.4,,,,,,,,,,,
1139,193409.0,1934.0,09,,13.6,,,,,,,,,,,
1140,193410.0,1934.0,10,,13.5,,,,,,,,,,,
1141,193411.0,1934.0,11,,13.5,,,,,,,,,,,
1142,193412.0,1934.0,12,,13.4,,,,,,,,,,,
1143,193501.0,1935.0,01,,13.6,,,,,,,,,,,
1144,193502.0,1935.0,02,,13.7,,,,,,,,,,,
0,193503.0,1935.0,03,14.9,13.7,,17.7,,,,,,10.2,13.1,,
1145,193504.0,1935.0,04,,13.8,,,,,,,,,,,
1146,193505.0,1935.0,05,,13.8,,,,,,,,,,,
1147,193506.0,1935.0,06,,13.7,,,,,,,,,,,
1,193507.0,1935.0,07,14.8,13.7,,17.8,,,,,,10.2,13.5,,
1148,193508.0,1935.0,08,,13.7,,,,,,,,,,,
1149,193509.0,1935.0,09,,13.7,,,,,,,,,,,
2,193510.0,1935.0,10,14.9,13.7,,17.9,,,,,,10.2,12.8,,
1150,193511.0,1935.0,11,,13.8,,,,,,,,,,,
1151,193512.0,1935.0,12,,13.8,,,,,,,,,,,
3,193601.0,1936.0,01,15.0,13.8,,18.0,,,,,,10.2,13.0,,
1152,193602.0,1936.0,02,,13.8,,,,,,,,,,,
1153,193603.0,1936.0,03,,13.7,,,,,,,,,,,
4,193604.0,1936.0,04,14.8,13.7,,18.0,,,,,,10.2,13.4,,
1154,193605.0,1936.0,05,,13.7,,,,,,,,,,,
1155,193606.0,1936.0,06,,13.8,,,,,,,,,,,
5,193607.0,1936.0,07,15.1,13.9,,18.0,,,,,,10.2,13.9,,
1156,193608.0,1936.0,08,,14.0,,,,,,,,,,,
6,193609.0,1936.0,09,15.3,14.0,,18.1,,,,,,10.2,13.9,,
1157,193610.0,1936.0,10,,14.0,,,,,,,,,,,
1158,193611.0,1936.0,11,,14.0,,,,,,,,,,,
7,193612.0,1936.0,12,15.1,14.0,,18.3,,,,,,10.2,13.9,,
1159,193701.0,1937.0,01,,14.1,,,,,,,,,,,
1160,193702.0,1937.0,02,,14.1,,,,,,,,,,,
8,193703.0,1937.0,03,15.6,14.2,,18.8,,,,,,10.3,14.3,,
1161,193704.0,1937.0,04,,14.3,,,,,,,,,,,
1162,193705.0,1937.0,05,,14.4,,,,,,,,,,,
9,193706.0,1937.0,06,15.7,14.4,,19.1,,,,,,10.3,14.3,,
1163,193707.0,1937.0,07,,14.5,,,,,,,,,,,
1164,193708.0,1937.0,08,,14.5,,,,,,,,,,,
10,193709.0,1937.0,09,16.0,14.6,,19.6,,,,,,10.3,14.3,,
1165,193710.0,1937.0,10,,14.6,,,,,,,,,,,
1166,193711.0,1937.0,11,,14.5,,,,,,,,,,,
11,193712.0,1937.0,12,15.6,14.4,,19.9,,,,,,10.3,14.0,,
1167,193801.0,1938.0,01,,14.2,,,,,,,,,,,
1168,193802.0,1938.0,02,,14.1,,,,,,,,,,,
12,193803.0,1938.0,03,15.1,14.1,,19.7,,,,,,10.3,13.9,,
1169,193804.0,1938.0,04,,14.2,,,,,,,,,,,
1170,193805.0,1938.0,05,,14.1,,,,,,,,,,,
13,193806.0,1938.0,06,15.1,14.1,,19.6,,,,,,10.3,14.0,,
1171,193807.0,1938.0,07,,14.1,,,,,,,,,,,
1172,193808.0,1938.0,08,,14.1,,,,,,,,,,,
14,193809.0,1938.0,09,15.0,14.1,,19.4,,,,,,10.3,13.8,,
1173,193810.0,1938.0,10,,14.0,,,,,,,,,,,
1174,193811.0,1938.0,11,,14.0,,,,,,,,,,,
15,193812.0,1938.0,12,14.9,14.0,,19.2,,,,,,10.3,13.2,,
1175,193901.0,1939.0,01,,14.0,,,,,,,,,,,
1176,193902.0,1939.0,02,,13.9,,,,,,,,,,,
16,193903.0,1939.0,03,14.7,13.9,,19.1,,,,,,10.3,12.7,,
1177,193904.0,1939.0,04,,13.8,,,,,,,,,,,
1178,193905.0,1939.0,05,,13.8,,,,,,,,,,,
17,193906.0,1939.0,06,14.6,13.8,,19.1,,,,,,10.4,12.8,,
1179,193907.0,1939.0,07,,13.8,,,,,,,,,,,
1180,193908.0,1939.0,08,,13.8,,,,,,,,,,,
18,193909.0,1939.0,09,15.0,14.1,,19.1,,,,,,10.4,13.1,,
1181,193910.0,1939.0,10,,14.0,,,,,,,,,,,
1182,193911.0,1939.0,11,,14.0,,,,,,,,,,,
19,193912.0,1939.0,12,14.8,14.0,,19.2,,,,,,10.4,13.1,,
1183,194001.0,1940.0,01,,13.9,,,,,,,,,,,
1184,194002.0,1940.0,02,,14.0,,,,,,,,,,,
20,194003.0,1940.0,03,14.8,14.0,,18.9,,,,,,10.4,13.0,,
1185,194004.0,1940.0,04,,14.0,,,,,,,,,,,
1186,194005.0,1940.0,05,,14.0,,,,,,,,,,,
21,194006.0,1940.0,06,15.0,14.1,,18.9,,,,,,10.3,12.5,,
1187,194007.0,1940.0,07,,14.0,,,,,,,,,,,
1188,194008.0,1940.0,08,,14.0,,,,,,,,,,,
22,194009.0,1940.0,09,14.9,14.0,,18.9,,,,,,10.3,12.7,,
1189,194010.0,1940.0,10,,14.0,,,,,,,,,12.5,,
1190,194011.0,1940.0,11,,14.0,,,,,,,,,12.5,,
23,194012.0,1940.0,12,15.0,14.1,,19.2,,,,,,10.4,12.4,,
1191,194101.0,1941.0,01,,14.1,,,,,,,,,12.5,,
1192,194102.0,1941.0,02,,14.1,,,,,,,,,12.5,,
24,194103.0,1941.0,03,15.1,14.2,,19.3,,,,,,10.4,12.6,,
1193,194104.0,1941.0,04,,14.3,,,,,,,,,12.8,,
1194,194105.0,1941.0,05,,14.4,,,,,,,,,13.1,,
25,194106.0,1941.0,06,15.8,14.7,,19.8,,,,,,10.4,13.6,,
1195,194107.0,1941.0,07,,14.7,,,,,,,,,13.6,,
1196,194108.0,1941.0,08,,14.9,,,,,,,,,13.6,,
26,194109.0,1941.0,09,16.6,15.1,,20.7,,,,,,10.4,13.9,,
1197,194110.0,1941.0,10,,15.3,,,,,,,,,13.9,,
1198,194111.0,1941.0,11,,15.4,,,,,,,,,13.8,,
27,194112.0,1941.0,12,17.0,15.5,,22.2,,,,,,10.5,13.8,,
1199,194201.0,1942.0,01,,15.7,,,,,,,,,13.9,,
1200,194202.0,1942.0,02,,15.8,,,,,,,,,13.9,,
28,194203.0,1942.0,03,17.8,16.0,,23.2,,,,,,10.6,13.9,,
1201,194204.0,1942.0,04,,16.1,,,,,,,,,14.0,,
1202,194205.0,1942.0,05,,16.3,,,,,,,,,14.0,,
29,194206.0,1942.0,06,18.2,16.3,,23.2,,,,,,10.7,14.3,,
1203,194207.0,1942.0,07,,16.4,,,,,,,,,14.5,,
1204,194208.0,1942.0,08,,16.5,,,,,,,,,14.0,,
30,194209.0,1942.0,09,18.6,16.5,,23.0,,,,,,10.8,14.0,,
1205,194210.0,1942.0,10,,16.7,,,,,,,,,14.1,,
1206,194211.0,1942.0,11,,16.8,,,,,,,,,14.1,,
31,194212.0,1942.0,12,19.2,16.9,,23.0,,,,,,10.9,14.2,,
1207,194301.0,1943.0,01,,16.9,,,,,,,,,14.2,,
1208,194302.0,1943.0,02,,16.9,,,,,,,,,14.2,,
32,194303.0,1943.0,03,19.7,17.2,,23.4,,,,,,11.1,14.2,,
1209,194304.0,1943.0,04,,17.4,,,,,,,,,14.2,,
1210,194305.0,1943.0,05,,17.5,,,,,,,,,14.2,,
33,194306.0,1943.0,06,20.2,17.5,,23.9,,,,,,11.2,14.2,,
1211,194307.0,1943.0,07,,17.4,,,,,,,,,14.3,,
1212,194308.0,1943.0,08,,17.3,,,,,,,,,14.3,,
34,194309.0,1943.0,09,19.9,17.4,,24.1,,,,,,11.4,14.3,,
1213,194310.0,1943.0,10,,17.4,,,,,,,,,14.3,,
1214,194311.0,1943.0,11,,17.4,,,,,,,,,14.3,,
35,194312.0,1943.0,12,20.0,17.4,,24.2,,,,,,11.4,14.3,,
1215,194401.0,1944.0,01,,17.4,,,,,,,,,14.3,,
1216,194402.0,1944.0,02,,17.4,,,,,,,,,14.3,,
36,194403.0,1944.0,03,19.8,17.4,,24.3,,,,,,11.5,14.3,,
1217,194404.0,1944.0,04,,17.5,,,,,,,,,14.3,,
1218,194405.0,1944.0,05,,17.5,,,,,,,,,14.3,,
37,194406.0,1944.0,06,20.0,17.6,,26.4,,,,,,11.5,14.3,,
1219,194407.0,1944.0,07,,17.7,,,,,,,,,14.3,,
1220,194408.0,1944.0,08,,17.7,,,,,,,,,14.3,,
38,194409.0,1944.0,09,20.3,17.7,,26.9,,,,,,11.6,14.3,,
1221,194410.0,1944.0,10,,17.7,,,,,,,,,14.3,,
1222,194411.0,1944.0,11,,17.7,,,,,,,,,14.3,,
39,194412.0,1944.0,12,20.4,17.8,,27.4,,,,,,11.7,14.3,,
1223,194501.0,1945.0,01,,17.8,,,,,,,,,14.3,,
1224,194502.0,1945.0,02,,17.8,,,,,,,,,14.3,,
40,194503.0,1945.0,03,20.3,17.8,,27.8,,,,,,11.8,14.3,,
1225,194504.0,1945.0,04,,17.8,,,,,,,,,14.3,,
1226,194505.0,1945.0,05,,17.9,,,,,,,,,14.3,,
41,194506.0,1945.0,06,20.8,18.1,,28.0,,,,,,11.9,14.3,,
1227,194507.0,1945.0,07,,18.1,,,,,,,,,14.3,,
1228,194508.0,1945.0,08,,18.1,,,,,,,,,14.3,,
42,194509.0,1945.0,09,20.8,18.1,,28.1,,,,,,11.9,14.3,,
1229,194510.0,1945.0,10,,18.1,,,,,,,,,14.1,,
1230,194511.0,1945.0,11,,18.1,,,,,,,,,14.1,,
43,194512.0,1945.0,12,21.0,18.2,,28.3,,,,,,12.0,14.1,,
1231,194601.0,1946.0,01,,18.2,,,,,,,,,14.1,,
1232,194602.0,1946.0,02,,18.1,,,,,,,,,14.1,,
44,194603.0,1946.0,03,21.0,18.3,,28.6,,,,,,12.2,14.1,,
1233,194604.0,1946.0,04,,18.4,,,,,,,,,14.1,,
1234,194605.0,1946.0,05,,18.5,,,,,,,,,14.1,,
45,194606.0,1946.0,06,21.7,18.7,,29.7,,,,,,12.4,14.1,,
1235,194607.0,1946.0,07,,19.8,,,,,,,,,14.1,,
1236,194608.0,1946.0,08,,20.2,,,,,,,,,14.9,,
46,194609.0,1946.0,09,24.6,20.4,,28.8,,,,,,12.7,15.1,,
1237,194610.0,1946.0,10,,20.8,,,,,,,,,15.1,,
1238,194611.0,1946.0,11,,21.3,,,,,,,,,15.1,,
47,194612.0,1946.0,12,26.2,21.5,,30.5,,,,,,13.0,15.2,,
1239,194701.0,1947.0,01,,21.5,,,,,,,,13.2,15.2,,
1240,194702.0,1947.0,02,,21.5,,,,,,,,13.3,15.4,,
48,194703.0,1947.0,03,26.8,21.9,,31.1,,,,,,13.3,15.7,33.3,
1241,194704.0,1947.0,04,,21.9,,,,,,,,13.4,,,
1242,194705.0,1947.0,05,,21.9,,,,,,,,13.5,,,
49,194706.0,1947.0,06,27.0,22.0,,31.2,,,,,,13.5,16.3,33.4,
1243,194707.0,1947.0,07,,22.2,,,,,,,,13.5,,,
1244,194708.0,1947.0,08,,22.5,,,,,,,,13.6,,,
50,194709.0,1947.0,09,28.3,23.0,,32.3,,,,,,13.7,16.8,35.2,
1245,194710.0,1947.0,10,,23.0,,,,,,,,13.8,,,
1246,194711.0,1947.0,11,,23.1,,,,,,,,13.8,17.3,35.5,
51,194712.0,1947.0,12,28.9,23.4,,32.9,,,,,,13.9,17.7,35.5,
1247,194801.0,1948.0,01,,23.7,,,,,,,,14.0,,,
1248,194802.0,1948.0,02,,23.5,,,,,,,,14.0,,,
52,194803.0,1948.0,03,28.8,23.4,,33.3,,,,,,14.1,18.6,35.7,
1249,194804.0,1948.0,04,,23.8,,,,,,,,14.3,,,
1250,194805.0,1948.0,05,,23.9,,,,,,,,14.3,,,
53,194806.0,1948.0,06,29.8,24.1,,33.4,,,,,,14.3,18.6,35.7,
1251,194807.0,1948.0,07,,24.4,,,,,,,,14.5,,,
1252,194808.0,1948.0,08,,24.5,,,,,,,,14.5,,,
54,194809.0,1948.0,09,30.3,24.5,,35.0,,,,,,14.5,18.6,39.6,
1253,194810.0,1948.0,10,,24.4,,,,,,,,14.6,,,
1254,194811.0,1948.0,11,,24.2,,,,,,,,14.7,,,
55,194812.0,1948.0,12,29.4,24.1,,35.1,,,,,,14.7,18.8,39.6,
1255,194901.0,1949.0,01,,24.0,,,,,,,,14.8,,,
1256,194902.0,1949.0,02,,23.8,,,,,,,,14.8,,,
56,194903.0,1949.0,03,28.9,23.8,,35.0,,,,,,14.8,19.0,40.8,
1257,194904.0,1949.0,04,,23.9,,,,,,,,14.8,,,
1258,194905.0,1949.0,05,,23.8,,,,,,,,14.8,,,
57,194906.0,1949.0,06,28.9,23.9,,34.3,,,,,,14.8,19.2,40.9,
1259,194907.0,1949.0,07,,23.7,,,,,,,,14.8,,,
1260,194908.0,1949.0,08,,23.8,,,,,,,,14.9,,,
58,194909.0,1949.0,09,28.8,23.9,,34.2,,,,,,14.9,19.3,41.2,
1261,194910.0,1949.0,10,,23.7,,,,,,,,14.9,,,
1262,194911.0,1949.0,11,,23.8,,,,,,,,14.9,,,
59,194912.0,1949.0,12,28.2,23.6,,34.2,,,,,,14.9,19.1,41.2,
1263,195001.0,1950.0,01,,23.5,,,,,,,,15.0,,,
1264,195002.0,1950.0,02,,23.5,,,,,,,,15.0,,,
60,195003.0,1950.0,03,28.1,23.6,,34.2,,,,,,15.0,18.6,41.2,
1265,195004.0,1950.0,04,,23.6,,,,,,,,15.0,,,
1266,195005.0,1950.0,05,,23.7,,,,,,,,15.0,,,
61,195006.0,1950.0,06,28.7,23.8,,34.2,,,,,,15.0,18.7,41.2,
1267,195007.0,1950.0,07,,24.1,,,,,,,,15.1,,,
1268,195008.0,1950.0,08,,24.3,,,,,,,,15.1,,,
62,195009.0,1950.0,09,29.4,24.4,,35.4,,,,,,15.2,19.1,41.2,
1269,195010.0,1950.0,10,,24.6,,,,,,,,15.3,,,
1270,195011.0,1950.0,11,,24.7,,,,,,,,15.3,,,
63,195012.0,1950.0,12,30.4,25.0,,36.3,,,,,,15.4,19.4,41.3,
1271,195101.0,1951.0,01,,25.4,,,,,,,,15.5,,,
1272,195102.0,1951.0,02,,25.7,,,,,,,,15.5,,,
64,195103.0,1951.0,03,31.5,25.8,,37.5,,,,,,15.7,19.5,42.3,
1273,195104.0,1951.0,04,,25.8,,,,,,,,15.7,,,
1274,195105.0,1951.0,05,,25.9,,,,,,,,15.8,,,
65,195106.0,1951.0,06,31.6,25.9,,37.6,,,,,,15.8,19.5,42.4,
1275,195107.0,1951.0,07,,25.9,,,,,,,,15.8,,,
1276,195108.0,1951.0,08,,25.9,,,,,,,,15.9,,,
66,195109.0,1951.0,09,31.7,26.1,,37.6,,,,,,15.9,19.3,43.7,
1277,195110.0,1951.0,10,,26.2,,,,,,,,16.0,,,
1278,195111.0,1951.0,11,,26.4,,,,,,,,16.1,,,
67,195112.0,1951.0,12,32.2,26.5,,38.1,,,,,,16.3,19.8,45.3,
1279,195201.0,1952.0,01,,26.5,,,,,,,,16.4,,,
1280,195202.0,1952.0,02,,26.3,,,,,,,,16.4,,,
68,195203.0,1952.0,03,31.8,26.3,,38.2,,,,,,16.5,20.0,46.8,
1281,195204.0,1952.0,04,,26.4,,,,,,,,16.5,,,
1282,195205.0,1952.0,05,,26.4,,,,,,,,16.5,,,
69,195206.0,1952.0,06,32.0,26.5,,37.9,,,,,,16.8,20.1,46.8,
1283,195207.0,1952.0,07,,26.7,,,,,,,,16.8,,,
1284,195208.0,1952.0,08,,26.7,,,,,,,,16.8,,,
70,195209.0,1952.0,09,32.1,26.7,,37.9,,,,,,16.9,20.2,47.0,
1285,195210.0,1952.0,10,,26.7,,,,,,,,16.9,,,
1286,195211.0,1952.0,11,,26.7,,,,,,,,16.9,,,
71,195212.0,1952.0,12,31.9,26.7,,38.0,,,,,,17.0,19.9,47.3,28.4
1287,195301.0,1953.0,01,,26.6,,,,,,,,17.0,,47.3,28.6
1288,195302.0,1953.0,02,,26.5,,,,,,,,17.0,,47.4,28.2
72,195303.0,1953.0,03,31.7,26.6,,37.9,,,,,,17.0,20.7,47.3,27.8
1289,195304.0,1953.0,04,,26.6,,,,,,,,17.1,,47.2,27.7
1290,195305.0,1953.0,05,,26.7,,,,,,,,17.2,,47.3,27.2
73,195306.0,1953.0,06,31.9,26.8,,37.8,,,,,,17.3,20.9,47.3,26.8
1291,195307.0,1953.0,07,,26.8,,,,,,,,17.3,,47.3,26.6
1292,195308.0,1953.0,08,,26.9,,,,,,,,17.4,,47.3,26.4
74,195309.0,1953.0,09,32.0,26.9,,37.7,,,,,,17.5,22.0,47.3,26.0
1293,195310.0,1953.0,10,,27.0,,,,,,,,17.5,,47.4,25.7
1294,195311.0,1953.0,11,,26.9,,,,,,,,17.6,,47.4,25.1
75,195312.0,1953.0,12,31.8,26.9,,37.4,,,,,,17.6,21.9,46.5,24.7
1295,195401.0,1954.0,01,,26.9,,,,,,,,17.6,,48.6,24.1
1296,195402.0,1954.0,02,,26.9,,,,,,,,17.7,,47.9,23.1
76,195403.0,1954.0,03,31.7,26.9,,37.2,,,,,,17.7,21.9,47.6,22.7
1297,195404.0,1954.0,04,,26.8,,,,,,,,17.8,,47.9,22.5
1298,195405.0,1954.0,05,,26.9,,,,,,,,17.8,,48.0,22.5
77,195406.0,1954.0,06,31.7,26.9,,36.9,,,,,,17.8,21.8,47.7,22.8
1299,195407.0,1954.0,07,,26.9,,,,,,,,17.8,,44.6,22.6
1300,195408.0,1954.0,08,,26.9,,,,,,,,17.9,,44.5,22.8
78,195409.0,1954.0,09,31.5,26.8,,36.3,,,,,,17.9,21.6,43.9,22.8
1301,195410.0,1954.0,10,,26.8,,,,,,,,17.9,,42.6,22.7
1302,195411.0,1954.0,11,,26.8,,,,,,,,18.0,,47.7,22.4
79,195412.0,1954.0,12,31.3,26.7,,36.5,,,,,,18.0,21.6,47.1,21.9
1303,195501.0,1955.0,01,,26.7,,,,,,,,18.0,,46.6,22.3
1304,195502.0,1955.0,02,,26.7,,,,,,,,18.1,,46.3,22.0
80,195503.0,1955.0,03,31.3,26.7,,36.2,,,,,,18.1,21.8,45.8,21.9
1305,195504.0,1955.0,04,,26.7,,,,,,,,18.1,,44.2,20.9
1306,195505.0,1955.0,05,,26.7,,,,,,,,18.2,,44.2,21.4
81,195506.0,1955.0,06,31.3,26.7,,35.9,,,,,,18.2,22.1,44.6,21.7
1307,195507.0,1955.0,07,,26.8,,,,,,,,18.2,,43.8,21.5
1308,195508.0,1955.0,08,,26.8,,,,,,,,18.2,,43.1,21.5
82,195509.0,1955.0,09,31.4,26.9,,35.8,,,,,,18.3,22.3,42.2,21.6
1309,195510.0,1955.0,10,,26.9,,,,,,,,18.4,,44.4,21.3
1310,195511.0,1955.0,11,,26.9,,,,,,,,18.5,,47.3,21.1
83,195512.0,1955.0,12,31.2,26.8,,36.1,,,,,,18.6,22.4,46.0,20.5
84,195601.0,1956.0,01,31.1,26.8,,35.8,,,,,,18.6,,45.3,20.0
85,195602.0,1956.0,02,31.1,26.8,,35.8,,,,,,18.7,,45.3,20.1
86,195603.0,1956.0,03,31.1,26.8,,35.8,,,,,,18.7,22.4,45.6,19.6
87,195604.0,1956.0,04,31.2,26.9,,35.7,,,,,,18.8,,45.0,19.7
88,195605.0,1956.0,05,31.4,27.0,,35.7,,,,,,18.8,,45.1,20.4
89,195606.0,1956.0,06,31.6,27.2,,35.7,,,,,,18.8,22.6,45.0,20.1
90,195607.0,1956.0,07,31.9,27.4,,35.9,,,,,,18.9,,44.8,20.5
91,195608.0,1956.0,08,31.7,27.3,,36.1,,,,,,19.0,,44.8,21.1
92,195609.0,1956.0,09,31.8,27.4,,36.1,,,,,,19.1,23.4,44.4,21.3
93,195610.0,1956.0,10,32.0,27.5,,36.7,,,,,,19.1,,49.1,21.8
94,195611.0,1956.0,11,32.0,27.5,,36.8,,,,,,19.2,,49.7,21.8
95,195612.0,1956.0,12,32.0,27.6,,36.9,,,,,,19.2,23.2,49.6,21.8
96,195701.0,1957.0,01,32.1,27.6,,37.0,,21.3,,,,19.3,23.3,49.3,22.1
97,195702.0,1957.0,02,32.2,27.7,,37.0,,21.5,,,,19.3,23.8,49.1,21.8
98,195703.0,1957.0,03,32.2,27.8,,37.1,,21.6,,,,19.5,24.0,48.7,22.6
99,195704.0,1957.0,04,32.4,27.9,,37.2,,21.5,,,,19.5,24.0,48.7,22.8
100,195705.0,1957.0,05,32.4,28.0,,37.2,,21.4,,,,19.6,23.9,48.3,23.0
101,195706.0,1957.0,06,32.6,28.1,,37.2,,21.4,,,,19.7,23.9,47.9,23.2
102,195707.0,1957.0,07,32.8,28.3,,37.1,,21.5,,,,19.7,24.0,47.5,23.3
103,195708.0,1957.0,08,32.8,28.3,,37.2,,21.4,,,,19.8,23.6,47.4,23.7
104,195709.0,1957.0,09,32.8,28.3,,37.2,,21.5,,,,19.8,23.7,46.8,23.9
105,195710.0,1957.0,10,32.8,28.3,,37.3,,21.4,,,,19.9,23.5,46.4,24.0
106,195711.0,1957.0,11,32.9,28.4,,37.8,,21.6,,,,20.0,23.8,51.8,23.9
107,195712.0,1957.0,12,32.9,28.4,,37.7,,21.6,,,,20.1,23.7,50.6,23.5
108,195801.0,1958.0,01,33.1,28.6,,37.7,,21.7,,,,20.2,23.8,49.8,22.9
109,195802.0,1958.0,02,33.1,28.6,,37.7,,21.4,,,,20.2,23.1,49.8,22.8
110,195803.0,1958.0,03,33.3,28.8,,37.6,,21.5,,,,20.3,23.4,49.5,22.7
111,195804.0,1958.0,04,33.4,28.9,,37.7,,21.3,,,,20.4,23.1,49.2,22.9
112,195805.0,1958.0,05,33.4,28.9,,37.7,,21.4,,,,20.5,23.4,49.0,23.2
113,195806.0,1958.0,06,33.4,28.9,,37.6,,21.4,,,,20.6,23.3,49.0,23.4
114,195807.0,1958.0,07,33.5,29.0,,37.7,,21.6,,,,20.7,23.8,49.0,24.0
115,195808.0,1958.0,08,33.3,28.9,,37.7,,21.8,,,,20.7,24.0,48.9,24.5
116,195809.0,1958.0,09,33.3,28.9,,37.7,,21.7,,,,20.9,23.8,48.7,25.3
117,195810.0,1958.0,10,33.3,28.9,,37.9,,21.7,,,,21.0,23.6,50.7,25.4
118,195811.0,1958.0,11,33.4,29.0,,38.3,,21.5,,,,21.0,23.1,54.0,25.4
119,195812.0,1958.0,12,33.3,28.9,,38.4,,21.4,,,,21.0,22.8,53.7,25.6
120,195901.0,1959.0,01,33.3,29.0,,38.2,,21.5,,,,21.1,22.8,52.8,25.5
121,195902.0,1959.0,02,33.2,28.9,,38.1,,21.7,,,,21.2,23.2,52.4,25.5
122,195903.0,1959.0,03,33.2,28.9,,38.2,,21.8,,,,21.3,23.4,52.4,25.9
123,195904.0,1959.0,04,33.2,29.0,,38.2,,21.8,,,,21.3,23.6,52.0,26.3
124,195905.0,1959.0,05,33.2,29.0,,38.3,,21.7,,,,21.4,23.4,52.0,26.4
125,195906.0,1959.0,06,33.3,29.1,,38.3,,21.7,,,,21.5,23.6,51.8,26.8
126,195907.0,1959.0,07,33.5,29.2,,38.4,,21.7,,,,21.5,23.5,51.4,27.5
127,195908.0,1959.0,08,33.3,29.2,,38.3,,21.9,,,,21.6,24.0,51.1,27.8
128,195909.0,1959.0,09,33.5,29.3,,38.3,,22.0,,,,21.7,23.8,50.5,28.1
129,195910.0,1959.0,10,33.6,29.4,,38.6,,22.3,,,,21.7,24.5,52.9,27.5
130,195911.0,1959.0,11,33.5,29.4,,38.7,,22.3,,,,21.8,24.4,54.0,27.2
131,195912.0,1959.0,12,33.5,29.4,,38.6,,22.4,,,,21.8,24.4,53.6,27.2
132,196001.0,1960.0,01,33.4,29.3,,38.5,,22.4,,,,21.9,24.2,52.9,26.7
133,196002.0,1960.0,02,33.4,29.4,,38.5,,22.3,,,,22.0,23.9,52.5,27.1
134,196003.0,1960.0,03,33.4,29.4,,38.3,,22.3,,,,22.1,24.1,51.8,26.0
135,196004.0,1960.0,04,33.6,29.5,,38.3,,22.3,,,,22.2,24.1,51.8,25.2
136,196005.0,1960.0,05,33.6,29.5,,38.1,,22.1,,,,22.2,23.9,51.6,25.2
137,196006.0,1960.0,06,33.6,29.6,,38.1,,22.3,,,,22.2,24.3,51.1,25.3
138,196007.0,1960.0,07,33.6,29.6,,38.0,,22.4,,,,22.3,24.6,51.0,24.9
139,196008.0,1960.0,08,33.6,29.6,,38.0,,22.6,,,,22.3,24.9,50.7,25.0
140,196009.0,1960.0,09,33.6,29.6,,37.8,,22.6,,,,22.4,24.8,49.5,24.2
141,196010.0,1960.0,10,33.8,29.8,,38.1,,22.5,,,,22.4,24.5,51.8,24.0
142,196011.0,1960.0,11,33.8,29.8,,38.0,,22.7,,,,22.5,24.9,52.1,23.4
143,196012.0,1960.0,12,33.9,29.8,,38.0,,22.7,,,,22.5,24.7,52.0,23.7
144,196101.0,1961.0,01,33.8,29.8,,37.9,,22.8,,,,22.6,24.8,52.0,23.1
145,196102.0,1961.0,02,33.8,29.8,,37.9,,22.7,,,,22.7,24.4,51.6,24.0
146,196103.0,1961.0,03,33.8,29.8,,37.8,,22.7,,,,22.7,24.3,51.7,23.5
147,196104.0,1961.0,04,33.7,29.8,,37.9,,22.2,,,,22.8,23.4,51.5,25.1
148,196105.0,1961.0,05,33.7,29.8,,38.0,,22.2,,,,22.9,23.6,51.3,25.6
149,196106.0,1961.0,06,33.8,29.8,,38.1,,22.3,,,,22.9,23.9,51.2,26.4
150,196107.0,1961.0,07,33.9,30.0,,38.1,,22.4,,,,23.0,24.2,51.0,26.8
151,196108.0,1961.0,08,33.9,29.9,,38.3,,22.5,,,,23.0,24.4,51.0,27.5
152,196109.0,1961.0,09,33.9,30.0,,38.3,,22.6,,,,23.1,24.5,50.7,27.7
153,196110.0,1961.0,10,34.0,30.0,,38.5,,22.5,,,,23.1,24.2,52.3,27.8
154,196111.0,1961.0,11,33.9,30.0,,38.5,,22.6,,,,23.1,24.3,52.3,27.7
155,196112.0,1961.0,12,33.9,30.0,,38.4,,22.4,,,,23.2,23.8,52.1,27.0
156,196201.0,1962.0,01,33.8,30.0,,38.3,,22.5,,,,23.2,24.0,52.0,26.7
157,196202.0,1962.0,02,34.0,30.1,,38.3,,22.6,,,,23.3,24.2,51.5,26.5
158,196203.0,1962.0,03,34.0,30.1,,38.3,,22.5,,,,23.4,23.9,51.5,26.8
159,196204.0,1962.0,04,34.0,30.2,,38.5,,22.7,,,,23.5,24.5,51.4,27.9
160,196205.0,1962.0,05,34.0,30.2,,38.5,,22.5,,,,23.5,24.3,51.2,28.4
161,196206.0,1962.0,06,34.1,30.2,,38.6,,22.4,,,,23.6,24.1,51.1,28.9
162,196207.0,1962.0,07,34.1,30.3,,38.5,,22.2,,,,23.6,23.6,50.9,28.9
163,196208.0,1962.0,08,34.1,30.3,,38.6,,22.4,,,,23.6,24.0,50.8,29.3
164,196209.0,1962.0,09,34.3,30.4,,38.6,,22.8,,,,23.6,24.9,50.5,29.7
165,196210.0,1962.0,10,34.3,30.4,,38.7,,22.8,,,,23.7,24.7,51.6,29.4
166,196211.0,1962.0,11,34.3,30.4,,38.7,,22.7,,,,23.7,24.5,52.2,29.4
167,196212.0,1962.0,12,34.2,30.4,,38.6,,22.9,,,,23.7,24.8,51.6,28.7
168,196301.0,1963.0,01,34.2,30.4,,38.3,,22.9,,,,23.8,24.6,51.4,26.7
169,196302.0,1963.0,02,34.3,30.4,,38.3,,22.7,,,,23.9,24.4,51.2,27.3
170,196303.0,1963.0,03,34.3,30.5,,38.4,,22.7,,,,23.9,24.3,51.0,27.9
171,196304.0,1963.0,04,34.3,30.5,,38.5,,22.5,,,,24.0,24.0,50.9,28.4
172,196305.0,1963.0,05,34.2,30.5,,38.5,,22.5,,,,24.0,24.1,50.9,28.5
173,196306.0,1963.0,06,34.4,30.6,,38.6,,22.4,,,,24.1,23.8,50.9,29.0
174,196307.0,1963.0,07,34.6,30.7,,38.6,,22.6,,,,24.2,24.3,50.5,29.1
175,196308.0,1963.0,08,34.6,30.7,,38.6,,22.6,,,,24.2,24.7,50.4,29.3
176,196309.0,1963.0,09,34.5,30.7,,38.7,,22.6,,,,24.2,24.0,50.2,29.6
177,196310.0,1963.0,10,34.6,30.8,,38.9,,22.7,,,,24.2,24.3,51.9,29.6
178,196311.0,1963.0,11,34.6,30.8,,39.0,,22.6,,,,24.3,24.0,51.9,29.8
179,196312.0,1963.0,12,34.7,30.9,,39.0,,22.7,,,,24.3,24.2,51.4,29.6
180,196401.0,1964.0,01,34.7,30.9,,38.9,,22.9,,,,24.4,,51.5,29.5
181,196402.0,1964.0,02,34.6,30.9,,38.9,,22.2,,,,24.4,,51.4,29.3
182,196403.0,1964.0,03,34.6,30.9,,38.9,,22.6,,,,24.4,,51.2,29.5
183,196404.0,1964.0,04,34.7,30.9,,38.9,,22.5,,,,24.5,,51.1,29.8
184,196405.0,1964.0,05,34.6,30.9,,38.9,,22.4,,,,24.5,,50.9,30.0
185,196406.0,1964.0,06,34.7,31.0,,38.9,,22.5,,,,24.6,24.0,50.7,30.2
186,196407.0,1964.0,07,34.8,31.1,,38.9,,22.5,,,,24.6,,50.6,30.2
187,196408.0,1964.0,08,34.8,31.0,,38.9,,22.6,,,,24.7,,50.2,30.1
188,196409.0,1964.0,09,34.9,31.1,,38.9,,22.5,,,,24.7,,49.6,30.0
189,196410.0,1964.0,10,34.9,31.1,,39.0,,22.5,,,,24.7,,51.0,30.0
190,196411.0,1964.0,11,34.9,31.2,,39.1,,22.5,,,,24.7,,51.6,30.3
191,196412.0,1964.0,12,35.0,31.2,,39.1,,22.7,,,,24.8,24.2,51.1,30.5
192,196501.0,1965.0,01,34.9,31.2,,39.2,,22.8,,,,24.8,,51.1,30.5
193,196502.0,1965.0,02,34.9,31.2,,39.0,,22.7,,,,24.9,,50.8,30.0
194,196503.0,1965.0,03,34.9,31.3,,39.0,,22.7,,,,25.0,,50.7,30.0
195,196504.0,1965.0,04,35.0,31.4,,39.0,,22.9,,,,25.1,,50.7,29.7
196,196505.0,1965.0,05,35.1,31.4,,38.9,,23.0,,,,25.1,,50.4,29.9
197,196506.0,1965.0,06,35.3,31.6,,38.8,,23.0,,,,25.2,25.2,49.0,30.2
198,196507.0,1965.0,07,35.3,31.6,,38.7,,23.0,,,,25.3,,48.9,30.3
199,196508.0,1965.0,08,35.3,31.6,,38.5,,23.0,,,,25.3,,48.9,29.6
200,196509.0,1965.0,09,35.3,31.6,,38.5,,23.1,,,,25.3,,48.6,29.3
201,196510.0,1965.0,10,35.3,31.7,,38.6,,23.0,,,,25.3,,49.2,29.4
202,196511.0,1965.0,11,35.4,31.7,,38.7,,23.1,,,,25.4,,49.6,29.3
203,196512.0,1965.0,12,35.5,31.8,,38.7,,23.1,,,,25.5,25.2,49.6,29.1
204,196601.0,1966.0,01,35.5,31.8,,38.5,,23.1,,,,25.6,,49.0,28.3
205,196602.0,1966.0,02,35.7,32.0,,38.5,,23.2,,,,25.6,,48.9,28.1
206,196603.0,1966.0,03,35.8,32.1,,38.6,,23.2,,,,25.8,25.3,48.9,28.4
207,196604.0,1966.0,04,36.0,32.3,,38.7,,23.1,,,,25.9,,49.0,28.9
208,196605.0,1966.0,05,36.0,32.3,,38.8,,23.2,,,,26.0,,48.8,29.0
209,196606.0,1966.0,06,36.0,32.4,,38.8,,23.3,,,,26.2,25.4,48.7,29.1
210,196607.0,1966.0,07,36.1,32.5,,39.0,,23.4,,,,26.3,,48.7,29.6
211,196608.0,1966.0,08,36.3,32.7,,39.0,,23.3,,,,26.4,,48.2,30.1
212,196609.0,1966.0,09,36.4,32.7,,38.9,,23.4,,,,26.7,25.9,47.5,29.6
213,196610.0,1966.0,10,36.5,32.9,,39.1,,23.4,,,,26.9,,49.5,29.8
214,196611.0,1966.0,11,36.4,32.9,,39.1,,23.5,,,,27.0,,49.9,29.4
215,196612.0,1966.0,12,36.4,32.9,,39.0,,23.5,,,,27.2,26.0,49.6,28.1
216,196701.0,1967.0,01,36.3,32.9,,38.9,,23.6,34.8,30.5,38.4,27.4,26.2,49.1,27.8
217,196702.0,1967.0,02,36.3,32.9,,38.9,,23.7,34.7,30.5,38.0,27.5,26.0,49.0,28.1
218,196703.0,1967.0,03,36.4,33.0,,38.9,,23.7,34.7,30.5,37.8,27.7,26.2,48.9,28.6
219,196704.0,1967.0,04,36.4,33.1,,39.1,,23.9,34.6,30.6,37.2,27.8,26.4,48.8,29.3
220,196705.0,1967.0,05,36.5,33.2,,39.3,,23.9,34.6,30.7,37.0,28.0,26.3,48.8,29.9
221,196706.0,1967.0,06,36.7,33.3,,39.4,,23.8,34.9,30.7,37.8,28.1,26.5,48.7,30.2
222,196707.0,1967.0,07,36.9,33.4,,39.5,,23.8,35.2,30.8,38.0,28.2,26.5,48.8,30.8
223,196708.0,1967.0,08,37.0,33.5,,39.6,,23.9,35.4,30.9,38.8,28.3,26.4,48.8,30.8
224,196709.0,1967.0,09,37.0,33.6,,39.6,,24.0,35.2,30.9,38.8,28.5,26.7,48.4,31.1
225,196710.0,1967.0,10,37.2,33.7,,40.0,,23.9,35.2,31.0,38.4,28.6,26.4,50.9,31.1
226,196711.0,1967.0,11,37.2,33.8,,40.1,,24.0,35.2,31.1,37.9,28.8,26.7,51.0,31.0
227,196712.0,1967.0,12,37.3,33.9,,40.1,,23.9,35.3,31.2,38.0,28.9,26.3,51.0,30.8
228,196801.0,1968.0,01,37.4,34.1,,40.2,,24.0,35.6,31.3,38.0,29.1,26.7,50.8,31.0
229,196802.0,1968.0,02,37.5,34.2,,40.2,,24.1,35.7,31.5,38.3,29.2,26.7,50.7,30.5
230,196803.0,1968.0,03,37.6,34.3,,40.3,,24.1,35.8,31.5,38.5,29.4,26.8,50.6,
231,196804.0,1968.0,04,37.8,34.4,,40.4,,24.0,36.0,31.6,38.5,29.6,26.5,50.4,31.1
232,196805.0,1968.0,05,37.9,34.5,,40.4,,24.1,36.1,31.7,38.3,29.6,26.5,50.4,31.2
233,196806.0,1968.0,06,38.1,34.7,,40.6,,24.2,36.2,31.9,38.5,29.7,26.7,50.3,
234,196807.0,1968.0,07,38.2,34.9,,40.7,,24.2,36.4,32.1,38.9,29.9,26.8,50.2,
235,196808.0,1968.0,08,38.3,35.0,,40.7,,24.3,36.6,32.3,39.7,30.0,27.0,49.8,
236,196809.0,1968.0,09,38.4,35.1,,40.7,,24.3,36.6,32.4,40.1,30.2,26.9,49.5,31.2
237,196810.0,1968.0,10,38.6,35.3,,41.0,,24.3,36.7,32.5,40.3,30.4,27.0,51.7,
238,196811.0,1968.0,11,38.7,35.4,,41.3,,24.4,36.6,32.7,39.6,30.5,27.0,52.2,
239,196812.0,1968.0,12,38.8,35.5,,41.1,,24.3,36.8,32.9,39.9,30.7,26.8,51.7,29.3
240,196901.0,1969.0,01,38.8,35.6,,41.1,,24.4,37.0,32.9,40.5,30.9,27.1,51.5,28.5
241,196902.0,1969.0,02,38.9,35.8,,41.5,,24.4,37.0,33.1,40.6,31.2,27.1,51.5,30.2
242,196903.0,1969.0,03,39.2,36.1,,42.0,,24.7,37.2,33.4,40.4,31.4,27.7,51.5,32.2
243,196904.0,1969.0,04,39.5,36.3,,42.1,,24.9,37.4,33.6,41.0,31.6,27.9,51.3,32.3
244,196905.0,1969.0,05,39.6,36.4,,42.1,,24.8,37.5,33.8,41.0,31.8,27.7,51.2,31.3
245,196906.0,1969.0,06,39.9,36.6,,42.2,,25.0,38.0,33.9,42.6,32.0,28.0,51.2,31.6
246,196907.0,1969.0,07,40.0,36.8,,42.3,,24.9,38.4,34.1,43.4,32.1,27.8,51.1,31.3
247,196908.0,1969.0,08,40.1,37.0,,42.3,,24.9,38.6,34.3,44.1,32.3,27.9,50.8,30.9
248,196909.0,1969.0,09,40.2,37.1,,42.2,,24.9,38.7,34.5,44.5,32.5,27.8,50.0,29.9
249,196910.0,1969.0,10,40.5,37.3,,42.8,,25.0,38.6,34.6,44.1,32.3,27.9,52.4,31.0
250,196911.0,1969.0,11,40.6,37.5,,42.9,,24.9,38.9,34.8,44.2,32.4,27.5,52.9,30.8
251,196912.0,1969.0,12,40.9,37.7,,43.0,,25.0,39.4,35.0,44.9,32.6,27.6,52.8,30.5
252,197001.0,1970.0,01,40.9,37.8,,43.0,,25.1,39.6,35.1,45.5,32.7,27.6,52.7,29.7
253,197002.0,1970.0,02,41.1,38.0,,43.0,,25.1,39.8,35.4,45.7,33.0,27.6,52.6,29.0
254,197003.0,1970.0,03,41.2,38.2,,43.2,,25.0,39.8,35.8,45.2,33.3,27.2,52.5,29.0
255,197004.0,1970.0,04,41.4,38.5,,43.4,,25.5,40.0,36.0,44.7,33.5,28.2,52.5,29.9
256,197005.0,1970.0,05,41.6,38.6,,43.8,,25.5,40.1,36.2,44.4,33.7,28.0,52.4,31.4
257,197006.0,1970.0,06,41.7,38.8,,44.1,,25.3,40.2,36.3,44.1,33.9,27.8,52.2,32.5
258,197007.0,1970.0,07,41.8,39.0,,44.2,,25.5,40.4,36.5,44.8,34.2,28.1,52.2,32.5
259,197008.0,1970.0,08,41.8,39.0,,44.3,,25.4,40.4,36.7,44.7,34.3,27.6,52.1,31.8
260,197009.0,1970.0,09,42.0,39.2,,44.4,,25.6,40.4,36.9,44.8,34.5,27.9,51.9,31.4
261,197010.0,1970.0,10,42.2,39.4,,44.9,,25.9,40.4,37.1,44.3,34.6,28.2,54.7,32.1
262,197011.0,1970.0,11,42.3,39.6,,45.2,,25.9,40.2,37.3,43.3,34.7,28.0,55.5,32.6
263,197012.0,1970.0,12,42.5,39.8,,45.4,,26.2,40.3,37.5,43.4,35.0,28.4,56.3,32.8
264,197101.0,1971.0,01,42.4,39.8,,45.4,,26.3,40.4,37.5,43.3,35.2,28.4,56.9,32.0
265,197102.0,1971.0,02,42.5,39.9,,45.4,,26.3,40.5,37.5,43.2,35.4,28.0,56.8,31.6
266,197103.0,1971.0,03,42.7,40.0,,45.4,,26.3,40.9,37.4,43.8,35.7,27.9,56.4,32.0
267,197104.0,1971.0,04,42.9,40.1,,45.6,,26.1,41.2,37.4,43.8,35.9,27.4,56.2,32.9
268,197105.0,1971.0,05,43.1,40.3,,46.0,,26.2,41.3,37.7,43.7,36.1,27.5,56.2,33.8
269,197106.0,1971.0,06,43.3,40.6,,46.3,,26.3,41.6,37.9,44.0,36.2,27.7,56.2,34.2
270,197107.0,1971.0,07,43.4,40.7,,46.3,,26.3,41.8,38.1,44.5,36.4,27.5,56.2,34.0
271,197108.0,1971.0,08,43.5,40.8,,46.1,,26.8,41.9,38.2,44.8,36.6,28.5,53.9,33.7
272,197109.0,1971.0,09,43.4,40.8,,45.9,,26.9,41.6,38.3,44.7,36.7,28.7,52.1,33.4
273,197110.0,1971.0,10,43.5,40.9,,46.2,,26.9,41.6,38.5,44.6,36.5,28.7,53.8,33.4
274,197111.0,1971.0,11,43.6,40.9,,46.3,,26.7,41.6,38.6,44.4,36.5,28.2,54.1,33.0
275,197112.0,1971.0,12,43.7,41.1,,46.2,,27.0,42.0,38.7,44.9,36.6,28.3,54.5,32.1
276,197201.0,1972.0,01,43.6,41.1,,46.3,,27.0,42.0,38.9,45.5,36.7,28.2,55.4,31.5
277,197202.0,1972.0,02,43.9,41.3,,46.2,,26.9,42.6,39.0,47.2,36.9,27.9,55.2,30.8
278,197203.0,1972.0,03,44.0,41.4,,46.3,,27.0,42.7,39.1,47.6,37.0,28.0,55.1,31.1
279,197204.0,1972.0,04,44.1,41.5,,46.4,,26.9,42.7,39.2,47.1,37.1,27.7,55.1,31.9
280,197205.0,1972.0,05,44.2,41.6,,46.7,,27.1,42.7,39.3,46.7,37.2,28.0,55.0,32.9
281,197206.0,1972.0,06,44.4,41.7,,47.0,,27.0,42.9,39.4,47.0,37.3,27.9,54.9,33.5
282,197207.0,1972.0,07,44.6,41.9,,47.2,,27.1,43.3,39.5,48.5,37.4,28.2,54.8,33.7
283,197208.0,1972.0,08,44.6,42.0,,47.2,,27.3,43.4,39.7,48.9,37.4,28.6,54.6,33.7
284,197209.0,1972.0,09,44.9,42.1,,47.3,,27.6,43.5,39.8,49.2,37.5,29.2,54.1,34.0
285,197210.0,1972.0,10,45.0,42.3,,47.4,,27.6,43.5,39.8,49.4,37.7,29.1,54.3,34.5
286,197211.0,1972.0,11,45.1,42.4,,47.5,,27.7,43.7,39.9,49.4,37.8,29.1,54.4,34.7
287,197212.0,1972.0,12,45.2,42.5,,47.5,,27.7,43.9,40.1,49.8,37.8,29.1,54.6,34.4
288,197301.0,1973.0,01,45.4,42.6,,47.3,,28.0,44.7,40.1,52.2,38.0,29.2,54.8,33.8
289,197302.0,1973.0,02,45.8,42.9,,47.3,,28.3,45.5,40.3,54.2,38.1,29.4,54.8,33.7
290,197303.0,1973.0,03,46.4,43.3,,47.4,,28.4,46.6,40.4,57.5,38.2,29.6,54.7,34.0
291,197304.0,1973.0,04,46.8,43.6,,47.7,,28.7,47.2,40.5,58.5,38.3,30.0,54.8,35.1
292,197305.0,1973.0,05,47.2,43.9,,48.0,,28.9,47.7,40.7,58.6,38.5,30.4,54.8,36.1
293,197306.0,1973.0,06,47.6,44.2,,48.2,,29.3,48.3,40.8,59.2,38.6,31.3,54.8,36.6
294,197307.0,1973.0,07,47.7,44.3,,48.3,,29.3,48.7,40.9,59.8,38.7,31.4,54.7,36.7
295,197308.0,1973.0,08,48.8,45.1,,48.4,,29.4,51.3,41.2,70.4,38.7,31.3,54.6,36.3
296,197309.0,1973.0,09,48.8,45.2,,48.4,,29.4,51.0,41.6,68.7,38.9,31.1,53.8,36.0
297,197310.0,1973.0,10,49.1,45.6,,48.6,,30.1,51.0,42.1,65.2,39.6,32.2,55.2,35.5
298,197311.0,1973.0,11,49.5,45.9,,48.6,,31.2,51.6,42.5,63.7,39.7,33.3,55.4,34.8
299,197312.0,1973.0,12,49.9,46.2,,48.6,,32.4,52.0,42.8,63.5,39.8,34.8,55.3,33.7
300,197401.0,1974.0,01,50.4,46.6,,48.6,,34.2,52.8,43.3,65.0,40.0,37.0,55.7,32.0
301,197402.0,1974.0,02,51.2,47.2,,48.7,,35.5,54.0,43.7,66.8,40.4,39.0,55.6,30.8
302,197403.0,1974.0,03,51.8,47.8,,49.0,,37.0,54.5,44.1,65.3,40.8,41.9,55.7,30.6
303,197404.0,1974.0,04,52.1,48.0,,49.5,,37.7,54.4,44.5,62.3,41.0,42.6,55.9,32.0
304,197405.0,1974.0,05,52.7,48.6,,50.3,,38.4,54.8,44.9,59.5,41.4,43.7,56.6,34.3
305,197406.0,1974.0,06,53.2,49.0,,51.2,,38.7,55.0,45.4,58.1,42.1,44.1,57.4,36.6
306,197407.0,1974.0,07,53.5,49.4,,51.9,,39.1,55.1,45.9,57.9,42.6,44.3,58.2,38.3
307,197408.0,1974.0,08,54.3,50.0,,52.5,,39.2,55.9,46.5,61.1,43.3,44.0,58.3,39.5
308,197409.0,1974.0,09,54.9,50.6,,53.2,,39.3,56.7,47.1,63.1,43.7,43.7,58.4,40.7
309,197410.0,1974.0,10,55.4,51.1,,54.0,,39.0,57.1,47.6,62.5,44.0,42.5,61.0,41.7
310,197411.0,1974.0,11,55.9,51.5,,54.4,,39.1,57.6,48.1,62.4,44.3,42.0,61.4,42.4
311,197412.0,1974.0,12,56.3,51.9,,54.7,,39.4,58.3,48.6,62.4,44.8,42.0,61.6,41.4
312,197501.0,1975.0,01,56.4,52.1,,54.9,,39.8,58.7,49.0,62.4,45.3,42.3,60.9,40.4
313,197502.0,1975.0,02,56.8,52.5,,55.3,,40.2,58.9,49.5,62.1,45.9,42.4,61.4,40.0
314,197503.0,1975.0,03,57.0,52.7,,56.0,,40.3,58.9,49.7,61.2,46.3,42.5,62.8,40.5
315,197504.0,1975.0,04,57.2,52.9,,56.6,,40.7,58.8,50.0,61.4,46.7,43.0,62.9,41.4
316,197505.0,1975.0,05,57.5,53.2,,57.1,,41.2,59.0,50.2,63.2,47.0,43.7,62.6,42.6
317,197506.0,1975.0,06,58.1,53.6,,57.5,,41.9,59.9,50.5,66.1,47.3,45.0,62.7,44.2
318,197507.0,1975.0,07,58.9,54.2,,57.9,,42.9,61.2,50.7,70.0,47.8,47.0,62.5,45.9
319,197508.0,1975.0,08,59.0,54.3,,58.2,,43.2,61.1,50.9,70.9,48.1,47.3,62.6,46.7
320,197509.0,1975.0,09,59.1,54.6,,58.5,,43.6,61.0,51.3,71.5,48.5,47.4,62.4,46.9
321,197510.0,1975.0,10,59.5,54.9,,58.7,,43.6,61.4,51.5,72.3,48.8,47.2,64.1,46.9
322,197511.0,1975.0,11,59.6,55.3,,58.9,,43.8,61.6,52.0,71.8,48.8,46.8,64.8,46.0
323,197512.0,1975.0,12,59.8,55.5,,58.9,,43.9,61.9,52.3,71.5,49.2,46.6,66.1,44.8
324,197601.0,1976.0,01,59.7,55.6,,58.8,,44.0,61.9,52.6,70.7,49.7,46.5,66.2,43.3
325,197602.0,1976.0,02,59.7,55.8,,58.9,,44.0,61.7,52.7,69.6,50.3,46.0,66.3,43.4
326,197603.0,1976.0,03,59.7,55.9,,59.3,,43.8,61.3,53.0,67.9,50.8,45.4,66.4,45.2
327,197604.0,1976.0,04,60.0,56.1,,59.9,,43.8,61.5,53.1,67.1,51.1,45.2,66.3,47.7
328,197605.0,1976.0,05,60.4,56.5,,60.5,,44.3,61.8,53.3,68.0,51.4,45.9,66.4,50.2
329,197606.0,1976.0,06,60.7,56.8,,61.0,,45.0,62.1,53.5,68.5,51.7,47.1,66.4,51.9
330,197607.0,1976.0,07,61.0,57.1,,61.5,,45.4,62.5,53.9,69.3,52.2,47.7,66.3,53.2
331,197608.0,1976.0,08,61.3,57.4,,61.7,,45.6,62.6,54.1,68.8,52.6,48.0,66.3,53.8
332,197609.0,1976.0,09,61.4,57.6,,61.9,,45.9,62.3,54.4,68.2,52.9,48.1,66.2,53.9
333,197610.0,1976.0,10,61.5,57.9,,62.2,,46.1,62.4,54.6,66.6,53.2,48.0,68.6,53.9
334,197611.0,1976.0,11,61.7,58.0,,62.3,,46.4,62.2,54.8,65.6,53.9,48.0,68.9,53.6
335,197612.0,1976.0,12,61.8,58.2,,62.5,,47.0,62.4,55.1,65.4,54.1,47.8,69.3,53.3
336,197701.0,1977.0,01,62.0,58.5,,62.7,,47.4,62.9,55.5,66.3,54.6,47.9,69.6,53.2
337,197702.0,1977.0,02,62.8,59.1,,63.0,,48.0,64.3,55.9,67.4,55.1,48.4,69.4,53.6
338,197703.0,1977.0,03,63.2,59.5,,63.4,,48.5,64.6,56.2,66.6,55.6,48.8,69.5,54.7
339,197704.0,1977.0,04,63.7,60.0,,64.0,,48.9,65.3,56.6,66.1,56.1,49.4,69.4,56.2
340,197705.0,1977.0,05,64.1,60.3,,64.5,,49.2,65.6,56.8,66.1,56.4,49.9,69.8,57.3
341,197706.0,1977.0,06,64.5,60.7,,64.6,,49.6,66.2,57.3,66.6,56.8,50.3,69.9,57.6
342,197707.0,1977.0,07,64.6,61.0,,64.8,,49.9,66.5,57.7,68.0,57.3,50.4,69.9,57.1
343,197708.0,1977.0,08,64.8,61.2,,64.8,,50.1,66.7,58.0,68.6,57.7,50.4,69.9,55.8
344,197709.0,1977.0,09,64.9,61.4,,64.9,,50.1,66.5,58.4,68.7,58.1,50.3,69.6,54.6
345,197710.0,1977.0,10,65.1,61.6,,65.1,,50.3,66.5,58.6,67.9,58.3,50.2,71.9,53.3
346,197711.0,1977.0,11,65.4,61.9,,65.3,,50.3,66.9,58.9,68.4,58.6,50.1,73.1,52.4
347,197712.0,1977.0,12,65.6,62.1,,65.4,,50.4,67.1,59.2,68.2,58.9,50.2,74.3,51.1
348,197801.0,1978.0,01,65.9,62.5,,65.7,,50.5,68.1,59.7,70.0,59.5,50.2,74.5,50.8
349,197802.0,1978.0,02,66.3,62.9,,66.0,,50.8,69.0,60.0,71.8,60.1,50.0,74.6,50.9
350,197803.0,1978.0,03,66.8,63.4,,66.4,,51.1,69.8,60.6,73.4,60.4,50.0,74.6,51.6
351,197804.0,1978.0,04,67.5,63.9,,67.0,,51.4,70.9,61.1,75.6,60.7,50.2,74.6,53.1
352,197805.0,1978.0,05,68.2,64.5,,67.8,,51.9,71.8,61.6,77.0,61.1,50.6,75.3,55.3
353,197806.0,1978.0,06,68.9,65.2,,68.6,,52.6,72.9,62.2,80.0,61.3,51.3,75.8,57.3
354,197807.0,1978.0,07,69.3,65.7,,69.1,,53.0,73.4,62.8,80.1,61.8,52.1,75.9,58.7
355,197808.0,1978.0,08,69.6,66.0,,69.4,,53.3,73.5,63.2,79.9,62.3,52.7,75.9,58.9
356,197809.0,1978.0,09,70.0,66.5,,69.9,,53.6,73.6,63.9,79.7,62.7,53.2,75.8,58.7
357,197810.0,1978.0,10,70.5,67.1,,70.5,,54.0,74.0,64.5,80.4,63.3,53.3,76.7,58.5
358,197811.0,1978.0,11,70.9,67.4,,71.0,,53.8,74.3,64.9,81.3,63.9,53.7,78.2,58.3
359,197812.0,1978.0,12,71.4,67.7,,71.5,,54.4,74.9,65.1,82.3,64.1,54.4,78.9,58.1
360,197901.0,1979.0,01,72.0,68.3,,71.8,,55.2,76.4,65.6,84.8,65.0,55.2,79.6,58.0
361,197902.0,1979.0,02,72.9,69.1,,72.4,,56.0,77.8,66.4,88.3,65.5,56.2,80.1,57.9
362,197903.0,1979.0,03,73.7,69.8,,72.9,,57.5,78.5,67.0,90.0,65.9,58.2,80.3,58.5
363,197904.0,1979.0,04,74.7,70.6,,73.8,,59.6,79.2,67.7,91.2,66.2,62.0,81.1,59.9
364,197905.0,1979.0,05,75.7,71.5,,74.6,,62.1,79.8,68.5,92.0,66.5,65.4,81.8,61.5
365,197906.0,1979.0,06,76.6,72.3,,75.4,,65.6,80.2,69.4,91.1,66.9,70.0,82.1,62.6
366,197907.0,1979.0,07,77.4,73.1,,76.0,,68.4,80.7,70.3,90.8,67.5,73.9,82.3,62.6
367,197908.0,1979.0,08,78.0,73.8,,76.4,,70.6,80.5,71.3,87.5,68.1,77.1,82.2,62.0
368,197909.0,1979.0,09,78.7,74.6,,76.7,,72.5,80.8,72.2,87.8,68.6,79.5,82.0,60.8
369,197910.0,1979.0,10,79.3,75.2,,77.3,,73.3,81.2,73.2,87.5,69.2,80.2,82.7,59.9
370,197911.0,1979.0,11,79.9,75.9,,78.3,,73.3,81.5,74.1,87.5,69.8,81.0,84.2,59.4
371,197912.0,1979.0,12,80.7,76.7,,78.8,,74.8,82.4,75.0,89.5,70.6,82.9,84.7,59.4
372,198001.0,1980.0,01,81.8,77.8,,79.4,,78.1,83.1,76.2,90.4,71.5,88.3,85.8,59.1
373,198002.0,1980.0,02,82.8,78.9,,79.7,,82.1,83.5,77.1,89.7,72.6,94.4,86.5,58.5
374,198003.0,1980.0,03,83.8,80.1,,80.1,,84.6,84.3,78.4,90.3,73.3,97.9,86.4,58.5
375,198004.0,1980.0,04,84.5,81.0,,80.8,,85.5,84.9,79.4,89.3,73.8,98.9,87.3,58.9
376,198005.0,1980.0,05,85.1,81.8,,81.7,,86.5,85.4,80.6,88.0,74.2,99.1,88.3,59.7
377,198006.0,1980.0,06,85.6,82.7,,82.3,,87.6,85.9,82.1,87.8,74.5,99.3,88.1,60.1
378,198007.0,1980.0,07,86.1,82.7,,82.8,,88.3,86.9,81.6,89.9,75.1,99.4,88.4,60.9
379,198008.0,1980.0,08,87.0,83.3,,83.8,,88.3,88.1,81.8,93.2,75.6,99.2,89.4,61.8
380,198009.0,1980.0,09,87.9,84.0,,84.9,,88.2,88.9,82.4,95.7,76.2,98.5,89.7,64.3
381,198010.0,1980.0,10,88.5,84.8,,86.0,,87.7,89.4,83.5,96.0,76.8,97.8,89.8,66.7
382,198011.0,1980.0,11,89.2,85.5,,87.0,,87.2,90.0,84.3,96.8,77.3,97.8,90.9,69.1
383,198012.0,1980.0,12,89.6,86.3,,87.2,,88.3,90.7,85.3,97.1,77.6,98.5,91.0,70.2
384,198101.0,1981.0,01,90.2,87.0,,87.2,,91.0,91.4,85.9,96.9,78.7,101.7,91.4,70.1
385,198102.0,1981.0,02,91.3,87.9,,86.9,,95.6,92.2,86.5,95.9,79.6,108.4,91.2,70.2
386,198103.0,1981.0,03,91.8,88.5,,86.7,,97.5,92.7,87.0,95.2,80.2,111.1,90.3,70.5
387,198104.0,1981.0,04,92.2,89.1,,87.2,,97.7,92.9,87.7,94.1,80.8,110.7,91.8,71.6
388,198105.0,1981.0,05,92.6,89.8,,88.3,,98.0,92.8,88.8,93.8,81.4,109.9,94.2,73.4
389,198106.0,1981.0,06,93.1,90.6,,89.4,,98.7,93.2,90.0,94.5,82.1,109.4,94.8,75.7
390,198107.0,1981.0,07,93.8,91.6,,90.6,,99.1,94.1,91.5,96.5,83.2,109.0,95.0,77.9
391,198108.0,1981.0,08,94.2,92.3,,91.1,,99.2,94.5,92.3,97.2,84.3,108.7,94.7,79.9
392,198109.0,1981.0,09,94.7,93.2,,91.7,,99.4,94.7,93.5,97.9,84.9,108.5,94.4,81.7
393,198110.0,1981.0,10,94.8,93.4,,91.9,,98.9,94.5,93.5,97.4,85.8,108.2,95.0,83.3
394,198111.0,1981.0,11,94.9,93.7,,92.0,,98.7,94.4,93.7,96.6,86.8,108.1,96.4,84.3
395,198112.0,1981.0,12,95.0,94.0,,92.2,,98.8,94.6,94.0,96.4,87.3,107.8,97.2,84.4
396,198201.0,1982.0,01,95.2,94.3,,92.1,,99.2,95.7,94.3,96.4,88.2,107.2,97.4,84.0
397,198202.0,1982.0,02,95.4,94.6,,92.2,,98.4,96.5,94.6,97.6,89.0,105.4,96.5,83.8
398,198203.0,1982.0,03,95.2,94.5,,92.1,,96.8,96.4,94.4,97.6,89.8,101.4,95.9,84.1
399,198204.0,1982.0,04,95.2,94.9,,93.0,,94.3,96.7,95.3,98.1,90.6,96.9,96.7,85.4
400,198205.0,1982.0,05,96.1,95.8,,94.6,,95.8,97.3,96.6,99.2,91.2,97.8,97.5,87.3
401,198206.0,1982.0,06,97.5,97.0,,95.9,,99.7,98.0,97.8,101.1,91.9,103.6,97.8,89.3
402,198207.0,1982.0,07,98.0,97.5,,96.5,,101.2,98.2,98.3,102.0,92.9,105.6,98.0,90.6
403,198208.0,1982.0,08,97.9,97.7,,96.5,,101.2,97.9,98.6,100.8,93.8,105.2,98.1,91.2
404,198209.0,1982.0,09,98.0,97.9,,96.3,,101.1,98.0,98.4,101.7,94.6,104.1,97.6,91.2
405,198210.0,1982.0,10,98.3,98.2,,97.0,,101.3,97.8,98.8,100.7,95.4,103.1,97.5,91.8
406,198211.0,1982.0,11,98.5,98.0,,97.3,,100.7,97.6,98.2,100.1,96.3,102.5,98.1,93.0
407,198212.0,1982.0,12,98.4,97.6,,97.5,,100.1,97.6,97.4,99.4,96.9,100.8,98.6,93.6
408,198301.0,1983.0,01,98.2,97.8,,97.5,,98.8,98.2,97.9,99.9,97.9,98.3,99.1,93.1
409,198302.0,1983.0,02,98.1,97.9,,97.5,,96.9,98.5,98.1,100.3,98.9,95.0,99.3,92.6
410,198303.0,1983.0,03,98.1,97.9,,97.6,,95.3,99.1,98.1,100.4,99.2,92.1,99.2,92.6
411,198304.0,1983.0,04,99.0,98.6,,98.1,,97.7,99.6,98.6,100.4,99.5,97.0,99.2,93.6
412,198305.0,1983.0,05,99.6,99.2,,98.4,,100.4,99.7,99.1,100.2,99.7,100.5,99.4,95.0
413,198306.0,1983.0,06,99.9,99.5,,99.1,,101.8,99.6,99.5,99.4,100.1,101.9,99.4,96.6
414,198307.0,1983.0,07,100.2,99.9,,99.8,,102.5,99.6,99.9,98.9,100.7,102.7,99.3,98.7
415,198308.0,1983.0,08,100.5,100.2,,100.3,,102.4,99.7,100.0,98.3,101.4,102.8,99.7,100.9
416,198309.0,1983.0,09,100.9,100.7,,101.1,,102.3,99.8,100.5,98.3,101.7,102.2,99.9,103.0
417,198310.0,1983.0,10,101.1,101.0,,102.0,,101.3,99.9,100.6,97.7,102.2,101.0,100.6,104.9
418,198311.0,1983.0,11,101.2,101.2,,102.9,,100.1,99.8,100.7,97.5,102.7,99.9,101.5,106.6
419,198312.0,1983.0,12,101.3,101.3,,103.3,,99.6,100.2,100.8,98.5,103.1,99.1,101.9,107.1
420,198401.0,1984.0,01,101.8,101.9,,103.1,,99.3,102.0,101.4,102.2,104.0,97.8,102.0,107.0
421,198402.0,1984.0,02,102.3,102.4,,102.9,,100.1,102.9,101.9,103.7,105.1,97.5,102.0,107.0
422,198403.0,1984.0,03,102.5,102.6,,103.4,,99.6,102.9,102.1,102.4,105.4,97.4,102.0,108.5
423,198404.0,1984.0,04,103.0,103.1,,104.6,,100.4,103.0,102.6,102.8,105.8,98.8,102.1,110.8
424,198405.0,1984.0,05,103.1,103.4,,105.3,,101.5,102.7,103.0,101.3,106.1,99.5,102.2,113.2
425,198406.0,1984.0,06,103.2,103.7,,105.6,,102.1,102.9,103.5,100.3,106.4,99.0,102.3,114.4
426,198407.0,1984.0,07,103.2,104.1,,105.6,,102.1,103.3,104.1,100.5,107.1,97.7,102.4,114.7
427,198408.0,1984.0,08,103.5,104.5,,105.6,,101.8,103.9,104.5,100.9,107.5,96.8,102.4,114.9
428,198409.0,1984.0,09,103.8,105.0,,106.0,,102.2,103.7,105.1,100.5,107.9,97.3,102.5,115.0
429,198410.0,1984.0,10,104.1,105.3,,106.2,,101.7,103.7,105.1,100.1,108.5,97.9,103.2,115.2
430,198411.0,1984.0,11,104.0,105.3,,106.5,,100.5,103.6,105.0,99.7,109.1,97.6,104.1,114.9
431,198412.0,1984.0,12,104.0,105.3,,106.4,,99.8,104.0,105.1,101.0,109.4,96.7,104.4,114.6
432,198501.0,1985.0,01,103.9,105.5,,106.6,,98.8,104.7,105.3,101.3,110.1,94.4,105.0,114.6
433,198502.0,1985.0,02,104.4,106.0,,107.1,,98.0,105.4,105.8,101.4,110.9,93.0,105.4,115.2
434,198503.0,1985.0,03,104.9,106.4,,107.2,,99.3,105.5,106.1,101.1,111.6,95.2,105.5,115.6
435,198504.0,1985.0,04,105.4,106.9,,107.5,,101.1,105.5,106.5,100.1,112.1,98.8,105.6,115.7
436,198505.0,1985.0,05,105.5,107.3,,107.1,,102.9,105.3,107.3,98.7,112.5,100.7,105.7,115.0
437,198506.0,1985.0,06,105.5,107.6,,106.7,,104.1,105.4,107.9,98.7,113.1,101.6,105.8,113.9
438,198507.0,1985.0,07,105.3,107.8,,106.2,,104.2,105.5,108.3,99.0,113.7,101.8,105.8,112.8
439,198508.0,1985.0,08,105.3,108.0,,105.9,,103.4,105.6,108.7,98.7,114.5,100.8,105.7,112.0
440,198509.0,1985.0,09,105.6,108.3,,106.0,,103.1,105.7,108.9,99.0,115.0,99.7,105.7,112.1
441,198510.0,1985.0,10,105.8,108.7,,106.6,,101.8,105.8,109.1,99.2,115.6,98.9,106.5,112.4
442,198511.0,1985.0,11,106.3,109.0,,107.1,,101.3,106.2,109.3,101.1,116.3,99.4,107.7,112.7
443,198512.0,1985.0,12,106.6,109.3,,107.1,,101.6,106.9,109.6,102.5,116.8,99.7,108.2,112.5
444,198601.0,1986.0,01,106.7,109.6,,107.1,,101.2,107.7,109.9,103.2,117.7,98.5,108.4,112.0
445,198602.0,1986.0,02,105.7,109.3,,106.7,,97.4,107.6,109.8,102.0,118.9,92.8,108.7,111.0
446,198603.0,1986.0,03,104.3,108.8,,106.4,,90.9,107.7,109.9,101.7,119.9,81.4,108.6,110.0
447,198604.0,1986.0,04,103.4,108.6,,106.2,,86.2,107.9,110.2,100.4,120.5,73.8,109.1,109.2
448,198605.0,1986.0,05,103.7,108.9,,106.3,,87.6,108.2,110.4,100.1,121.0,76.4,109.9,108.9
449,198606.0,1986.0,06,104.0,109.5,,106.5,,90.7,108.3,111.2,100.7,121.6,79.0,110.5,108.6
450,198607.0,1986.0,07,103.6,109.5,,106.3,,87.3,109.2,111.3,104.4,122.4,74.0,110.8,107.9
451,198608.0,1986.0,08,103.6,109.7,,106.1,,85.5,110.0,111.6,107.5,123.2,70.2,110.8,107.2
452,198609.0,1986.0,09,104.2,110.2,,106.2,,85.9,110.2,112.0,108.2,123.8,71.6,110.6,107.7
453,198610.0,1986.0,10,104.3,110.3,,106.7,,83.1,110.4,111.8,108.2,124.5,69.5,111.9,108.0
454,198611.0,1986.0,11,104.4,110.4,,107.2,,81.4,110.7,111.4,108.8,125.2,68.9,113.6,108.1
455,198612.0,1986.0,12,104.5,110.5,,107.2,,81.6,110.9,111.5,109.1,125.8,69.1,114.3,106.8
456,198701.0,1987.0,01,105.3,111.2,,107.4,,83.9,112.1,112.0,109.9,126.6,72.8,114.7,106.2
457,198702.0,1987.0,02,105.8,111.6,,107.0,,85.6,112.5,112.4,108.8,127.4,76.0,113.5,106.9
458,198703.0,1987.0,03,106.4,112.1,,107.2,,85.8,112.5,112.8,108.9,128.1,76.6,113.1,108.7
459,198704.0,1987.0,04,107.2,112.7,,107.7,,86.4,112.8,113.2,108.6,128.7,78.5,113.5,111.3
460,198705.0,1987.0,05,107.5,113.1,,107.9,,87.4,113.3,113.6,109.6,129.2,79.1,113.8,113.4
461,198706.0,1987.0,06,107.7,113.5,,108.2,,90.7,113.8,114.3,110.4,129.9,80.8,114.1,114.7
462,198707.0,1987.0,07,107.6,113.8,,108.4,,91.1,113.7,114.7,111.4,130.7,82.2,114.4,115.4
463,198708.0,1987.0,08,108.2,114.4,,108.3,,92.7,113.8,115.4,111.9,131.2,84.3,114.0,115.5
464,198709.0,1987.0,09,108.9,115.0,,108.3,,92.3,114.2,115.6,112.7,131.7,84.0,113.8,116.0
465,198710.0,1987.0,10,109.3,115.3,,108.8,,89.8,114.3,115.5,112.0,132.3,83.2,115.0,116.2
466,198711.0,1987.0,11,109.5,115.4,,109.6,,89.0,114.3,115.5,111.2,132.8,83.2,116.3,116.5
467,198712.0,1987.0,12,109.3,115.4,,109.5,,88.3,114.8,115.6,110.3,133.1,82.0,116.4,116.3
468,198801.0,1988.0,01,109.2,115.7,,109.4,,87.4,115.7,116.2,111.0,134.4,79.7,116.1,116.0
469,198802.0,1988.0,02,109.1,116.0,,109.4,,87.0,115.8,116.6,110.6,135.5,78.3,116.0,116.0
470,198803.0,1988.0,03,109.8,116.5,,109.5,,86.5,116.0,117.0,111.2,136.3,77.5,115.7,116.1
471,198804.0,1988.0,04,110.7,117.1,,109.7,,87.3,116.7,117.3,111.5,136.9,79.4,115.6,116.6
472,198805.0,1988.0,05,111.1,117.5,,109.9,,88.7,117.1,117.7,112.1,137.5,81.4,115.9,117.0
473,198806.0,1988.0,06,111.1,118.0,,110.2,,91.0,117.6,118.6,114.6,138.2,81.4,116.1,117.6
474,198807.0,1988.0,07,111.5,118.5,,110.3,,91.4,118.8,119.1,116.5,139.3,82.3,116.1,117.9
475,198808.0,1988.0,08,111.9,119.0,,110.3,,92.3,119.4,119.5,117.3,139.9,84.1,115.9,119.2
476,198809.0,1988.0,09,113.0,119.8,,110.6,,91.9,120.1,119.9,117.4,140.4,83.1,116.2,119.4
477,198810.0,1988.0,10,113.5,120.2,,111.1,,89.9,120.3,119.9,116.8,141.2,81.6,117.2,119.9
478,198811.0,1988.0,11,113.5,120.3,,111.8,,88.9,120.2,119.9,116.4,141.8,81.5,118.4,119.7
479,198812.0,1988.0,12,113.5,120.5,,112.2,,88.7,120.6,120.2,116.1,142.3,80.3,119.0,120.2
480,198901.0,1989.0,01,113.9,121.1,,112.5,,89.0,122.0,120.7,118.5,143.8,79.6,119.4,120.5
481,198902.0,1989.0,02,114.3,121.6,,112.4,,89.3,122.7,121.1,118.2,145.2,80.3,119.5,120.5
482,198903.0,1989.0,03,115.2,122.3,,111.9,,89.8,123.3,121.5,120.5,146.1,81.5,119.4,120.5
483,198904.0,1989.0,04,116.7,123.1,,111.8,,94.9,124.0,121.6,120.6,146.8,92.1,119.2,120.7
484,198905.0,1989.0,05,117.5,123.8,,111.9,,97.4,124.7,122.1,120.7,147.5,96.6,119.2,121.0
485,198906.0,1989.0,06,117.2,124.1,,112.1,,99.0,124.9,122.9,121.4,148.5,96.0,118.9,121.3
486,198907.0,1989.0,07,117.0,124.4,,111.9,,98.5,125.4,123.9,121.6,149.7,94.4,118.5,121.1
487,198908.0,1989.0,08,116.7,124.6,,111.4,,97.0,125.6,124.2,122.3,150.7,91.0,117.7,120.3
488,198909.0,1989.0,09,117.3,125.0,,111.3,,95.9,125.9,124.3,122.9,151.7,88.8,117.1,119.8
489,198910.0,1989.0,10,118.1,125.6,,112.1,,94.6,126.3,124.4,122.4,152.7,88.9,118.5,119.7
490,198911.0,1989.0,11,118.3,125.9,,113.0,,93.2,126.7,124.5,122.8,153.9,87.2,120.6,120.1
491,198912.0,1989.0,12,118.2,126.1,,113.5,,93.2,127.2,124.9,123.8,154.4,85.8,121.9,119.7
492,199001.0,1990.0,01,119.9,127.4,,113.8,,97.6,130.0,125.9,126.8,155.9,91.4,122.4,118.9
493,199002.0,1990.0,02,120.6,128.0,,113.7,,96.4,130.9,126.1,126.7,157.5,90.6,122.2,117.4
494,199003.0,1990.0,03,121.1,128.7,,113.4,,95.5,131.2,126.8,127.9,158.7,89.3,121.6,116.6
495,199004.0,1990.0,04,121.4,128.9,,113.1,,95.7,131.0,126.8,128.2,159.8,91.2,121.1,116.2
496,199005.0,1990.0,05,121.4,129.2,,113.2,,96.7,131.1,127.1,127.8,160.8,92.5,121.0,116.9
497,199006.0,1990.0,06,121.6,129.9,,112.9,,99.5,131.7,128.3,129.9,161.9,94.6,120.6,117.6
498,199007.0,1990.0,07,121.6,130.4,,113.0,,98.9,132.4,129.2,130.4,163.5,94.3,120.2,118.2
499,199008.0,1990.0,08,122.8,131.6,,112.9,,103.6,132.7,130.2,131.1,165.0,103.2,119.9,118.3
500,199009.0,1990.0,09,124.6,132.7,,112.8,,108.8,133.0,130.5,131.9,165.8,112.0,119.6,118.3
501,199010.0,1990.0,10,126.1,133.5,,113.6,,111.4,133.4,130.6,132.5,167.1,118.9,121.1,118.1
502,199011.0,1990.0,11,126.3,133.8,,114.1,,110.9,133.7,130.4,133.2,168.4,119.0,122.8,117.2
503,199012.0,1990.0,12,126.0,133.8,100.0,114.5,,110.1,133.9,130.5,133.6,169.2,117.1,124.3,117.1
504,199101.0,1991.0,01,126.0,134.6,100.4,115.0,,107.1,135.9,131.8,134.7,171.0,108.3,125.3,116.1
505,199102.0,1991.0,02,125.7,134.8,100.8,115.5,,102.8,136.0,132.4,133.3,172.5,99.7,125.9,115.1
506,199103.0,1991.0,03,125.7,135.0,100.9,115.5,,99.7,136.3,132.6,133.9,173.7,94.6,126.1,114.4
507,199104.0,1991.0,04,126.4,135.2,102.0,115.5,,99.5,137.2,132.5,132.9,174.4,96.1,125.9,115.0
508,199105.0,1991.0,05,126.8,135.6,102.1,115.9,,102.1,137.3,132.8,132.6,175.2,100.2,125.9,117.0
509,199106.0,1991.0,06,126.7,136.0,102.0,116.0,,103.5,137.7,133.4,132.4,176.2,100.5,125.8,118.8
510,199107.0,1991.0,07,126.2,136.2,103.1,116.3,,102.7,137.1,134.2,132.4,177.5,98.2,125.6,120.4
511,199108.0,1991.0,08,126.4,136.6,103.0,115.9,,102.9,136.6,134.5,132.6,178.9,99.3,125.1,120.0
512,199109.0,1991.0,09,127.1,137.2,105.6,115.9,,103.6,136.7,134.7,131.8,179.7,99.8,124.8,119.8
513,199110.0,1991.0,10,127.2,137.4,106.0,116.3,,101.8,136.5,134.7,131.5,180.7,98.3,125.8,120.2
514,199111.0,1991.0,11,127.8,137.8,106.1,117.0,,101.8,136.9,134.7,131.3,181.8,99.4,127.3,120.6
515,199112.0,1991.0,12,127.5,137.9,106.3,117.2,,101.9,137.3,135.0,131.6,182.6,98.4,128.3,120.1
516,199201.0,1992.0,01,127.2,138.1,106.4,117.4,,100.1,137.9,135.7,131.1,184.3,94.5,128.7,117.8
517,199202.0,1992.0,02,127.6,138.6,106.7,117.6,,99.0,138.1,136.1,130.2,186.2,92.9,128.9,116.1
518,199203.0,1992.0,03,128.4,139.3,106.7,117.9,,98.9,138.8,136.6,130.7,187.3,93.4,129.1,115.7
519,199204.0,1992.0,04,128.8,139.5,107.0,118.2,,99.5,138.8,136.5,130.3,188.1,95.0,129.1,117.9
520,199205.0,1992.0,05,129.1,139.7,107.1,118.4,,102.4,138.3,136.7,130.0,188.7,99.4,129.2,120.5
521,199206.0,1992.0,06,129.2,140.2,107.5,118.5,,105.9,138.3,137.7,130.2,189.4,102.9,129.1,123.1
522,199207.0,1992.0,07,129.0,140.5,107.6,118.6,,106.0,138.1,138.3,130.1,190.7,102.8,128.6,124.8
523,199208.0,1992.0,08,129.3,140.9,108.1,118.5,,105.4,138.8,138.6,130.8,191.5,101.7,128.5,126.4
524,199209.0,1992.0,09,129.9,141.3,110.6,118.5,,105.9,139.3,138.4,131.5,192.3,101.7,128.3,127.7
525,199210.0,1992.0,10,130.3,141.8,110.2,119.2,,104.5,139.2,138.5,131.5,193.3,101.6,129.1,129.1
526,199211.0,1992.0,11,130.5,142.0,110.9,120.0,,104.5,139.1,138.5,131.8,194.3,102.2,130.6,129.9
527,199212.0,1992.0,12,130.1,141.9,111.0,120.1,,103.9,139.5,138.5,132.1,194.7,100.2,131.3,129.0
528,199301.0,1993.0,01,130.4,142.6,111.1,120.0,76.5,103.4,140.5,139.3,133.5,196.4,98.6,131.8,127.4
529,199302.0,1993.0,02,130.9,143.1,111.8,120.0,76.6,102.2,140.7,139.7,133.2,198.0,98.0,132.0,126.0
530,199303.0,1993.0,03,131.4,143.6,111.9,120.2,76.6,102.5,140.9,140.2,134.5,198.6,97.3,132.0,126.6
531,199304.0,1993.0,04,131.9,144.0,111.9,120.6,76.7,103.1,141.4,140.4,135.6,199.4,98.4,132.2,128.7
532,199305.0,1993.0,05,132.0,144.2,112.0,120.8,76.8,104.4,141.8,140.5,135.1,200.5,99.7,132.4,131.5
533,199306.0,1993.0,06,131.4,144.4,112.6,121.0,77.0,106.5,141.1,141.5,135.3,201.1,99.8,132.2,134.3
534,199307.0,1993.0,07,130.9,144.4,113.0,121.1,77.3,105.8,141.1,141.9,135.4,202.2,98.1,132.2,136.1
535,199308.0,1993.0,08,131.1,144.8,113.7,121.3,78.6,105.2,141.5,142.3,136.0,202.9,97.0,132.2,137.5
536,199309.0,1993.0,09,131.3,145.1,115.7,121.5,80.8,105.2,141.8,142.3,135.8,203.3,96.1,132.1,138.7
537,199310.0,1993.0,10,132.3,145.7,116.0,122.3,81.1,105.4,142.3,142.2,136.6,204.4,99.7,133.4,139.8
538,199311.0,1993.0,11,132.5,145.8,116.5,123.1,81.2,103.7,142.6,142.0,137.3,204.9,98.4,134.8,140.7
539,199312.0,1993.0,12,132.0,145.8,116.7,123.3,81.2,102.4,143.3,142.3,137.1,205.2,94.8,135.6,139.3
540,199401.0,1994.0,01,132.0,146.2,117.4,123.4,81.5,101.3,144.3,142.9,137.8,206.4,92.6,136.1,136.8
541,199402.0,1994.0,02,132.2,146.7,117.7,123.3,81.6,102.0,143.6,143.7,137.4,207.7,93.6,136.5,134.1
542,199403.0,1994.0,03,132.8,147.2,117.8,123.4,81.7,101.9,143.9,144.1,137.9,208.3,93.3,136.8,133.6
543,199404.0,1994.0,04,133.1,147.4,117.8,123.7,81.7,102.0,144.0,143.9,137.6,209.2,94.8,136.9,135.3
544,199405.0,1994.0,05,133.4,147.5,118.9,124.4,81.8,102.9,144.1,144.1,137.1,209.7,96.0,137.2,137.9
545,199406.0,1994.0,06,133.5,148.0,119.0,124.9,82.0,105.7,144.2,144.9,137.2,210.4,98.2,137.4,140.9
546,199407.0,1994.0,07,133.7,148.4,119.5,125.1,82.3,106.8,144.8,145.4,136.7,211.5,100.5,137.4,142.6
547,199408.0,1994.0,08,134.3,149.0,119.7,125.1,83.5,108.5,145.3,145.9,137.1,212.2,104.1,137.3,144.0
548,199409.0,1994.0,09,134.8,149.4,121.1,125.1,85.6,108.2,145.6,145.8,137.3,212.8,103.7,137.5,145.4
549,199410.0,1994.0,10,134.9,149.5,121.5,125.7,85.8,105.8,145.6,145.7,136.8,214.0,101.8,138.4,147.7
550,199411.0,1994.0,11,135.2,149.7,122.1,126.5,85.9,105.7,145.9,145.5,136.9,214.7,102.7,139.4,150.1
551,199412.0,1994.0,12,135.1,149.7,122.2,126.9,85.9,104.7,147.2,145.4,136.4,215.3,100.4,140.1,151.5
552,199501.0,1995.0,01,135.1,150.3,122.9,127.2,86.2,104.2,147.9,146.4,137.3,216.6,98.7,140.6,152.4
553,199502.0,1995.0,02,135.4,150.9,123.4,127.6,86.5,103.7,147.8,147.0,137.6,217.9,98.0,140.7,153.3
554,199503.0,1995.0,03,135.9,151.4,123.6,127.7,86.5,103.2,147.9,147.4,138.4,218.4,97.5,140.7,154.8
555,199504.0,1995.0,04,136.6,151.9,123.3,128.1,86.5,103.9,148.9,147.4,137.7,218.9,99.5,141.1,156.7
556,199505.0,1995.0,05,136.9,152.2,123.5,128.1,86.5,106.3,148.7,147.6,137.3,219.3,104.2,141.1,157.7
557,199506.0,1995.0,06,136.6,152.5,123.5,128.0,86.6,109.3,148.4,148.5,137.1,219.8,106.1,141.0,158.3
558,199507.0,1995.0,07,136.2,152.5,123.9,127.8,86.9,108.1,148.6,149.2,137.3,220.8,103.6,140.3,157.5
559,199508.0,1995.0,08,136.3,152.9,124.2,127.7,88.4,107.4,148.9,149.6,138.7,221.6,101.1,140.0,157.0
560,199509.0,1995.0,09,136.8,153.2,126.2,127.8,90.4,106.2,149.4,149.5,139.5,222.1,99.8,140.0,156.5
561,199510.0,1995.0,10,137.2,153.7,126.3,128.2,90.5,104.5,149.8,149.7,140.8,222.9,98.3,140.9,157.2
562,199511.0,1995.0,11,137.2,153.6,126.7,128.7,90.6,102.8,149.8,149.4,141.7,223.5,96.4,142.2,157.8
563,199512.0,1995.0,12,137.0,153.5,126.9,129.0,90.7,103.3,150.3,149.7,142.0,223.8,96.4,142.8,158.2
564,199601.0,1996.0,01,137.8,154.4,127.2,129.3,91.0,105.0,151.4,150.6,142.8,225.2,98.6,143.2,157.9
565,199602.0,1996.0,02,138.0,154.9,127.7,129.4,91.1,104.9,151.3,151.2,142.4,226.2,98.2,143.5,157.5
566,199603.0,1996.0,03,139.2,155.7,127.8,129.5,91.2,106.1,152.1,151.7,142.6,226.6,101.4,143.6,157.3
567,199604.0,1996.0,04,140.2,156.3,128.1,129.5,91.3,110.0,152.7,151.8,141.8,227.0,108.6,143.5,157.4
568,199605.0,1996.0,05,140.4,156.6,128.2,129.3,91.3,112.9,152.5,152.0,141.2,227.4,113.6,143.4,157.6
569,199606.0,1996.0,06,139.9,156.7,128.9,129.3,91.4,113.1,153.1,152.7,143.1,227.8,111.2,143.5,157.2
570,199607.0,1996.0,07,139.5,157.0,129.3,129.1,91.6,112.5,153.6,153.6,143.9,228.7,108.9,143.2,156.9
571,199608.0,1996.0,08,139.5,157.3,129.8,128.9,93.1,111.6,154.2,154.0,145.6,229.2,106.4,142.9,156.6
572,199609.0,1996.0,09,140.3,157.8,131.3,129.2,94.9,111.7,155.0,153.9,147.2,229.4,106.2,143.2,157.0
573,199610.0,1996.0,10,141.0,158.3,131.4,129.3,95.0,110.5,155.8,154.0,147.9,230.1,105.9,143.8,157.0
574,199611.0,1996.0,11,141.5,158.6,131.5,129.6,95.1,111.1,156.2,153.9,148.9,230.5,107.8,144.8,156.5
575,199612.0,1996.0,12,141.4,158.6,131.6,129.9,95.1,112.2,156.6,154.0,150.0,230.6,108.6,145.4,155.6
576,199701.0,1997.0,01,141.5,159.1,132.2,129.7,95.5,113.3,156.9,155.1,149.6,231.8,108.6,145.4,154.7
577,199702.0,1997.0,02,141.8,159.6,132.7,129.8,95.6,113.1,156.9,155.8,148.8,232.7,108.1,145.4,154.4
578,199703.0,1997.0,03,142.0,160.0,132.7,129.9,95.6,111.2,157.1,155.9,147.8,233.4,106.4,145.4,154.4
579,199704.0,1997.0,04,142.3,160.2,132.9,129.6,95.6,110.0,157.1,155.8,147.7,233.8,106.0,145.2,154.3
580,199705.0,1997.0,05,142.1,160.1,133.0,129.4,95.8,109.9,157.1,155.9,147.7,234.2,105.7,144.6,153.9
581,199706.0,1997.0,06,141.5,160.3,133.4,129.0,95.9,112.3,157.1,156.9,147.9,234.4,105.9,144.2,151.8
582,199707.0,1997.0,07,141.0,160.5,133.5,128.3,96.2,111.4,157.5,157.5,148.2,234.8,103.9,143.7,149.9
583,199708.0,1997.0,08,141.4,160.8,134.1,127.7,97.8,112.5,158.1,157.6,149.1,235.2,107.6,143.0,148.5
584,199709.0,1997.0,09,142.1,161.2,136.3,127.6,99.6,113.9,158.4,157.7,149.1,235.4,109.3,142.7,148.2
585,199710.0,1997.0,10,142.4,161.6,136.7,127.8,99.9,111.5,158.7,157.7,148.9,235.8,106.7,143.3,147.9
586,199711.0,1997.0,11,142.3,161.5,137.0,127.9,99.9,110.7,158.9,157.7,149.3,236.4,104.6,144.0,147.6
587,199712.0,1997.0,12,141.7,161.3,137.6,128.0,100.0,108.4,159.1,157.7,148.4,237.1,101.9,144.1,147.9
588,199801.0,1998.0,01,141.6,161.6,138.2,128.2,100.3,105.9,160.3,158.3,148.3,238.1,97.8,144.4,148.1
589,199802.0,1998.0,02,141.5,161.9,138.2,128.2,100.4,103.2,159.8,158.8,147.5,239.3,94.1,144.4,148.4
590,199803.0,1998.0,03,141.5,162.2,138.5,128.0,100.5,101.6,160.1,159.2,147.2,239.8,90.9,144.4,147.3
591,199804.0,1998.0,04,142.0,162.5,139.1,128.1,100.7,101.9,160.2,159.5,146.3,240.7,91.7,144.3,148.2
592,199805.0,1998.0,05,142.3,162.8,139.7,127.6,100.9,103.8,160.7,159.7,146.2,241.4,94.7,143.3,150.0
593,199806.0,1998.0,06,141.8,163.0,139.5,127.4,100.8,105.7,160.6,160.6,146.3,242.0,94.8,142.6,150.9
594,199807.0,1998.0,07,141.6,163.2,139.7,127.5,101.0,105.2,160.9,161.2,146.9,242.7,93.7,142.7,151.3
595,199808.0,1998.0,08,141.7,163.4,141.8,127.2,102.6,103.8,161.4,161.5,148.2,243.5,91.6,142.8,151.1
596,199809.0,1998.0,09,141.8,163.6,143.8,126.8,104.3,102.7,161.5,161.5,147.5,243.9,90.0,142.3,151.9
597,199810.0,1998.0,10,142.6,164.0,143.9,126.9,104.5,101.3,162.4,161.4,148.0,244.3,90.8,142.5,153.0
598,199811.0,1998.0,11,142.5,164.0,144.0,127.4,104.6,100.5,162.5,161.3,147.9,244.7,89.7,143.5,154.0
599,199812.0,1998.0,12,142.2,163.9,144.2,127.4,104.7,98.9,162.7,161.3,147.3,245.2,86.2,144.1,153.1
600,199901.0,1999.0,01,142.5,164.3,144.9,127.1,105.0,98.1,163.9,161.8,146.4,246.6,85.0,144.4,150.6
601,199902.0,1999.0,02,142.2,164.5,145.7,126.4,105.3,97.3,163.8,162.3,147.0,247.7,83.6,143.8,148.3
602,199903.0,1999.0,03,142.6,165.0,145.8,126.0,105.4,98.4,163.7,162.8,146.8,248.3,86.3,143.4,147.4
603,199904.0,1999.0,04,144.6,166.2,146.2,126.1,105.5,105.0,163.9,163.0,146.7,249.1,100.9,143.3,148.3
604,199905.0,1999.0,05,144.5,166.2,146.6,125.8,105.6,105.6,164.2,163.0,146.7,249.5,101.4,142.9,149.6
605,199906.0,1999.0,06,143.9,166.2,146.8,125.7,105.7,106.8,164.1,164.1,147.2,250.2,99.2,142.5,150.9
606,199907.0,1999.0,07,143.9,166.7,147.5,125.6,106.0,108.7,164.2,164.7,147.3,251.1,102.5,142.0,152.3
607,199908.0,1999.0,08,144.5,167.1,148.7,125.4,107.5,111.3,164.7,165.0,148.5,251.9,107.8,141.4,153.8
608,199909.0,1999.0,09,145.8,167.9,151.1,125.7,109.4,113.2,165.1,165.2,149.2,252.3,110.3,141.6,155.7
609,199910.0,1999.0,10,146.4,168.2,151.3,125.9,109.6,111.6,165.5,165.0,149.2,252.8,110.0,142.3,156.4
610,199911.0,1999.0,11,146.2,168.3,151.5,126.0,109.3,111.2,165.7,164.9,150.5,253.3,109.3,143.1,156.1
611,199912.0,1999.0,12,146.1,168.3,151.6,125.9,109.3,112.2,165.9,164.8,149.8,254.2,112.2,143.6,155.0
612,200001.0,2000.0,01,146.2,168.8,152.9,125.7,110.2,112.5,166.6,166.0,150.2,255.5,112.6,143.3,153.9
613,200002.0,2000.0,02,147.4,169.8,153.7,125.3,110.6,116.7,166.8,167.1,151.3,257.0,118.1,143.0,153.0
614,200003.0,2000.0,03,149.2,171.2,154.1,125.6,110.6,122.2,167.1,167.8,152.4,258.1,131.7,143.3,153.0
615,200004.0,2000.0,04,149.3,171.3,154.5,125.6,110.7,120.7,167.2,167.9,152.9,258.8,128.7,143.5,154.0
616,200005.0,2000.0,05,149.2,171.5,154.7,125.8,110.9,121.0,167.8,168.1,153.9,259.4,128.3,143.3,155.4
617,200006.0,2000.0,06,149.7,172.4,155.3,125.4,111.5,129.6,167.9,169.6,154.9,260.5,139.0,142.9,155.7
618,200007.0,2000.0,07,149.3,172.8,155.7,125.2,111.8,129.7,168.7,170.6,155.8,261.4,136.1,142.5,155.3
619,200008.0,2000.0,08,148.6,172.8,156.0,124.7,113.0,125.9,169.2,170.9,156.8,262.6,128.4,141.9,155.2
620,200009.0,2000.0,09,150.3,173.7,158.6,124.8,114.9,130.6,169.4,171.4,156.9,263.1,135.2,141.4,156.2
621,200010.0,2000.0,10,150.4,174.0,159.4,125.0,115.3,129.3,169.6,171.7,156.8,263.7,133.1,141.6,157.9
622,200011.0,2000.0,11,150.6,174.1,160.0,125.5,115.4,129.0,169.5,171.6,155.5,264.1,133.0,142.7,159.3
623,200012.0,2000.0,12,150.0,174.0,160.1,125.9,115.5,128.1,170.5,171.9,156.6,264.8,127.8,143.6,160.2
624,200101.0,2001.0,01,150.0,175.1,160.9,125.9,115.8,132.5,171.4,174.1,158.0,267.1,126.6,143.7,160.4
625,200102.0,2001.0,02,150.6,175.8,161.2,125.9,116.0,132.0,171.8,174.7,159.5,268.9,127.5,143.3,160.4
626,200103.0,2001.0,03,150.7,176.2,161.6,125.5,116.1,129.5,172.2,175.4,160.1,270.0,124.1,142.8,159.9
627,200104.0,2001.0,04,151.9,176.9,161.8,125.4,116.1,133.1,172.4,175.4,160.7,270.8,133.6,142.7,159.7
628,200105.0,2001.0,05,152.9,177.7,162.5,124.9,116.4,140.1,172.9,175.9,160.8,271.4,146.8,142.3,159.1
629,200106.0,2001.0,06,152.1,178.0,163.3,124.5,116.9,140.5,173.4,177.3,161.7,272.5,142.0,141.7,158.9
630,200107.0,2001.0,07,150.4,177.5,163.5,124.2,117.2,132.4,174.0,177.6,162.3,273.1,125.6,141.2,158.3
631,200108.0,2001.0,08,149.8,177.5,164.5,123.6,119.5,129.4,174.4,178.0,162.4,274.4,121.9,140.3,158.0
632,200109.0,2001.0,09,151.5,178.3,166.5,123.4,121.7,132.5,174.6,177.4,162.4,275.0,131.4,140.2,157.3
633,200110.0,2001.0,10,150.5,177.7,167.7,123.6,122.2,122.1,175.3,176.7,163.5,275.9,116.3,141.0,157.8
634,200111.0,2001.0,11,149.5,177.4,167.9,124.2,122.3,116.0,175.2,176.9,162.7,276.7,104.5,142.6,157.4
635,200112.0,2001.0,12,147.9,176.7,168.1,124.3,122.0,111.4,175.2,176.9,162.0,277.3,96.1,143.5,157.2
636,200201.0,2002.0,01,147.8,177.1,169.1,123.6,122.6,111.7,176.2,177.6,162.1,279.6,97.9,142.7,155.6
637,200202.0,2002.0,02,148.1,177.8,169.7,122.7,123.2,111.0,176.4,178.5,161.8,281.0,98.2,141.2,153.9
638,200203.0,2002.0,03,149.4,178.8,169.9,122.1,123.3,115.6,176.6,179.1,162.8,282.0,107.7,140.7,152.1
639,200204.0,2002.0,04,151.0,179.8,169.8,121.9,123.3,122.2,176.7,179.5,162.5,283.2,121.4,140.4,151.8
640,200205.0,2002.0,05,150.5,179.8,169.9,121.7,123.5,122.9,176.4,179.7,162.4,284.1,121.4,139.8,151.8
641,200206.0,2002.0,06,149.8,179.9,171.6,121.3,124.3,124.9,176.4,180.7,161.9,284.7,120.1,139.2,152.2
642,200207.0,2002.0,07,149.3,180.1,172.0,121.1,124.8,125.5,176.6,181.2,162.3,286.6,120.8,138.7,152.7
643,200208.0,2002.0,08,149.6,180.7,173.0,120.7,127.1,125.8,176.6,181.7,162.2,287.3,121.5,138.1,153.4
644,200209.0,2002.0,09,150.2,181.0,176.1,120.6,129.6,126.1,176.9,181.5,161.8,287.7,121.7,138.7,152.2
645,200210.0,2002.0,10,150.7,181.3,176.3,120.6,129.9,125.8,177.1,181.4,161.3,289.2,124.5,139.5,150.7
646,200211.0,2002.0,11,150.6,181.3,176.4,120.5,130.0,125.3,177.4,181.2,162.1,290.5,124.4,140.4,148.8
647,200212.0,2002.0,12,149.7,180.9,176.4,120.2,130.0,123.3,177.8,181.1,162.4,291.3,119.7,140.6,148.5
648,200301.0,2003.0,01,150.0,181.7,177.5,119.9,130.6,127.5,178.1,182.3,161.6,292.6,126.3,139.7,148.3
649,200302.0,2003.0,02,152.0,183.1,177.8,119.7,131.0,135.4,178.9,183.2,164.7,293.7,140.4,139.2,148.4
650,200303.0,2003.0,03,153.1,184.2,177.9,119.5,131.1,142.6,179.2,184.3,164.8,294.2,148.1,139.3,148.5
651,200304.0,2003.0,04,152.2,183.8,178.4,119.2,131.2,138.1,179.0,184.1,165.2,294.6,140.6,138.7,148.4
652,200305.0,2003.0,05,150.9,183.5,178.7,118.5,131.4,134.0,179.4,184.5,164.7,295.5,131.3,138.1,147.9
653,200306.0,2003.0,06,150.4,183.7,179.8,118.0,132.0,136.5,180.2,185.3,167.2,296.3,130.1,137.3,147.4
654,200307.0,2003.0,07,150.0,183.9,179.7,117.4,132.6,136.8,180.3,185.9,168.2,297.6,130.6,136.7,145.7
655,200308.0,2003.0,08,150.9,184.6,180.7,116.7,136.2,140.6,180.9,186.1,169.7,298.4,139.0,136.8,143.3
656,200309.0,2003.0,09,152.0,185.2,183.4,115.7,138.7,144.6,181.3,185.8,171.1,299.2,147.1,136.4,139.0
657,200310.0,2003.0,10,151.4,185.0,183.2,115.2,139.1,136.9,182.2,185.7,174.0,299.9,136.6,136.5,135.1
658,200311.0,2003.0,11,150.9,184.5,183.2,115.1,139.0,133.1,182.9,185.1,179.3,300.8,131.2,137.5,132.0
659,200312.0,2003.0,12,150.4,184.3,183.6,115.0,139.4,131.8,184.1,185.1,181.1,302.1,127.8,138.0,131.0
660,200401.0,2004.0,01,151.1,185.2,184.3,115.1,140.1,137.4,184.3,186.3,179.9,303.6,136.7,138.0,130.8
661,200402.0,2004.0,02,152.3,186.2,184.8,115.3,140.4,140.6,184.5,187.0,179.7,306.0,143.1,138.3,131.0
662,200403.0,2004.0,03,153.7,187.4,185.0,115.1,140.6,143.1,184.9,187.9,179.5,307.5,150.5,137.9,131.2
663,200404.0,2004.0,04,154.3,188.0,185.2,115.0,140.7,145.9,185.0,188.4,179.2,308.3,155.9,137.6,131.3
664,200405.0,2004.0,05,156.0,189.1,185.2,114.8,140.9,154.1,186.5,188.9,181.1,309.0,170.5,137.4,131.8
665,200406.0,2004.0,06,155.8,189.7,186.8,114.5,141.6,159.7,186.8,190.3,182.3,310.0,173.3,137.2,130.6
666,200407.0,2004.0,07,154.5,189.4,187.1,114.1,142.1,156.3,187.2,190.9,183.7,311.0,165.2,135.9,132.1
667,200408.0,2004.0,08,154.2,189.5,187.9,113.7,145.1,155.3,187.3,191.2,183.7,311.6,162.0,134.9,133.8
668,200409.0,2004.0,09,154.9,189.9,189.4,114.1,147.9,154.3,187.2,191.0,183.4,312.3,161.2,134.9,136.5
669,200410.0,2004.0,10,157.1,190.9,189.9,114.7,148.3,157.7,188.4,191.0,182.9,313.3,173.1,135.9,136.8
670,200411.0,2004.0,11,157.2,191.0,189.9,115.3,148.4,158.6,188.6,190.8,182.4,314.1,171.9,137.9,136.7
671,200412.0,2004.0,12,155.8,190.3,190.0,115.5,148.5,153.7,188.9,190.7,183.1,314.9,161.2,138.8,137.3
672,200501.0,2005.0,01,155.4,190.7,190.7,116.0,148.8,151.9,189.5,191.8,183.4,316.8,156.4,139.8,137.5
673,200502.0,2005.0,02,156.5,191.8,191.5,116.0,149.2,155.2,189.3,192.7,183.9,319.3,164.3,139.9,137.6
674,200503.0,2005.0,03,158.2,193.3,191.7,115.7,149.3,160.8,189.6,194.1,184.3,320.7,175.9,139.1,137.7
675,200504.0,2005.0,04,160.3,194.6,192.3,115.6,149.5,170.9,190.7,194.4,184.7,321.5,193.9,138.8,138.1
676,200505.0,2005.0,05,159.8,194.4,192.4,115.7,149.9,169.4,191.1,194.5,185.0,322.2,188.2,138.7,138.8
677,200506.0,2005.0,06,158.9,194.5,193.5,115.4,150.5,171.4,190.9,195.5,185.2,322.9,185.5,138.1,139.9
678,200507.0,2005.0,07,159.5,195.4,195.1,114.9,151.3,178.5,191.3,196.6,184.7,324.1,197.5,136.3,141.0
679,200508.0,2005.0,08,161.1,196.4,196.1,114.4,153.9,186.6,191.3,196.9,184.4,323.9,212.7,135.0,142.0
680,200509.0,2005.0,09,165.6,198.8,199.7,114.6,157.1,208.0,191.8,197.0,185.2,324.6,249.5,135.8,141.5
681,200510.0,2005.0,10,165.1,199.2,200.3,114.9,157.4,204.3,192.5,198.4,184.6,326.2,237.1,137.1,140.6
682,200511.0,2005.0,11,161.5,197.6,200.4,114.9,157.5,187.6,192.8,198.5,185.8,328.1,199.7,138.0,139.4
683,200512.0,2005.0,12,160.0,196.8,200.5,114.9,157.6,180.0,193.2,198.3,185.7,328.4,187.3,138.3,139.2
684,200601.0,2006.0,01,161.3,198.3,202.9,115.3,158.3,189.5,194.5,200.0,185.8,329.5,199.2,139.3,139.3
685,200602.0,2006.0,02,161.4,198.7,202.7,115.3,158.4,186.4,194.4,200.5,185.4,332.1,198.1,139.3,139.5
686,200603.0,2006.0,03,162.8,199.8,202.7,115.1,158.4,188.6,194.5,201.3,185.9,333.8,205.8,138.8,140.0
687,200604.0,2006.0,04,165.5,201.5,203.0,115.1,158.6,201.4,194.2,201.7,185.5,334.7,235.4,138.4,140.4
688,200605.0,2006.0,05,166.9,202.5,203.0,114.9,158.9,209.3,194.7,202.2,184.7,335.6,250.9,137.7,140.9
689,200606.0,2006.0,06,166.3,202.9,203.8,114.6,159.5,211.3,195.1,203.7,186.0,336.0,248.4,137.2,141.5
690,200607.0,2006.0,07,166.4,203.5,204.6,114.6,160.3,215.1,195.6,204.7,185.1,337.0,255.6,136.9,142.1
691,200608.0,2006.0,08,166.6,203.9,206.1,114.3,163.9,214.7,196.0,205.1,187.1,337.7,254.4,136.4,142.4
692,200609.0,2006.0,09,164.4,202.9,210.3,113.8,166.6,199.1,196.7,205.0,188.0,338.3,220.1,136.3,141.0
693,200610.0,2006.0,10,162.5,201.8,210.9,113.8,167.1,181.3,197.5,204.4,188.1,339.3,193.8,136.8,139.3
694,200611.0,2006.0,11,161.8,201.5,210.8,113.5,167.4,180.4,197.2,204.5,188.4,340.1,191.4,136.8,137.3
695,200612.0,2006.0,12,162.1,201.8,211.2,113.3,167.6,185.2,197.4,204.8,188.6,340.1,199.3,137.1,136.2
696,200701.0,2007.0,01,161.978,202.416,211.672,113.263,167.624,183.567,199.198,206.057,189.609,343.51,193.9,137.603,135.257
697,200702.0,2007.0,02,162.89,203.499,212.245,113.21,167.927,184.451,200.402,207.177,190.491,346.457,195.377,137.34,134.597
698,200703.0,2007.0,03,165.71,205.352,212.286,113.163,168.114,196.929,200.869,208.08,192.508,347.172,220.515,137.228,134.382
699,200704.0,2007.0,04,167.777,206.686,212.679,112.989,168.152,207.265,201.292,208.541,193.665,348.225,242.944,136.963,134.363
700,200705.0,2007.0,05,169.767,207.949,212.722,112.637,168.403,219.071,202.225,208.902,195.886,349.087,265.781,136.295,134.481
701,200706.0,2007.0,06,168.921,208.352,212.62,112.375,168.601,221.088,202.885,210.649,197.175,349.51,260.655,135.82,135.067
702,200707.0,2007.0,07,167.938,208.299,213.621,112.177,169.49,217.274,203.533,211.286,196.69,351.643,252.909,135.415,136.024
703,200708.0,2007.0,08,166.955,207.917,214.279,112.036,172.873,209.294,204.289,211.098,197.204,352.961,238.194,135.204,137.138
704,200709.0,2007.0,09,167.952,208.49,218.909,111.746,175.486,209.637,205.279,210.865,198.323,353.723,239.104,134.927,137.142
705,200710.0,2007.0,10,168.664,208.936,219.052,111.889,176.339,207.588,206.124,210.701,198.474,355.653,239.048,135.344,136.95
706,200711.0,2007.0,11,171.043,210.177,219.035,112.103,176.717,219.009,206.563,210.745,198.616,357.041,262.282,136.25,136.616
707,200712.0,2007.0,12,170.511,210.036,219.405,112.093,176.927,217.506,206.936,210.933,198.755,357.661,258.132,136.664,136.943
708,200801.0,2008.0,01,171.179,211.08,221.112,112.3,177.44,219.465,208.837,212.244,200.035,360.459,260.523,136.827,137.203
709,200802.0,2008.0,02,171.53,211.693,221.29,112.094,177.46,219.311,209.462,213.026,199.688,362.155,259.242,136.279,137.248
710,200803.0,2008.0,03,173.884,213.528,221.293,112.059,177.407,230.505,209.692,214.389,199.775,363.0,278.739,135.727,137.225
711,200804.0,2008.0,04,175.838,214.823,221.385,111.671,177.754,240.194,211.365,214.89,200.77,363.184,294.291,135.175,136.787
712,200805.0,2008.0,05,178.341,216.632,221.473,111.362,177.994,257.106,212.251,215.809,200.96,363.396,322.124,134.669,136.325
713,200806.0,2008.0,06,180.534,218.815,222.094,111.232,178.385,275.621,213.383,217.941,202.914,363.616,347.418,134.516,135.98
714,200807.0,2008.0,07,181.087,219.964,222.769,111.275,179.229,280.833,215.326,219.61,205.075,363.963,349.731,134.397,135.84
715,200808.0,2008.0,08,179.148,219.086,225.235,110.779,183.184,266.283,216.419,219.148,207.488,364.477,323.822,133.404,135.405
716,200809.0,2008.0,09,179.117,218.783,228.961,110.077,186.148,258.02,217.672,218.184,209.937,365.036,315.078,132.399,132.916
717,200810.0,2008.0,10,175.257,216.573,229.887,109.677,186.669,231.561,218.705,217.383,210.706,365.746,268.537,132.264,129.733
718,200811.0,2008.0,11,167.673,212.425,229.798,109.191,186.733,189.938,218.752,216.467,209.602,366.613,187.189,132.359,126.869
719,200812.0,2008.0,12,163.582,210.228,230.326,108.811,186.916,171.158,218.839,216.073,208.89,367.133,149.132,132.308,125.883
720,200901.0,2009.0,01,164.36,211.143,230.823,109.025,187.175,174.622,219.729,216.928,208.616,369.83,156.604,133.273,124.863
721,200902.0,2009.0,02,165.891,212.193,231.112,109.221,187.256,178.741,219.333,217.18,207.963,372.405,167.395,134.186,122.837
722,200903.0,2009.0,03,166.645,212.709,231.295,109.264,187.298,177.454,218.794,217.374,206.348,373.189,168.404,134.611,121.061
723,200904.0,2009.0,04,167.816,213.24,231.308,109.404,187.416,179.704,218.364,217.126,205.699,374.17,177.272,134.863,121.213
724,200905.0,2009.0,05,169.06,213.856,231.27,109.65,187.853,186.909,218.076,216.971,203.789,375.026,193.609,135.162,122.65
725,200906.0,2009.0,06,171.593,215.693,231.641,109.983,188.179,205.408,218.03,218.071,204.031,375.093,225.021,135.719,124.323
726,200907.0,2009.0,07,170.483,215.351,232.13,109.924,189.184,201.938,217.608,218.085,201.743,375.739,217.86,136.055,125.061
727,200908.0,2009.0,08,171.081,215.834,232.709,109.129,193.161,204.971,217.701,217.827,202.911,376.537,225.089,134.08,128.028
728,200909.0,2009.0,09,171.559,215.969,235.349,109.387,195.595,202.243,217.617,217.178,201.755,377.727,220.69,134.576,129.369
729,200910.0,2009.0,10,172.252,216.177,235.32,110.684,195.849,199.198,217.957,216.612,200.597,378.552,219.015,137.268,132.689
730,200911.0,2009.0,11,173.061,216.33,235.443,111.159,195.649,204.026,217.733,215.808,201.202,379.575,228.05,138.831,134.173
731,200912.0,2009.0,12,172.572,215.949,235.532,111.477,195.672,202.301,218.049,215.523,201.003,379.516,224.73,138.857,137.406
732,201001.0,2010.0,01,173.646,216.687,236.255,111.731,195.85,208.026,219.223,215.925,201.87,382.688,234.106,138.743,139.174
733,201002.0,2010.0,02,173.419,216.741,237.802,111.753,196.137,204.455,219.14,215.841,202.343,385.907,227.674,138.851,140.218
734,201003.0,2010.0,03,174.798,217.631,238.296,111.694,196.47,209.999,219.378,216.023,202.812,387.142,237.671,138.6,140.797
735,201004.0,2010.0,04,175.333,218.009,239.114,111.45,196.798,212.977,219.536,215.798,205.178,387.703,244.801,138.174,141.315
736,201005.0,2010.0,05,175.333,218.178,238.872,111.454,196.917,214.363,219.693,215.981,205.679,387.762,246.671,137.75,142.537
737,201006.0,2010.0,06,173.899,217.965,239.628,111.443,197.284,211.66,219.562,216.778,208.171,388.199,234.868,137.503,144.399
738,201007.0,2010.0,07,173.503,218.011,239.956,111.555,198.206,212.372,219.539,217.076,208.989,387.898,234.642,137.323,146.379
739,201008.0,2010.0,08,173.925,218.312,241.254,111.587,201.476,212.663,219.877,216.976,208.854,388.467,235.69,137.119,147.909
740,201009.0,2010.0,09,174.282,218.439,243.396,111.174,203.353,210.003,220.586,216.602,211.28,390.616,232.518,137.365,146.065
741,201010.0,2010.0,10,175.225,218.711,243.118,110.966,203.071,210.947,221.005,216.1,212.17,391.24,240.303,137.849,144.04
742,201011.0,2010.0,11,175.415,218.803,243.18,110.573,203.139,211.97,220.991,215.83,212.957,391.66,245.165,138.222,142.25
743,201012.0,2010.0,12,176.015,219.179,244.308,110.512,203.343,217.953,221.278,216.142,212.019,391.946,256.025,138.567,142.454
744,201101.0,2011.0,01,177.48,220.223,244.934,110.696,204.057,223.266,223.16,216.739,214.344,393.858,265.703,138.925,142.555
745,201102.0,2011.0,02,178.874,221.309,245.099,111.237,204.153,226.86,224.039,217.259,216.175,397.065,271.843,140.158,142.937
746,201103.0,2011.0,03,182.728,223.467,245.189,111.707,204.251,242.516,225.479,217.707,218.808,397.726,303.565,140.86,144.072
747,201104.0,2011.0,04,185.311,224.906,245.527,112.242,204.316,253.495,226.248,217.901,220.747,398.813,326.024,141.462,145.968
748,201105.0,2011.0,05,186.804,225.964,245.649,112.941,204.668,260.376,227.082,218.484,223.227,399.375,337.359,142.494,148.361
749,201106.0,2011.0,06,185.266,225.722,245.825,113.598,204.821,254.17,227.451,219.553,223.105,399.552,318.242,143.054,151.776
750,201107.0,2011.0,07,184.931,225.922,246.258,113.778,206.158,252.661,228.323,220.23,224.394,400.305,313.488,142.763,154.184
751,201108.0,2011.0,08,185.566,226.545,247.547,113.799,210.266,251.706,229.49,220.506,225.651,400.874,311.962,142.327,155.823
752,201109.0,2011.0,09,186.015,226.889,248.782,113.177,212.348,250.48,230.448,220.54,227.194,401.605,309.745,142.334,153.586
753,201110.0,2011.0,10,185.236,226.421,250.589,112.822,212.68,240.902,230.885,220.138,227.853,403.43,296.944,142.535,151.494
754,201111.0,2011.0,11,184.791,226.23,249.658,112.405,212.751,238.177,230.656,219.969,227.583,404.858,294.049,142.736,149.23
755,201112.0,2011.0,12,183.345,225.672,249.713,112.277,212.745,232.3,231.13,220.193,228.853,405.629,282.501,142.953,148.14
756,201201.0,2012.0,01,184.636,226.665,250.788,112.399,213.067,236.942,232.559,220.805,229.809,408.056,292.236,143.438,147.143
757,201202.0,2012.0,02,186.279,227.663,250.962,112.78,213.039,242.663,232.453,221.117,228.61,410.466,306.348,144.326,147.011
758,201203.0,2012.0,03,189.201,229.392,251.085,112.926,213.132,253.599,232.708,221.487,230.485,411.498,330.834,144.35,148.677
759,201204.0,2012.0,04,190.089,230.085,251.358,113.306,213.13,255.736,233.116,221.682,230.967,412.48,336.673,144.522,151.087
760,201205.0,2012.0,05,188.963,229.815,251.667,113.622,213.499,250.306,233.257,221.971,229.351,413.655,324.589,144.401,153.565
761,201206.0,2012.0,06,186.967,229.478,251.549,113.803,213.6,244.167,233.509,223.051,230.464,415.345,304.697,144.367,155.306
762,201207.0,2012.0,07,185.872,229.104,252.505,113.751,215.156,239.972,233.557,223.316,231.309,416.759,296.502,143.953,155.815
763,201208.0,2012.0,08,187.952,230.379,253.218,113.25,218.286,250.306,234.017,223.699,232.475,417.123,317.798,143.749,154.851
764,201209.0,2012.0,09,189.575,231.407,255.904,112.394,220.524,256.332,234.172,223.901,231.555,418.039,330.923,143.725,151.118
765,201210.0,2012.0,10,189.338,231.317,256.097,111.97,220.83,250.523,234.718,223.708,232.917,418.359,324.131,144.011,148.293
766,201211.0,2012.0,11,186.845,230.221,256.171,111.719,220.856,238.946,234.742,223.814,232.303,418.653,299.777,144.762,145.862
767,201212.0,2012.0,12,185.204,229.601,256.385,111.563,220.818,233.473,235.23,224.032,232.262,418.654,287.408,145.181,145.234
768,201301.0,2013.0,01,185.613,230.28,257.831,111.805,221.822,234.624,236.183,224.79,232.461,420.687,288.108,145.871,145.26
769,201302.0,2013.0,02,188.539,232.166,257.929,112.097,221.742,248.146,236.23,225.382,233.041,423.221,316.58,145.925,146.718
770,201303.0,2013.0,03,189.286,232.773,258.088,112.269,221.861,249.565,236.267,225.643,233.294,424.154,320.739,145.989,148.753
771,201304.0,2013.0,04,188.513,232.531,258.203,112.46,221.882,244.757,236.761,225.986,234.32,423.815,309.048,146.188,150.16
772,201305.0,2013.0,05,188.441,232.945,258.522,112.529,222.058,247.805,236.474,226.896,233.724,422.834,311.326,145.955,151.099
773,201306.0,2013.0,06,188.423,233.504,258.094,112.524,222.158,251.921,236.726,228.068,235.277,424.264,313.058,146.076,151.76
774,201307.0,2013.0,07,188.055,233.596,258.688,112.304,223.34,251.37,236.957,228.374,235.859,424.836,311.757,145.726,152.554
775,201308.0,2013.0,08,188.202,233.877,259.325,112.047,226.224,250.011,237.348,228.564,237.494,426.866,310.351,145.316,153.252
776,201309.0,2013.0,09,188.278,234.149,261.098,111.678,227.833,248.513,237.444,228.808,238.37,428.026,306.547,145.457,151.75
777,201310.0,2013.0,10,187.168,233.546,261.426,111.314,228.242,238.524,237.794,228.362,239.834,428.082,291.812,145.488,150.413
778,201311.0,2013.0,11,185.896,233.069,261.745,110.934,228.514,233.136,237.585,228.449,238.761,427.74,282.423,145.643,148.74
779,201312.0,2013.0,12,185.62,233.049,261.922,110.704,228.578,234.542,237.82,228.892,239.102,427.089,284.445,145.766,148.183
780,201401.0,2014.0,01,186.152,233.916,261.567,110.697,228.373,239.551,238.792,230.256,240.158,429.621,288.268,145.88,147.386
781,201402.0,2014.0,02,187.04,234.781,261.748,110.844,228.835,242.041,239.476,230.905,242.386,432.769,291.512,146.421,147.616
782,201403.0,2014.0,03,188.847,236.293,263.114,110.925,229.061,250.543,240.226,231.968,245.301,433.369,306.059,146.348,148.92
783,201404.0,2014.0,04,190.176,237.072,263.129,111.212,229.237,252.717,241.103,231.689,249.29,434.054,316.782,146.724,150.496
784,201405.0,2014.0,05,190.518,237.9,263.634,111.086,229.576,255.982,242.065,232.744,251.825,434.874,318.84,146.708,151.441
785,201406.0,2014.0,06,190.324,238.343,263.831,110.856,229.983,259.858,242.027,233.894,252.865,435.352,319.692,146.067,151.978
786,201407.0,2014.0,07,189.706,238.25,264.045,110.723,230.807,257.907,242.674,234.475,253.767,435.924,314.901,146.086,152.857
787,201408.0,2014.0,08,188.872,237.852,265.559,110.475,233.634,250.951,243.497,234.571,258.416,435.777,302.101,145.873,153.277
788,201409.0,2014.0,09,189.027,238.031,267.892,110.047,235.378,247.077,244.26,234.675,260.805,436.575,295.716,145.88,151.153
789,201410.0,2014.0,10,187.76,237.433,267.955,109.811,235.92,234.745,244.775,234.434,259.84,437.027,277.29,146.306,147.893
790,201411.0,2014.0,11,184.964,236.151,268.22,109.016,236.098,221.844,244.902,234.315,260.457,438.445,252.897,146.481,144.151
791,201412.0,2014.0,12,181.926,234.812,267.799,108.5,236.066,209.785,245.585,234.658,261.055,439.72,225.165,146.524,141.957
792,201501.0,2015.0,01,178.576,233.707,269.541,108.474,236.82,192.619,246.1,235.485,260.982,440.969,186.763,146.558,141.461
793,201502.0,2015.0,02,180.005,234.722,269.711,109.062,236.814,196.597,246.269,236.016,260.863,442.783,196.272,147.345,143.39
794,201503.0,2015.0,03,182.318,236.119,272.082,109.587,237.447,204.731,245.689,236.435,260.077,444.02,216.691,147.574,147.023
795,201504.0,2015.0,04,182.533,236.599,274.181,110.212,238.003,203.715,245.746,236.777,258.991,446.663,216.595,147.844,149.788
796,201505.0,2015.0,05,184.263,237.805,274.583,110.197,238.219,214.33,245.846,237.175,257.106,447.213,239.141,147.889,150.713
797,201506.0,2015.0,06,184.523,238.638,275.183,110.049,238.669,220.861,246.245,238.568,261.189,446.271,245.147,147.845,150.97
798,201507.0,2015.0,07,184.071,238.654,275.829,109.652,239.68,219.852,246.558,239.085,261.639,446.773,244.584,147.154,151.119
799,201508.0,2015.0,08,183.137,238.316,276.893,109.187,242.076,213.248,247.196,239.298,263.601,446.536,231.305,146.704,150.908
800,201509.0,2015.0,09,181.868,237.945,279.145,108.948,244.351,201.641,248.09,239.651,263.227,447.289,208.121,146.57,148.52
801,201510.0,2015.0,10,181.306,237.838,279.305,108.5,244.7,194.501,248.575,239.395,261.568,450.065,199.996,146.516,145.821
802,201511.0,2015.0,11,179.825,237.336,279.456,107.926,244.865,189.267,247.87,239.325,259.141,451.371,191.68,146.804,143.247
803,201512.0,2015.0,12,178.016,236.525,278.668,107.599,244.777,183.378,247.468,239.514,255.298,451.072,180.452,146.817,142.474
804,201601.0,2016.0,01,177.661,236.916,279.641,107.862,244.71,180.171,248.241,240.424,251.783,454.175,172.378,147.456,142.668
805,201602.0,2016.0,02,177.049,237.111,280.216,108.252,244.864,172.061,248.459,241.015,251.29,458.295,155.361,148.268,144.024
806,201603.0,2016.0,03,178.437,238.132,280.664,108.525,244.876,179.017,247.677,241.485,250.837,458.62,171.05,148.227,146.178
807,201604.0,2016.0,04,179.941,239.261,280.972,108.676,245.206,185.652,248.095,241.79,250.839,459.994,186.428,147.895,147.489
808,201605.0,2016.0,05,180.59,240.229,281.254,108.345,245.419,192.673,247.58,242.811,248.989,461.23,198.667,147.646,147.223
809,201606.0,2016.0,06,180.748,241.018,281.709,107.832,245.911,200.035,247.207,244.28,248.016,462.075,207.389,147.245,146.303
810,201607.0,2016.0,07,179.389,240.628,282.496,107.432,246.478,195.94,247.267,244.936,246.875,464.164,196.053,147.119,145.457
811,201608.0,2016.0,08,179.14,240.849,284.326,106.982,248.58,193.524,247.42,245.472,246.547,468.379,190.209,146.713,144.858
812,201609.0,2016.0,09,179.85,241.428,285.811,106.41,250.469,195.852,247.645,246.127,246.642,469.154,194.66,146.499,142.482
813,201610.0,2016.0,10,180.306,241.729,286.834,106.123,251.173,194.786,247.861,246.264,244.77,469.23,198.212,146.896,139.914
814,201611.0,2016.0,11,179.02,241.353,286.568,105.479,251.155,191.402,247.246,246.271,243.633,469.333,193.432,147.027,137.789
815,201612.0,2016.0,12,178.7,241.432,286.699,105.431,251.466,193.306,247.134,246.795,241.612,469.447,196.831,147.299,137.475
816,201701.0,2017.0,01,180.298,242.839,288.591,106.147,251.122,199.608,248.074,247.942,242.596,471.7,207.28,148.848,137.397
817,201702.0,2017.0,02,180.607,243.603,289.136,106.326,251.356,198.195,248.595,248.693,243.057,474.546,202.912,148.993,137.899
818,201703.0,2017.0,03,181.136,243.801,289.498,106.343,251.113,198.597,248.967,248.978,244.306,474.561,205.155,148.543,139.372
819,201704.0,2017.0,04,182.041,244.524,289.529,106.397,251.001,202.869,249.538,249.514,243.33,473.582,213.288,148.457,140.654
820,201705.0,2017.0,05,181.489,244.733,289.585,106.257,250.959,203.132,249.749,250.376,243.815,473.512,210.313,148.033,140.875
821,201706.0,2017.0,06,180.72,244.955,289.927,105.917,251.658,204.646,249.398,251.629,245.756,474.36,206.76,147.262,140.015
822,201707.0,2017.0,07,180.043,244.786,289.484,105.298,252.115,202.554,249.93,251.87,247.761,476.126,202.051,146.19,139.519
823,201708.0,2017.0,08,180.763,245.519,290.566,104.9,253.805,205.894,250.212,252.615,247.985,476.869,209.881,145.712,139.35
824,201709.0,2017.0,09,182.903,246.819,292.001,104.175,255.783,215.711,250.735,252.984,247.613,476.485,232.076,145.037,137.141
825,201710.0,2017.0,10,182.116,246.663,292.357,103.838,256.435,207.29,251.13,253.125,248.413,477.121,219.64,144.868,135.867
826,201711.0,2017.0,11,181.847,246.669,292.149,103.714,256.721,209.383,250.694,253.177,247.027,477.198,225.322,145.442,134.901
827,201712.0,2017.0,12,180.946,246.524,291.729,104.083,256.469,206.598,251.024,253.845,248.42,477.802,217.972,146.522,136.118
828,201801.0,2018.0,01,182.434,247.867,292.569,104.433,256.15,210.663,252.109,254.857,247.284,481.06,225.03,146.996,136.555
829,201802.0,2018.0,02,183.385,248.991,293.297,104.626,256.291,213.519,252.076,255.713,247.095,482.897,228.666,146.807,137.768
830,201803.0,2018.0,03,183.78,249.554,293.36,105.046,255.609,212.554,252.182,256.388,249.516,483.984,228.068,146.727,139.892
831,201804.0,2018.0,04,185.271,250.546,293.443,104.891,255.564,218.83,252.999,256.969,251.922,484.034,242.056,146.069,139.368
832,201805.0,2018.0,05,186.199,251.588,293.874,104.583,256.09,226.81,252.848,257.907,249.449,484.853,256.175,146.349,138.506
833,201806.0,2018.0,06,185.965,251.989,294.642,104.636,256.679,229.137,253.022,258.71,248.609,486.019,257.041,146.562,139.09
834,201807.0,2018.0,07,185.531,252.006,293.782,104.864,257.477,227.107,253.476,259.268,250.042,485.193,253.424,146.526,140.687
835,201808.0,2018.0,08,185.366,252.146,296.443,104.669,260.613,226.939,253.779,259.884,250.743,484.172,252.546,146.149,141.095
836,201809.0,2018.0,09,185.571,252.439,298.086,103.488,262.336,226.165,254.178,259.941,248.876,484.708,253.432,145.715,135.13
837,201810.0,2018.0,10,186.071,252.885,296.74,103.726,262.947,225.757,254.203,260.268,247.966,485.269,255.126,145.588,136.45
838,201811.0,2018.0,11,184.077,252.038,297.048,103.913,263.119,215.91,254.262,260.473,247.954,486.886,236.934,145.826,138.01
839,201812.0,2018.0,12,181.754,251.233,297.288,104.169,263.199,205.905,255.023,261.36,247.327,487.409,213.838,146.126,138.069
840,201901.0,2019.0,01,181.815,251.712,298.69,104.808,263.125,200.563,256.185,262.284,248.169,490.204,202.818,147.059,138.8
841,201902.0,2019.0,02,183.001,252.776,299.732,105.042,263.62,202.74,256.997,263.057,248.597,491.227,208.242,147.226,139.301
842,201903.0,2019.0,03,184.993,254.202,300.186,105.379,263.905,211.724,257.43,263.886,249.062,492.306,226.616,147.788,140.513
843,201904.0,2019.0,04,186.884,255.548,300.278,105.178,263.944,222.499,257.393,264.452,249.203,493.331,249.55,147.84,140.458
844,201905.0,2019.0,05,187.236,256.092,301.85,104.849,264.199,225.773,257.791,265.137,250.356,494.928,255.584,147.659,138.888
845,201906.0,2019.0,06,186.112,256.143,303.008,105.167,264.612,221.373,257.778,266.461,249.231,495.563,243.163,147.417,140.823
846,201907.0,2019.0,07,186.319,256.571,303.632,105.369,264.882,222.492,258.015,267.101,250.033,497.687,245.042,147.035,142.756
847,201908.0,2019.0,08,185.686,256.558,304.401,105.331,266.979,216.978,258.154,267.263,249.277,500.916,234.746,146.456,144.026
848,201909.0,2019.0,09,185.508,256.759,306.478,104.385,268.357,215.418,258.646,267.822,249.74,501.468,232.658,145.854,138.653
849,201910.0,2019.0,10,186.012,257.346,306.811,104.263,268.878,216.351,259.284,267.794,250.592,506.1,236.346,145.726,138.407
850,201911.0,2019.0,11,185.186,257.208,306.903,103.902,268.88,214.636,259.08,267.925,250.491,507.541,233.851,145.728,137.407
851,201912.0,2019.0,12,184.441,256.974,307.252,103.695,268.7,212.982,259.403,268.236,252.893,509.689,230.189,146.22,137.125
852,202001.0,2020.0,01,185.055,257.971,308.335,103.896,268.841,213.043,260.638,269.468,252.905,512.149,228.343,147.253,136.064
853,202002.0,2020.0,02,185.331,258.678,310.206,104.421,269.36,208.354,261.487,270.281,253.396,513.923,219.677,147.803,137.452
854,202003.0,2020.0,03,184.364,258.115,310.546,104.703,269.45,199.573,262.32,270.273,254.724,515.605,203.512,147.124,140.689
855,202004.0,2020.0,04,182.141,256.389,310.647,104.336,269.614,183.081,266.137,270.184,266.263,517.053,170.378,147.007,139.411
856,202005.0,2020.0,05,182.064,256.394,310.605,104.309,269.725,183.076,267.792,270.823,275.405,519.194,169.882,147.222,138.383
857,202006.0,2020.0,06,183.619,257.797,311.779,104.188,269.993,193.379,269.051,271.831,281.139,520.734,186.494,147.108,136.915
858,202007.0,2020.0,07,184.59,259.101,312.33,105.252,270.659,197.665,268.132,272.445,271.028,522.686,195.317,147.803,141.493
859,202008.0,2020.0,08,185.83,259.918,312.538,106.97,271.626,197.362,268.383,272.866,266.969,523.295,195.352,147.412,149.765
860,202009.0,2020.0,09,186.434,260.28,313.713,107.474,272.241,198.858,268.465,273.116,265.386,522.528,196.756,147.361,152.887
861,202010.0,2020.0,10,186.502,260.388,313.928,107.819,272.465,196.458,269.169,273.014,265.796,520.725,193.647,147.956,154.381
862,202011.0,2020.0,11,185.594,260.229,313.885,107.612,272.359,194.388,268.539,273.29,265.307,519.848,188.544,148.063,152.324
863,202012.0,2020.0,12,186.063,260.474,314.138,107.691,272.437,198.155,269.383,273.684,264.475,518.766,194.996,149.091,150.891
864,202101.0,2021.0,01,187.79,261.582,314.785,107.517,272.238,205.273,270.26,274.336,265.922,522.133,208.387,149.377,149.659
865,202102.0,2021.0,02,189.402,263.014,315.633,107.893,272.539,213.277,270.672,275.137,266.606,524.207,222.667,149.515,150.221
866,202103.0,2021.0,03,191.877,264.877,312.97,108.597,271.559,225.861,271.135,276.028,268.457,524.734,248.681,149.321,153.873
867,202104.0,2021.0,04,194.456,267.054,313.787,111.983,271.829,229.116,272.367,277.258,271.459,524.585,253.648,149.892,168.647
868,202105.0,2021.0,05,197.117,269.195,315.422,115.051,272.544,235.339,273.441,278.648,275.776,523.918,264.135,152.143,179.532
869,202106.0,2021.0,06,200.209,271.696,316.38,119.434,273.169,240.72,275.38,280.366,282.993,522.989,269.983,154.847,198.855
870,202107.0,2021.0,07,201.615,273.003,317.395,120.31,273.812,244.8,277.187,281.604,286.994,524.219,276.65,157.203,200.425
871,202108.0,2021.0,08,202.496,273.567,317.848,120.666,275.373,246.639,278.201,282.391,288.367,525.247,278.461,158.652,197.535
872,202109.0,2021.0,09,203.313,274.31,321.245,120.107,277.551,248.228,280.452,283.744,293.217,524.818,279.367,160.244,190.207
873,202110.0,2021.0,10,206.134,276.589,322.356,122.097,278.047,255.338,282.943,285.31,297.377,527.564,289.665,162.527,195.213
874,202111.0,2021.0,11,207.708,277.948,322.483,123.678,278.097,259.1,284.168,286.308,299.228,528.877,297.841,164.511,200.209
875,202112.0,2021.0,12,208.602,278.802,322.648,125.747,277.904,256.207,285.556,287.511,297.604,530.026,291.51,166.653,207.164
876,202201.0,2022.0,01,210.918,281.148,323.184,127.345,278.087,260.653,288.264,289.889,298.441,535.048,291.767,167.582,210.293
877,202202.0,2022.0,02,213.96,283.716,324.504,128.109,278.38,267.771,291.244,291.504,301.24,536.932,307.422,168.027,212.04
878,202203.0,2022.0,03,219.057,287.504,324.205,127.471,278.388,298.246,294.064,293.577,305.116,539.739,368.44,168.056,208.216
