DATE,WTREGEN
1/8/1986,4.14
1/15/1986,5.032
1/22/1986,13.856
1/29/1986,17.487
2/5/1986,12.475
2/12/1986,6.854
2/19/1986,6.167
2/26/1986,6.922
3/5/1986,4.477
3/12/1986,3.496
3/19/1986,3.044
3/26/1986,3.61
4/2/1986,2.926
4/9/1986,3.365
4/16/1986,3.393
4/23/1986,2.221
4/30/1986,6.769
5/7/1986,7.246
5/14/1986,4.591
5/21/1986,3.972
5/28/1986,3.58
6/4/1986,2.687
6/11/1986,2.475
6/18/1986,3.075
6/25/1986,3.428
7/2/1986,2.79
7/9/1986,3.036
7/16/1986,3.992
7/23/1986,3.633
7/30/1986,3.862
8/6/1986,3.524
8/13/1986,3.695
8/20/1986,3.454
8/27/1986,3.284
9/3/1986,2.095
9/10/1986,3.424
9/17/1986,4.098
9/24/1986,7.625
10/1/1986,8.63
10/8/1986,3.424
10/15/1986,2.701
10/22/1986,3.552
10/29/1986,3.332
11/5/1986,2.919
11/12/1986,3.73
11/19/1986,3.696
11/26/1986,2.474
12/3/1986,2.606
12/10/1986,2.794
12/17/1986,3.524
12/24/1986,3.391
12/31/1986,5.34
1/7/1987,5.959
1/14/1987,4.306
1/21/1987,9.302
1/28/1987,16.853
2/4/1987,12.895
2/11/1987,3.832
2/18/1987,4.271
2/25/1987,4.208
3/4/1987,3.328
3/11/1987,3.391
3/18/1987,3.255
3/25/1987,2.865
4/1/1987,3.025
4/8/1987,3.923
4/15/1987,3.815
4/22/1987,4.758
4/29/1987,13.312
5/6/1987,22.844
5/13/1987,21.006
5/20/1987,14.94
5/27/1987,12.684
6/3/1987,5.067
6/10/1987,3.712
6/17/1987,3.879
6/24/1987,14.57
7/1/1987,15.561
7/8/1987,4.985
7/15/1987,5.685
7/22/1987,5.316
7/29/1987,3.872
8/5/1987,5.261
8/12/1987,3.106
8/19/1987,3.174
8/26/1987,3.116
9/2/1987,3.496
9/9/1987,3.698
9/16/1987,4.207
9/23/1987,21.647
9/30/1987,14.355
10/7/1987,5.341
10/14/1987,3.281
10/21/1987,12.191
10/28/1987,13.822
11/4/1987,7.367
11/11/1987,3.958
11/18/1987,3.836
11/25/1987,3.325
12/2/1987,3.403
12/9/1987,3.792
12/16/1987,4.817
12/23/1987,4.219
12/30/1987,3.719
1/6/1988,4.773
1/13/1988,4.773
1/20/1988,4.773
1/27/1988,4.773
2/3/1988,4.773
2/10/1988,4.773
2/17/1988,4.773
2/24/1988,4.773
3/2/1988,4.773
3/9/1988,4.773
3/16/1988,4.773
3/23/1988,4.773
3/30/1988,4.773
4/6/1988,4.773
4/13/1988,4.773
4/20/1988,4.773
4/27/1988,4.773
5/4/1988,4.773
5/11/1988,4.773
5/18/1988,4.773
5/25/1988,4.773
6/1/1988,4.773
6/8/1988,4.773
6/15/1988,4.773
6/22/1988,4.773
6/29/1988,4.773
7/6/1988,4.773
7/13/1988,4.773
7/20/1988,4.773
7/27/1988,4.773
8/3/1988,4.773
8/10/1988,4.773
8/17/1988,4.773
8/24/1988,4.773
8/31/1988,4.773
9/7/1988,4.773
9/14/1988,4.773
9/21/1988,4.773
9/28/1988,4.773
10/5/1988,4.773
10/12/1988,4.773
10/19/1988,4.773
10/26/1988,4.773
11/2/1988,4.773
11/9/1988,4.773
11/16/1988,4.773
11/23/1988,4.773
11/30/1988,4.773
12/7/1988,4.773
12/14/1988,4.773
12/21/1988,4.773
12/28/1988,4.773
1/4/1989,4.773
1/11/1989,4.773
1/18/1989,4.773
1/25/1989,4.773
2/1/1989,4.773
2/8/1989,4.773
2/15/1989,4.773
2/22/1989,4.773
3/1/1989,4.773
3/8/1989,4.773
3/15/1989,4.773
3/22/1989,4.22
3/29/1989,5.95
4/5/1989,4.824
4/12/1989,6.463
4/19/1989,6.963
4/26/1989,8.12
5/3/1989,21.985
5/10/1989,23.141
5/17/1989,16.166
5/24/1989,8.706
5/31/1989,5.154
6/7/1989,5.665
6/14/1989,5.397
6/21/1989,9.274
6/28/1989,18.343
7/5/1989,11.214
7/12/1989,6.308
7/19/1989,5.155
7/26/1989,5.025
8/2/1989,5.149
8/9/1989,5.542
8/16/1989,5.747
8/23/1989,4.662
8/30/1989,5.68
9/6/1989,4.819
9/13/1989,4.549
9/20/1989,6.486
9/27/1989,12.316
10/4/1989,10.691
10/11/1989,5.103
10/18/1989,6.154
10/25/1989,5.389
11/1/1989,6.436
11/8/1989,5.361
11/15/1989,4.757
11/22/1989,4.449
11/29/1989,5.093
12/6/1989,5.162
12/13/1989,4.475
12/20/1989,4.402
12/27/1989,4.571
1/3/1990,6.283
1/10/1990,5.416
1/17/1990,4.108
1/24/1990,5.93
1/31/1990,9.55
2/7/1990,6.106
2/14/1990,6.446
2/21/1990,4.783
2/28/1990,6.133
3/7/1990,6.193
3/14/1990,4.928
3/21/1990,5.001
3/28/1990,5.506
4/4/1990,4.455
4/11/1990,4.745
4/18/1990,4.981
4/25/1990,4.022
5/2/1990,4.543
5/9/1990,4.841
5/16/1990,5.037
5/23/1990,5.274
5/30/1990,4.562
6/6/1990,5.185
6/13/1990,4.574
6/20/1990,5.003
6/27/1990,5.364
7/4/1990,5.58
7/11/1990,5.973
7/18/1990,5.108
7/25/1990,5.082
8/1/1990,5.328
8/8/1990,5.763
8/15/1990,5.288
8/22/1990,5.501
8/29/1990,5.219
9/5/1990,5.368
9/12/1990,4.69
9/19/1990,7.57
9/26/1990,6.666
10/3/1990,7.701
10/10/1990,4.461
10/17/1990,5.505
10/24/1990,4.931
10/31/1990,6.274
11/7/1990,6.519
11/14/1990,5.471
11/21/1990,5.375
11/28/1990,4.894
12/5/1990,5.651
12/12/1990,4.148
12/19/1990,5.406
12/26/1990,6.81
1/2/1991,7.987
1/9/1991,6.906
1/16/1991,5.32
1/23/1991,5.494
1/30/1991,14.064
2/6/1991,11.182
2/13/1991,11.187
2/20/1991,9.728
2/27/1991,13.345
3/6/1991,9.192
3/13/1991,5.869
3/20/1991,4.801
3/27/1991,6.131
4/3/1991,8.352
4/10/1991,4.796
4/17/1991,3.78
4/24/1991,5.509
5/1/1991,5.746
5/8/1991,5.222
5/15/1991,4.931
5/22/1991,5.583
5/29/1991,4.644
6/5/1991,5.942
6/12/1991,5.158
6/19/1991,5.977
6/26/1991,5.745
7/3/1991,9.507
7/10/1991,7.081
7/17/1991,6.646
7/24/1991,6.033
7/31/1991,6.47
8/7/1991,5.808
8/14/1991,6.028
8/21/1991,5.138
8/28/1991,5.196
9/4/1991,6.26
9/11/1991,5.809
9/18/1991,8.321
9/25/1991,9.908
10/2/1991,8.398
10/9/1991,5.26
10/16/1991,4.486
10/23/1991,6.493
10/30/1991,5.13
11/6/1991,7.908
11/13/1991,5.832
11/20/1991,5.596
11/27/1991,5.281
12/4/1991,5.921
12/11/1991,5.191
12/18/1991,5.838
12/25/1991,9.723
1/1/1992,13.005
1/8/1992,6.147
1/15/1992,5.455
1/22/1992,6.072
1/29/1992,8.853
2/5/1992,8.599
2/12/1992,6.584
2/19/1992,5.874
2/26/1992,5.139
3/4/1992,5.563
3/11/1992,5.245
3/18/1992,5.906
3/25/1992,5.724
4/1/1992,5.184
4/8/1992,5.438
4/15/1992,4.435
4/22/1992,5.178
4/29/1992,4.781
5/6/1992,4.774
5/13/1992,5.012
5/20/1992,5.07
5/27/1992,5.438
6/3/1992,5.54
6/10/1992,4.916
6/17/1992,6.657
6/24/1992,8.136
7/1/1992,8.434
7/8/1992,6.133
7/15/1992,5.245
7/22/1992,5.231
7/29/1992,5.562
8/5/1992,6.707
8/12/1992,5.445
8/19/1992,5.291
8/26/1992,5.62
9/2/1992,5.744
9/9/1992,5.923
9/16/1992,6.284
9/23/1992,13.697
9/30/1992,21.297
10/7/1992,5.499
10/14/1992,4.555
10/21/1992,4.675
10/28/1992,5.191
11/4/1992,5.622
11/11/1992,5.25
11/18/1992,5.184
11/25/1992,5.787
12/2/1992,5.602
12/9/1992,5.076
12/16/1992,5.002
12/23/1992,7.764
12/30/1992,6.32
1/6/1993,8.36
1/13/1993,5.492
1/20/1993,6.988
1/27/1993,8.761
2/3/1993,11.447
2/10/1993,5.391
2/17/1993,4.791
2/24/1993,4.967
3/3/1993,6.017
3/10/1993,5.395
3/17/1993,5.563
3/24/1993,5.026
3/31/1993,5.243
4/7/1993,5.723
4/14/1993,5.348
4/21/1993,8.135
4/28/1993,4.77
5/5/1993,6.116
5/12/1993,5.646
5/19/1993,5.937
5/26/1993,6.11
6/2/1993,5.984
6/9/1993,4.468
6/16/1993,5.364
6/23/1993,9.667
6/30/1993,16.256
7/7/1993,6.833
7/14/1993,6.822
7/21/1993,6.065
7/28/1993,5.435
8/4/1993,5.934
8/11/1993,5.661
8/18/1993,5.675
8/25/1993,5.97
9/1/1993,5.544
9/8/1993,5.949
9/15/1993,5.117
9/22/1993,16.981
9/29/1993,10.104
10/6/1993,7.518
10/13/1993,5.179
10/20/1993,5.755
10/27/1993,5.13
11/3/1993,5.989
11/10/1993,5.059
11/17/1993,5.605
11/24/1993,5.971
12/1/1993,5.416
12/8/1993,4.482
12/15/1993,5.165
12/22/1993,8.264
12/29/1993,7.116
1/5/1994,9.813
1/12/1994,4.035
1/19/1994,5.647
1/26/1994,8.778
2/2/1994,13.224
2/9/1994,5.96
2/16/1994,4.691
2/23/1994,5.985
3/2/1994,4.435
3/9/1994,5.222
3/16/1994,5.463
3/23/1994,4.971
3/30/1994,4.847
4/6/1994,6.073
4/13/1994,3.965
4/20/1994,6.568
4/27/1994,5.473
5/4/1994,8.992
5/11/1994,6.067
5/18/1994,5.997
5/25/1994,5.287
6/1/1994,4.683
6/8/1994,4.993
6/15/1994,4.826
6/22/1994,7.064
6/29/1994,7.561
7/6/1994,5.917
7/13/1994,6.031
7/20/1994,4.581
7/27/1994,5.373
8/3/1994,5.046
8/10/1994,5.422
8/17/1994,4.78
8/24/1994,5.208
8/31/1994,5.029
9/7/1994,4.514
9/14/1994,5.576
9/21/1994,7.367
9/28/1994,6.195
10/5/1994,6.15
10/12/1994,5.594
10/19/1994,5.112
10/26/1994,5.078
11/2/1994,6.119
11/9/1994,5.503
11/16/1994,5.225
11/23/1994,4.821
11/30/1994,5.351
12/7/1994,4.337
12/14/1994,6.044
12/21/1994,6.697
12/28/1994,6.973
1/4/1995,7.148
1/11/1995,7.421
1/18/1995,6.525
1/25/1995,5.919
2/1/1995,8.63
2/8/1995,6.864
2/15/1995,4.789
2/22/1995,5.707
3/1/1995,5.177
3/8/1995,5.158
3/15/1995,5.175
3/22/1995,6
3/29/1995,4.6
4/5/1995,5.138
4/12/1995,4.978
4/19/1995,6.178
4/26/1995,7.065
5/3/1995,9.402
5/10/1995,4.876
5/17/1995,5.582
5/24/1995,4.823
5/31/1995,5.32
6/7/1995,4.424
6/14/1995,5.286
6/21/1995,11.241
6/28/1995,6.977
7/5/1995,13.727
7/12/1995,5.767
7/19/1995,5.568
7/26/1995,5.616
8/2/1995,6.377
8/9/1995,5.134
8/16/1995,5.221
8/23/1995,5.541
8/30/1995,4.923
9/6/1995,5.083
9/13/1995,4.903
9/20/1995,10.002
9/27/1995,6.651
10/4/1995,6.829
10/11/1995,5.63
10/18/1995,4.941
10/25/1995,5.275
11/1/1995,5.228
11/8/1995,4.948
11/15/1995,6.024
11/22/1995,5.125
11/29/1995,5.614
12/6/1995,5.942
12/13/1995,5.559
12/20/1995,8.633
12/27/1995,7.169
1/3/1996,6.306
1/10/1996,5.313
1/17/1996,5.548
1/24/1996,7.218
1/31/1996,6.963
2/7/1996,5.493
2/14/1996,5.204
2/21/1996,5.137
2/28/1996,3.883
3/6/1996,4.312
3/13/1996,5.507
3/20/1996,7.235
3/27/1996,5.048
4/3/1996,6.017
4/10/1996,5.986
4/17/1996,7.655
4/24/1996,8.251
5/1/1996,8.709
5/8/1996,6.537
5/15/1996,5.673
5/22/1996,5.127
5/29/1996,5.175
6/5/1996,4.276
6/12/1996,5.697
6/19/1996,6.022
6/26/1996,7.184
7/3/1996,6.417
7/10/1996,5.277
7/17/1996,5.464
7/24/1996,5.26
7/31/1996,5.384
8/7/1996,5.069
8/14/1996,4.781
8/21/1996,5.129
8/28/1996,5.272
9/4/1996,5.347
9/11/1996,4.669
9/18/1996,5.754
9/25/1996,7.62
10/2/1996,6.815
10/9/1996,4.529
10/16/1996,4.885
10/23/1996,5.414
10/30/1996,5.228
11/6/1996,5.013
11/13/1996,4.905
11/20/1996,5.039
11/27/1996,4.996
12/4/1996,4.509
12/11/1996,4.926
12/18/1996,7.169
12/25/1996,5.694
1/1/1997,6.326
1/8/1997,4.479
1/15/1997,5.512
1/22/1997,6.524
1/29/1997,7.896
2/5/1997,6.207
2/12/1997,4.829
2/19/1997,5.002
2/26/1997,4.425
3/5/1997,5.149
3/12/1997,5.169
3/19/1997,7.479
3/26/1997,5.376
4/2/1997,5.535
4/9/1997,4.826
4/16/1997,7.837
4/23/1997,8.66
4/30/1997,32.937
5/7/1997,23.899
5/14/1997,14.661
5/21/1997,5.176
5/28/1997,5.053
6/4/1997,4.993
6/11/1997,5.254
6/18/1997,6.831
6/25/1997,11.868
7/2/1997,12.577
7/9/1997,3.902
7/16/1997,4.919
7/23/1997,5.212
7/30/1997,4.877
8/6/1997,5.196
8/13/1997,4.965
8/20/1997,4.444
8/27/1997,4.866
9/3/1997,5.131
9/10/1997,4.712
9/17/1997,6.807
9/24/1997,6.949
10/1/1997,6.687
10/8/1997,5.402
10/15/1997,5.11
10/22/1997,5.527
10/29/1997,5.868
11/5/1997,5.225
11/12/1997,5.338
11/19/1997,5.059
11/26/1997,5.002
12/3/1997,4.762
12/10/1997,4.529
12/17/1997,6.33
12/24/1997,5.001
12/31/1997,4.758
1/7/1998,5.031
1/14/1998,5.253
1/21/1998,9.148
1/28/1998,6.976
2/4/1998,5.696
2/11/1998,5.062
2/18/1998,4.969
2/25/1998,4.4
3/4/1998,5.447
3/11/1998,4.867
3/18/1998,6.294
3/25/1998,5.181
4/1/1998,5.033
4/8/1998,5.044
4/15/1998,6.218
4/22/1998,7.894
4/29/1998,17.944
5/6/1998,8.442
5/13/1998,6.055
5/20/1998,5.428
5/27/1998,5.179
6/3/1998,5.341
6/10/1998,5.031
6/17/1998,6.982
6/24/1998,12.769
7/1/1998,18.717
7/8/1998,5.956
7/15/1998,5.171
7/22/1998,5.155
7/29/1998,5.115
8/5/1998,5.234
8/12/1998,4.839
8/19/1998,5.45
8/26/1998,4.905
9/2/1998,5.4
9/9/1998,5.396
9/16/1998,5.869
9/23/1998,7.144
9/30/1998,6.989
10/7/1998,5.779
10/14/1998,5.48
10/21/1998,5.322
10/28/1998,5.326
11/4/1998,5.03
11/11/1998,5.256
11/18/1998,4.801
11/25/1998,5.026
12/2/1998,5.304
12/9/1998,5.035
12/16/1998,6.324
12/23/1998,5.434
12/30/1998,7.195
1/6/1999,5.992
1/13/1999,5.423
1/20/1999,7.296
1/27/1999,6.963
2/3/1999,6.876
2/10/1999,4.865
2/17/1999,4.223
2/24/1999,4.998
3/3/1999,4.974
3/10/1999,5.087
3/17/1999,6.313
3/24/1999,5.309
3/31/1999,5.16
4/7/1999,5.644
4/14/1999,4.853
4/21/1999,6.79
4/28/1999,7.182
5/5/1999,7.888
5/12/1999,5.307
5/19/1999,5.157
5/26/1999,4.888
6/2/1999,4.897
6/9/1999,4.855
6/16/1999,5.449
6/23/1999,7.023
6/30/1999,6.823
7/7/1999,5.766
7/14/1999,5.264
7/21/1999,5.056
7/28/1999,4.901
8/4/1999,5.105
8/11/1999,5.1
8/18/1999,5.08
8/25/1999,4.851
9/1/1999,5.403
9/8/1999,5.113
9/15/1999,5.48
9/22/1999,7.512
9/29/1999,7.403
10/6/1999,5.457
10/13/1999,5.235
10/20/1999,5.421
10/27/1999,5.206
11/3/1999,4.968
11/10/1999,4.814
11/17/1999,4.726
11/24/1999,5.34
12/1/1999,5.107
12/8/1999,4.8
12/15/1999,5.273
12/22/1999,6.206
12/29/1999,12.138
1/5/2000,20.943
1/12/2000,5.326
1/19/2000,5.39
1/26/2000,7.205
2/2/2000,6.131
2/9/2000,5.259
2/16/2000,5.306
2/23/2000,5.334
3/1/2000,5.09
3/8/2000,5.358
3/15/2000,5.457
3/22/2000,5.675
3/29/2000,5.067
4/5/2000,5.057
4/12/2000,5.462
4/19/2000,6.778
4/26/2000,12.417
5/3/2000,14.439
5/10/2000,9.068
5/17/2000,5.424
5/24/2000,5.114
5/31/2000,4.88
6/7/2000,4.656
6/14/2000,5.232
6/21/2000,7.943
6/28/2000,6.983
7/5/2000,6.159
7/12/2000,4.981
7/19/2000,5.333
7/26/2000,4.633
8/2/2000,5.106
8/9/2000,4.791
8/16/2000,5.226
8/23/2000,4.824
8/30/2000,5.245
9/6/2000,5.594
9/13/2000,4.627
9/20/2000,8.574
9/27/2000,7.357
10/4/2000,6.822
10/11/2000,5.324
10/18/2000,5.17
10/25/2000,5.278
11/1/2000,5.171
11/8/2000,5.073
11/15/2000,5.279
11/22/2000,5.175
11/29/2000,4.94
12/6/2000,5.275
12/13/2000,5.382
12/20/2000,8.105
12/27/2000,4.34
1/3/2001,5.312
1/10/2001,4.795
1/17/2001,6.529
1/24/2001,7.078
1/31/2001,8.903
2/7/2001,4.849
2/14/2001,5.023
2/21/2001,4.836
2/28/2001,4.868
3/7/2001,4.959
3/14/2001,4.893
3/21/2001,6.709
3/28/2001,4.621
4/4/2001,5.671
4/11/2001,5.01
4/18/2001,5.491
4/25/2001,6.894
5/2/2001,6.733
5/9/2001,5.053
5/16/2001,5.169
5/23/2001,4.993
5/30/2001,5.148
6/6/2001,4.796
6/13/2001,4.878
6/20/2001,5.194
6/27/2001,6.748
7/4/2001,6.444
7/11/2001,4.796
7/18/2001,4.937
7/25/2001,4.923
8/1/2001,5.231
8/8/2001,4.673
8/15/2001,5.073
8/22/2001,5.313
8/29/2001,5.001
9/5/2001,5.252
9/12/2001,5.35
9/19/2001,6.291
9/26/2001,8.462
10/3/2001,7.728
10/10/2001,5.076
10/17/2001,4.722
10/24/2001,5.321
10/31/2001,5.121
11/7/2001,4.987
11/14/2001,4.69
11/21/2001,5.603
11/28/2001,5.074
12/5/2001,5.5
12/12/2001,5.008
12/19/2001,5.864
12/26/2001,4.645
1/2/2002,5.982
1/9/2002,5.053
1/16/2002,5.712
1/23/2002,7.099
1/30/2002,9.17
2/6/2002,6.196
2/13/2002,4.976
2/20/2002,4.892
2/27/2002,4.696
3/6/2002,5.473
3/13/2002,4.801
3/20/2002,6.511
3/27/2002,5.198
4/3/2002,5.395
4/10/2002,5.008
4/17/2002,5.957
4/24/2002,6.994
5/1/2002,6.946
5/8/2002,5.145
5/15/2002,5.134
5/22/2002,4.914
5/29/2002,5.012
6/5/2002,5.338
6/12/2002,5.289
6/19/2002,5.894
6/26/2002,6.963
7/3/2002,6.148
7/10/2002,4.985
7/17/2002,5.495
7/24/2002,5.311
7/31/2002,5.779
8/7/2002,5.025
8/14/2002,4.896
8/21/2002,4.387
8/28/2002,6.013
9/4/2002,4.795
9/11/2002,5.009
9/18/2002,5.773
9/25/2002,6.832
10/2/2002,6.182
10/9/2002,5.106
10/16/2002,4.327
10/23/2002,5.064
10/30/2002,4.799
11/6/2002,5.338
11/13/2002,5.013
11/20/2002,4.868
11/27/2002,5.016
12/4/2002,4.664
12/11/2002,4.107
12/18/2002,5.959
12/25/2002,4.678
1/1/2003,5.016
1/8/2003,4.829
1/15/2003,5.244
1/22/2003,6.133
1/29/2003,7.162
2/5/2003,5.392
2/12/2003,4.681
2/19/2003,5.048
2/26/2003,5.249
3/5/2003,4.909
3/12/2003,5.196
3/19/2003,4.979
3/26/2003,5.916
4/2/2003,5.654
4/9/2003,6.528
4/16/2003,6.47
4/23/2003,8.927
4/30/2003,8.763
5/7/2003,7.113
5/14/2003,7.139
5/21/2003,6.899
5/28/2003,5.543
6/4/2003,6.487
6/11/2003,6.515
6/18/2003,7.147
6/25/2003,7.199
7/2/2003,6.087
7/9/2003,6.218
7/16/2003,6.479
7/23/2003,6.067
7/30/2003,6.205
8/6/2003,5.639
8/13/2003,5.611
8/20/2003,5.644
8/27/2003,5.974
9/3/2003,4.843
9/10/2003,4.745
9/17/2003,6.084
9/24/2003,7.54
10/1/2003,6.922
10/8/2003,5.185
10/15/2003,3.745
10/22/2003,5.403
10/29/2003,5.125
11/5/2003,5.68
11/12/2003,4.876
11/19/2003,4.651
11/26/2003,5.223
12/3/2003,5.437
12/10/2003,4.974
12/17/2003,5.622
12/24/2003,4.701
12/31/2003,5.85
1/7/2004,5.319
1/14/2004,4.886
1/21/2004,7.374
1/28/2004,5.153
2/4/2004,4.901
2/11/2004,5.352
2/18/2004,4.984
2/25/2004,5.147
3/3/2004,5.618
3/10/2004,5.527
3/17/2004,5.737
3/24/2004,5.371
3/31/2004,5.246
4/7/2004,5.01
4/14/2004,5.158
4/21/2004,6.63
4/28/2004,7.444
5/5/2004,6.025
5/12/2004,5.435
5/19/2004,5.333
5/26/2004,5.212
6/2/2004,4.092
6/9/2004,4.698
6/16/2004,6.195
6/23/2004,7.034
6/30/2004,5.961
7/7/2004,4.541
7/14/2004,4.834
7/21/2004,5.509
7/28/2004,4.956
8/4/2004,4.701
8/11/2004,5.064
8/18/2004,4.456
8/25/2004,4.789
9/1/2004,5.297
9/8/2004,4.91
9/15/2004,5.261
9/22/2004,6.979
9/29/2004,5.118
10/6/2004,5.334
10/13/2004,4.682
10/20/2004,5.232
10/27/2004,4.948
11/3/2004,5.275
11/10/2004,5.012
11/17/2004,4.824
11/24/2004,4.419
12/1/2004,5.217
12/8/2004,4.986
12/15/2004,5.047
12/22/2004,5.133
12/29/2004,4.631
1/5/2005,5.65
1/12/2005,5.145
1/19/2005,4.781
1/26/2005,5.252
2/2/2005,5.07
2/9/2005,4.913
2/16/2005,4.924
2/23/2005,5.25
3/2/2005,5.199
3/9/2005,4.304
3/16/2005,5.118
3/23/2005,4.968
3/30/2005,4.592
4/6/2005,5.296
4/13/2005,5.175
4/20/2005,5.201
4/27/2005,5.586
5/4/2005,4.863
5/11/2005,4.993
5/18/2005,5.209
5/25/2005,4.936
6/1/2005,4.927
6/8/2005,4.778
6/15/2005,5.534
6/22/2005,4.982
6/29/2005,4.726
7/6/2005,3.84
7/13/2005,4.843
7/20/2005,5.423
7/27/2005,4.878
8/3/2005,5.012
8/10/2005,4.989
8/17/2005,4.805
8/24/2005,5.181
8/31/2005,4.909
9/7/2005,4.786
9/14/2005,4.973
9/21/2005,6.319
9/28/2005,5.366
10/5/2005,4.857
10/12/2005,4.787
10/19/2005,4.555
10/26/2005,5.149
11/2/2005,4.981
11/9/2005,5.002
11/16/2005,4.522
11/23/2005,5.107
11/30/2005,5.09
12/7/2005,4.932
12/14/2005,5.396
12/21/2005,5.402
12/28/2005,4.853
1/4/2006,4.734
1/11/2006,4.795
1/18/2006,4.81
1/25/2006,5.314
2/1/2006,5.117
2/8/2006,5.36
2/15/2006,5.224
2/22/2006,5.005
3/1/2006,5.08
3/8/2006,5.028
3/15/2006,4.479
3/22/2006,5.142
3/29/2006,5.4
4/5/2006,5.228
4/12/2006,5.126
4/19/2006,4.999
4/26/2006,4.953
5/3/2006,5.366
5/10/2006,5.151
5/17/2006,5.192
5/24/2006,5.476
5/31/2006,4.87
6/7/2006,5.233
6/14/2006,4.97
6/21/2006,5.007
6/28/2006,4.924
7/5/2006,5.334
7/12/2006,5.186
7/19/2006,4.915
7/26/2006,5.017
8/2/2006,4.72
8/9/2006,4.643
8/16/2006,4.747
8/23/2006,4.997
8/30/2006,5.095
9/6/2006,4.531
9/13/2006,4.749
9/20/2006,6.113
9/27/2006,4.28
10/4/2006,6.65
10/11/2006,5.174
10/18/2006,4.855
10/25/2006,5.178
11/1/2006,4.982
11/8/2006,5.034
11/15/2006,4.96
11/22/2006,4.663
11/29/2006,5.03
12/6/2006,5.06
12/13/2006,4.74
12/20/2006,6.066
12/27/2006,5.24
1/3/2007,5.027
1/10/2007,4.797
1/17/2007,4.686
1/24/2007,5.112
1/31/2007,5.055
2/7/2007,5.097
2/14/2007,5.014
2/21/2007,4.94
2/28/2007,4.674
3/7/2007,4.725
3/14/2007,5.038
3/21/2007,5.408
3/28/2007,4.99
4/4/2007,4.769
4/11/2007,4.672
4/18/2007,5.454
4/25/2007,6.534
5/2/2007,14.887
5/9/2007,4.914
5/16/2007,4.451
5/23/2007,4.913
5/30/2007,5.183
6/6/2007,4.938
6/13/2007,4.958
6/20/2007,5.475
6/27/2007,4.923
7/4/2007,4.607
7/11/2007,4.912
7/18/2007,4.174
7/25/2007,5.052
8/1/2007,4.874
8/8/2007,4.998
8/15/2007,4.735
8/22/2007,4.842
8/29/2007,5.089
9/5/2007,4.685
9/12/2007,4.755
9/19/2007,5.416
9/26/2007,4.761
10/3/2007,5.43
10/10/2007,4.379
10/17/2007,5.08
10/24/2007,5.046
10/31/2007,4.95
11/7/2007,5.119
11/14/2007,5.143
11/21/2007,4.959
11/28/2007,5.176
12/5/2007,4.905
12/12/2007,4.831
12/19/2007,7.5
12/26/2007,4.91
1/2/2008,8.693
1/9/2008,5.146
1/16/2008,5.171
1/23/2008,5.335
1/30/2008,4.65
2/6/2008,5.548
2/13/2008,5.316
2/20/2008,3.861
2/27/2008,4.74
3/5/2008,4.867
3/12/2008,5.076
3/19/2008,5.152
3/26/2008,5.729
4/2/2008,5.158
4/9/2008,5.127
4/16/2008,4.745
4/23/2008,5.437
4/30/2008,5.721
5/7/2008,5.191
5/14/2008,4.657
5/21/2008,4.399
5/28/2008,4.94
6/4/2008,4.844
6/11/2008,4.849
6/18/2008,4.926
6/25/2008,5.07
7/2/2008,5.042
7/9/2008,5.18
7/16/2008,4.711
7/23/2008,5.419
7/30/2008,5.094
8/6/2008,4.88
8/13/2008,4.859
8/20/2008,4.765
8/27/2008,4.828
9/3/2008,4.746
9/10/2008,4.723
9/17/2008,4.941
9/24/2008,5.088
10/1/2008,8.629
10/8/2008,7.91
10/15/2008,7.338
10/22/2008,23.166
10/29/2008,100.736
11/5/2008,31.8
11/12/2008,61.776
11/19/2008,60.465
11/26/2008,64.531
12/3/2008,61.049
12/10/2008,49.529
12/17/2008,79.632
12/24/2008,125.933
12/31/2008,114.229
1/7/2009,66.137
1/14/2009,36.826
1/21/2009,35.51
1/28/2009,55.539
2/4/2009,41.917
2/11/2009,36.506
2/18/2009,31.082
2/25/2009,35.583
3/4/2009,52.413
3/11/2009,48.896
3/18/2009,72.723
3/25/2009,78.083
4/1/2009,47.129
4/8/2009,35.981
4/15/2009,41.866
4/22/2009,65.72
4/29/2009,84.774
5/6/2009,87.083
5/13/2009,76.059
5/20/2009,49.838
5/27/2009,26.692
6/3/2009,32.573
6/10/2009,31.392
6/17/2009,42.257
6/24/2009,118.671
7/1/2009,71.99
7/8/2009,34.2
7/15/2009,26.431
7/22/2009,73.188
7/29/2009,61.406
8/5/2009,70.812
8/12/2009,48.217
8/19/2009,29.767
8/26/2009,26.273
9/2/2009,35.581
9/9/2009,16.798
9/16/2009,25.346
9/23/2009,53.301
9/30/2009,37.91
10/7/2009,41.579
10/14/2009,23.173
10/21/2009,83.461
10/28/2009,43.241
11/4/2009,49.511
11/11/2009,74.637
11/18/2009,61.634
11/25/2009,25.904
12/2/2009,38.243
12/9/2009,31.793
12/16/2009,76.741
12/23/2009,94.951
12/30/2009,118.523
1/6/2010,178.343
1/13/2010,136.382
1/20/2010,143.908
1/27/2010,135.038
2/3/2010,109.506
2/10/2010,79.862
2/17/2010,46.48
2/24/2010,32.891
3/3/2010,38.894
3/10/2010,36.142
3/17/2010,52.167
3/24/2010,67.603
3/31/2010,35.896
4/7/2010,19.091
4/14/2010,11.666
4/21/2010,46.088
4/28/2010,57.162
5/5/2010,76.667
5/12/2010,34.305
5/19/2010,21.159
5/26/2010,26.077
6/2/2010,33.135
6/9/2010,32.796
6/16/2010,29.199
6/23/2010,45.852
6/30/2010,40.112
7/7/2010,25.984
7/14/2010,18.262
7/21/2010,51.307
7/28/2010,41.603
8/4/2010,27.377
8/11/2010,36.113
8/18/2010,28.343
8/25/2010,18.823
9/1/2010,23.113
9/8/2010,23.062
9/15/2010,22.341
9/22/2010,77.377
9/29/2010,57.576
10/6/2010,58.125
10/13/2010,22.78
10/20/2010,49.934
10/27/2010,37.919
11/3/2010,34.276
11/10/2010,21.585
11/17/2010,21.787
11/24/2010,29.391
12/1/2010,35.378
12/8/2010,21.184
12/15/2010,30.093
12/22/2010,91.479
12/29/2010,87.472
1/5/2011,115.386
1/12/2011,89.107
1/19/2011,58.958
1/26/2011,91.704
2/2/2011,97.314
2/9/2011,81.217
2/16/2011,46.423
2/23/2011,40.558
3/2/2011,47.058
3/9/2011,35.841
3/16/2011,42.088
3/23/2011,87.28
3/30/2011,58.515
4/6/2011,54.802
4/13/2011,25.419
4/20/2011,73.268
4/27/2011,104.152
5/4/2011,115.026
5/11/2011,99.593
5/18/2011,91.448
5/25/2011,84.259
6/1/2011,65.992
6/8/2011,38.188
6/15/2011,41.336
6/22/2011,122.935
6/29/2011,107.983
7/6/2011,76.56
7/13/2011,50.339
7/20/2011,90.719
7/27/2011,77.019
8/3/2011,56.911
8/10/2011,23.425
8/17/2011,20.172
8/24/2011,20.782
8/31/2011,20.32
9/7/2011,20.192
9/14/2011,13.766
9/21/2011,64.915
9/28/2011,55.718
10/5/2011,43.655
10/12/2011,21.906
10/19/2011,43.403
10/26/2011,64.369
11/2/2011,57.775
11/9/2011,37.029
11/16/2011,29.786
11/23/2011,44.347
11/30/2011,43.77
12/7/2011,28.282
12/14/2011,21.484
12/21/2011,112.404
12/28/2011,98.652
1/4/2012,87.058
1/11/2012,78.263
1/18/2012,78.069
1/25/2012,111.236
2/1/2012,117.554
2/8/2012,87.962
2/15/2012,58.049
2/22/2012,55.795
2/29/2012,39.475
3/7/2012,36.963
3/14/2012,41.816
3/21/2012,102.488
3/28/2012,84.043
4/4/2012,54.899
4/11/2012,45.289
4/18/2012,53.427
4/25/2012,78.498
5/2/2012,120.748
5/9/2012,113.232
5/16/2012,99.876
5/23/2012,90.083
5/30/2012,67.804
6/6/2012,60.763
6/13/2012,41.885
6/20/2012,114.746
6/27/2012,129.149
7/4/2012,100.829
7/11/2012,86.4
7/18/2012,63.021
7/25/2012,45.537
8/1/2012,42.102
8/8/2012,35.622
8/15/2012,28.398
8/22/2012,24.038
8/29/2012,25.194
9/5/2012,30.048
9/12/2012,47.019
9/19/2012,64.716
9/26/2012,73.239
10/3/2012,83.297
10/10/2012,65.845
10/17/2012,58.473
10/24/2012,62.738
10/31/2012,53.905
11/7/2012,28.002
11/14/2012,38.664
11/21/2012,24.433
11/28/2012,27.904
12/5/2012,33.997
12/12/2012,38.98
12/19/2012,54.986
12/26/2012,55.563
1/2/2013,71.564
1/9/2013,59.644
1/16/2013,54.02
1/23/2013,72.207
1/30/2013,71.127
2/6/2013,64.279
2/13/2013,34.908
2/20/2013,24.877
2/27/2013,43.012
3/6/2013,36.793
3/13/2013,43
3/20/2013,71.366
3/27/2013,68.019
4/3/2013,76.144
4/10/2013,58.767
4/17/2013,82.572
4/24/2013,128.7
5/1/2013,157.054
5/8/2013,144.071
5/15/2013,89.999
5/22/2013,33.233
5/29/2013,13.502
6/5/2013,30.23
6/12/2013,43.056
6/19/2013,79.129
6/26/2013,97.212
7/3/2013,118.745
7/10/2013,88.69
7/17/2013,70.158
7/24/2013,58.403
7/31/2013,60.063
8/7/2013,60.845
8/14/2013,64.121
8/21/2013,51.174
8/28/2013,37.298
9/4/2013,32.432
9/11/2013,38.551
9/18/2013,48.099
9/25/2013,44.991
10/2/2013,37.961
10/9/2013,28.728
10/16/2013,35.301
10/23/2013,44.193
10/30/2013,31.806
11/6/2013,34.358
11/13/2013,45.639
11/20/2013,49.446
11/27/2013,53.744
12/4/2013,37.947
12/11/2013,28.992
12/18/2013,70.572
12/25/2013,99.122
1/1/2014,105.104
1/8/2014,119.258
1/15/2014,80.022
1/22/2014,77.798
1/29/2014,89.337
2/5/2014,80.081
2/12/2014,36.41
2/19/2014,41.184
2/26/2014,46.704
3/5/2014,45.394
3/12/2014,56.141
3/19/2014,88.345
3/26/2014,102.04
4/2/2014,96.163
4/9/2014,62.436
4/16/2014,65.457
4/23/2014,111.394
4/30/2014,84.126
5/7/2014,91.397
5/14/2014,71.25
5/21/2014,37.745
5/28/2014,33.573
6/4/2014,33.895
6/11/2014,46.921
6/18/2014,84.475
6/25/2014,107.244
7/2/2014,100.085
7/9/2014,63.826
7/16/2014,59.384
7/23/2014,64.138
7/30/2014,62.335
8/6/2014,71.513
8/13/2014,78.066
8/20/2014,42.803
8/27/2014,40.217
9/3/2014,42.868
9/10/2014,39.081
9/17/2014,66.417
9/24/2014,114.828
10/1/2014,119.237
10/8/2014,96.461
10/15/2014,79.79
10/22/2014,123.514
10/29/2014,118.424
11/5/2014,111.382
11/12/2014,107.205
11/19/2014,95.281
11/26/2014,79.769
12/3/2014,87.426
12/10/2014,60.092
12/17/2014,114.776
12/24/2014,175.093
12/31/2014,192.063
1/7/2015,176.817
1/14/2015,158.268
1/21/2015,170.152
1/28/2015,201.192
2/4/2015,167.272
2/11/2015,158.907
2/18/2015,118.836
2/25/2015,68.114
3/4/2015,49.803
3/11/2015,39.431
3/18/2015,60.686
3/25/2015,85.907
4/1/2015,75.467
4/8/2015,55.206
4/15/2015,50.447
4/22/2015,150.028
4/29/2015,219.702
5/6/2015,227.506
5/13/2015,216.211
5/20/2015,181.641
5/27/2015,175.577
6/3/2015,185.794
6/10/2015,178.468
6/17/2015,207.648
6/24/2015,239.498
7/1/2015,227.457
7/8/2015,182.596
7/15/2015,176.411
7/22/2015,194.772
7/29/2015,196.825
8/5/2015,203.501
8/12/2015,196.323
8/19/2015,177.883
8/26/2015,128.581
9/2/2015,120.354
9/9/2015,85.792
9/16/2015,117.411
9/23/2015,153.512
9/30/2015,145.165
10/7/2015,83.381
10/14/2015,66.439
10/21/2015,60.403
10/28/2015,47.1
11/4/2015,29.795
11/11/2015,107.125
11/18/2015,133.021
11/25/2015,163.491
12/2/2015,212.756
12/9/2015,186.624
12/16/2015,196.343
12/23/2015,267.608
12/30/2015,290.467
1/6/2016,333.22
1/13/2016,302.983
1/20/2016,285.318
1/27/2016,341.996
2/3/2016,350.858
2/10/2016,317.303
2/17/2016,266.76
2/24/2016,237.95
3/2/2016,237.207
3/9/2016,211.443
3/16/2016,235.634
3/23/2016,296.956
3/30/2016,284.66
4/6/2016,264.323
4/13/2016,239.635
4/20/2016,268.785
4/27/2016,346.166
5/4/2016,336.357
5/11/2016,315.369
5/18/2016,295.339
5/25/2016,268.619
6/1/2016,267.948
6/8/2016,236.351
6/15/2016,231.257
6/22/2016,316.838
6/29/2016,337.093
7/6/2016,303.297
7/13/2016,316.064
7/20/2016,329.15
7/27/2016,325.499
8/3/2016,298.813
8/10/2016,259.832
8/17/2016,260.81
8/24/2016,254.376
8/31/2016,274.195
9/7/2016,236.154
9/14/2016,243.082
9/21/2016,340.448
9/28/2016,351.7
10/5/2016,347.76
10/12/2016,356.185
10/19/2016,391.988
10/26/2016,429.027
11/2/2016,417.665
11/9/2016,376.217
11/16/2016,400.625
11/23/2016,399.665
11/30/2016,409.36
12/7/2016,343.355
12/14/2016,324.525
12/21/2016,388.497
12/28/2016,380.679
1/4/2017,387.989
1/11/2017,372.492
1/18/2017,366.09
1/25/2017,390.842
2/1/2017,374.841
2/8/2017,305.735
2/15/2017,309.919
2/22/2017,258.292
3/1/2017,175.496
3/8/2017,88.22
3/15/2017,38.579
3/22/2017,70.827
3/29/2017,65.187
4/5/2017,89.21
4/12/2017,122.218
4/19/2017,164.543
4/26/2017,234.219
5/3/2017,244.655
5/10/2017,199.013
5/17/2017,186.08
5/24/2017,167.165
5/31/2017,170.984
6/7/2017,152.444
6/14/2017,153.646
6/21/2017,212.275
6/28/2017,208.365
7/5/2017,177.006
7/12/2017,171.033
7/19/2017,180.4
7/26/2017,191.404
8/2/2017,180.348
8/9/2017,149.862
8/16/2017,130.954
8/23/2017,82.077
8/30/2017,61.057
9/6/2017,37.563
9/13/2017,70.232
9/20/2017,127.782
9/27/2017,164.652
10/4/2017,160.433
10/11/2017,169.766
10/18/2017,178.974
10/25/2017,196.332
11/1/2017,193.546
11/8/2017,177.78
11/15/2017,174.631
11/22/2017,163.579
11/29/2017,172.282
12/6/2017,127.586
12/13/2017,76.208
12/20/2017,155.612
12/27/2017,190.283
1/3/2018,211.566
1/10/2018,206.215
1/17/2018,227.665
1/24/2018,269.118
1/31/2018,270.244
2/7/2018,203.936
2/14/2018,197.681
2/21/2018,214.677
2/28/2018,202.62
3/7/2018,195.071
3/14/2018,249.929
3/21/2018,316.454
3/28/2018,318.858
4/4/2018,303.916
4/11/2018,294.083
4/18/2018,275.246
4/25/2018,359.599
5/2/2018,399.984
5/9/2018,353.741
5/16/2018,337.258
5/23/2018,326.445
5/30/2018,325.351
6/6/2018,294.069
6/13/2018,281.188
6/20/2018,352.777
6/27/2018,373.94
7/4/2018,336.026
7/11/2018,326.476
7/18/2018,324.457
7/25/2018,348.886
8/1/2018,351.523
8/8/2018,326.471
8/15/2018,342.799
8/22/2018,348.393
8/29/2018,342.543
9/5/2018,323.764
9/12/2018,303.654
9/19/2018,335.878
9/26/2018,370.031
10/3/2018,368.007
10/10/2018,324.721
10/17/2018,332.923
10/24/2018,369.576
10/31/2018,373.368
11/7/2018,319.984
11/14/2018,341.094
11/21/2018,330.202
11/28/2018,340.596
12/5/2018,337.564
12/12/2018,334.967
12/19/2018,350.714
12/26/2018,374.085
1/2/2019,379.902
1/9/2019,356.698
1/16/2019,351.18
1/23/2019,389.626
1/30/2019,403.276
2/6/2019,352.375
2/13/2019,359.109
2/20/2019,333.896
2/27/2019,310.574
3/6/2019,220.045
3/13/2019,245.972
3/20/2019,303.623
3/27/2019,310.868
4/3/2019,310.188
4/10/2019,262.617
4/17/2019,285.264
4/24/2019,378.602
5/1/2019,400.498
5/8/2019,348.357
5/15/2019,323.786
5/22/2019,282.864
5/29/2019,247.777
6/5/2019,223.638
6/12/2019,187.56
6/19/2019,198.398
6/26/2019,248.302
7/3/2019,245.306
7/10/2019,211.115
7/17/2019,197.005
7/24/2019,193.362
7/31/2019,163.763
8/7/2019,131.704
8/14/2019,129.957
8/21/2019,125.725
8/28/2019,145.957
9/4/2019,148.74
9/11/2019,185.342
9/18/2019,250.226
9/25/2019,314.189
10/2/2019,335.171
10/9/2019,318.191
10/16/2019,324.604
10/23/2019,377.985
10/30/2019,389.872
11/6/2019,377.029
11/13/2019,381.955
11/20/2019,368.813
11/27/2019,360.941
12/4/2019,346.971
12/11/2019,326.865
12/18/2019,332.592
12/25/2019,367.82
1/1/2020,382.553
1/8/2020,367.002
1/15/2020,350.987
1/22/2020,403.941
1/29/2020,432.061
2/5/2020,413.322
2/12/2020,411.237
2/19/2020,428.805
2/26/2020,439.365
3/4/2020,374.515
3/11/2020,380.556
3/18/2020,362.576
3/25/2020,390.252
4/1/2020,429.267
4/8/2020,698.578
4/15/2020,889.815
4/22/2020,901.331
4/29/2020,997.507
5/6/2020,1127.49
5/13/2020,1177.494
5/20/2020,1194.41
5/27/2020,1310.491
6/3/2020,1434.823
6/10/2020,1506.558
6/17/2020,1560.85
6/24/2020,1623.942
7/1/2020,1657.62
7/8/2020,1653.098
7/15/2020,1655.32
7/22/2020,1804.944
7/29/2020,1816.687
8/5/2020,1745.228
8/12/2020,1669.733
8/19/2020,1643.505
8/26/2020,1622.69
9/2/2020,1639.159
9/9/2020,1611.083
9/16/2020,1614.855
9/23/2020,1680.688
9/30/2020,1679.152
10/7/2020,1697.074
10/14/2020,1680.998
10/21/2020,1724.792
10/28/2020,1680.933
11/4/2020,1621.346
11/11/2020,1600.837
11/18/2020,1556.892
11/25/2020,1517.215
12/2/2020,1531.053
12/9/2020,1534.243
12/16/2020,1529.698
12/23/2020,1602.407
12/30/2020,1591.055
1/6/2021,1669.327
1/13/2021,1589.421
1/20/2021,1626.906
1/27/2021,1633.54
2/3/2021,1625.325
2/10/2021,1608.906
2/17/2021,1567.041
2/24/2021,1529.977
3/3/2021,1429.549
3/10/2021,1360.064
3/17/2021,1272.583
3/24/2021,1061.138
3/31/2021,1025.727
4/7/2021,1010.103
4/14/2021,925.094
4/21/2021,1015.902
4/28/2021,967.689
5/5/2021,953.689
5/12/2021,898.779
5/19/2021,866.119
5/26/2021,812.473
6/2/2021,783.235
6/9/2021,730.235
6/16/2021,653.889
6/23/2021,734.689
6/30/2021,745.962
7/7/2021,753.364
7/14/2021,704.918
7/21/2021,678.103
7/28/2021,578.204
8/4/2021,492.668
8/11/2021,434.919
8/18/2021,338.808
8/25/2021,301.43
9/1/2021,277.65
9/8/2021,253.496
9/15/2021,230.328
9/22/2021,308.022
9/29/2021,197.744
10/6/2021,135.582
10/13/2021,77.858
10/20/2021,83.386
10/27/2021,213.291
11/3/2021,280.205
11/10/2021,259.293
11/17/2021,211.453
11/24/2021,164.087
12/1/2021,152.651
12/8/2021,115.117
12/15/2021,104.798
12/22/2021,84.954
12/29/2021,211.849
1/5/2022,389.751
1/12/2022,456.401
1/19/2022,488.697
1/26/2022,614.877
2/2/2022,675.773
2/9/2022,686.384
2/16/2022,692.541
2/23/2022,697.838
3/2/2022,682.903
3/9/2022,652.039
3/16/2022,570.606
3/23/2022,614.616
3/30/2022,575.065
4/6/2022,574.451
4/13/2022,547.308
4/20/2022,711.406
4/27/2022,944.328
5/4/2022,945.478
5/11/2022,945.658
5/18/2022,886.964
5/25/2022,821.535
6/1/2022,789.532
6/8/2022,723.384
6/15/2022,656.87
6/22/2022,758.283
6/29/2022,756.627
7/6/2022,700.457
7/13/2022,652.572
7/20/2022,613.878
7/27/2022,602.945
8/3/2022,594.115
8/10/2022,557.265
8/17/2022,545.321
8/24/2022,535.267
8/31/2022,612.536
9/7/2022,581.295
9/14/2022,593.808
9/21/2022,692.496
9/28/2022,689.569
10/6/2022,633.939
10/13/2022,608.302
10/19/2022,607.199
10/27/2022,634.548
11/3/2022,598.544
11/10/2022,527.479
11/16/2022,502.982
11/23/2022,479.474
