Date,PMI,NewOrders,Production,Employment,SupplierDeliveries,Inventories,CustomerInventories,Prices,OrderBacklog,NewExportOrders,Imports,,,,,
1/31/1948,51.7,53.3,59.1,,36.3,45.3,,,,,,,,,,
2/29/1948,50.2,51.1,55.2,,37.1,43.9,,,,,,,,,,
3/31/1948,43.3,43.9,47.8,,32.7,44.5,,69.3,,,,,,,,
4/30/1948,45.4,44.5,49.5,,41.6,46.1,,75.8,,,,,,,,
5/31/1948,49.5,51.2,52.1,,40.4,47.0,,70.8,,,,,,,,
6/30/1948,53.0,58.1,56.8,,38.4,54.7,,78.5,,,,,,,,
7/31/1948,48.4,50.4,51.4,,36.8,51.1,,77.3,,,,,,,,
8/31/1948,45.1,46.0,51.0,,31.2,46.6,,77.0,,,,,,,,
9/30/1948,42.1,40.6,47.9,,28.3,45.2,,66.0,,,,,,,,
10/31/1948,47.2,52.1,52.7,,28.7,45.4,,56.6,,,,,,,,
11/30/1948,42.4,43.2,48.9,,28.0,42.6,,51.0,,,,,,,,
12/31/1948,35.0,34.5,42.1,,17.7,37.0,,47.5,,,,,,,,
1/31/1949,32.9,31.4,42.0,,16.6,36.6,,39.6,,,,,,,,
2/28/1949,31.3,34.2,39.6,,13.1,34.9,,31.3,,,,,,,,
3/31/1949,34.5,42.1,41.9,,12.4,33.3,,31.8,,,,,,,,
4/30/1949,35.5,42.3,44.1,,16.2,27.9,,13.8,,,,,,,,
5/31/1949,32.6,41.1,38.2,,15.5,25.5,,20.1,,,,,,,,
6/30/1949,31.6,39.8,38.4,,15.0,24.1,,10.6,,,,,,,,
7/31/1949,39.0,49.1,47.0,,22.4,21.5,,28.8,,,,,,,,
8/31/1949,47.0,55.7,58.5,,33.0,26.8,,42.7,,,,,,,,
9/30/1949,52.3,58.0,60.3,,39.9,35.8,,47.5,,,,,,,,
10/31/1949,51.0,58.9,54.5,,46.1,40.6,,42.1,,,,,,,,
11/30/1949,51.0,58.7,55.7,,51.5,31.3,,51.1,,,,,,,,
12/31/1949,57.3,53.1,63.3,,52.2,41.7,,49.9,,,,,,,,
1/31/1950,59.1,62.3,64.3,,56.3,43.6,,62.4,,,,,,,,
2/28/1950,60.5,62.5,66.7,,68.0,46.4,,70.9,,,,,,,,
3/31/1950,62.1,61.8,65.8,,72.0,48.8,,77.0,,,,,,,,
4/30/1950,68.1,71.0,74.8,,68.8,50.6,,80.2,,,,,,,,
5/31/1950,74.7,76.6,78.1,,82.9,58.2,,98.2,,,,,,,,
6/30/1950,76.6,82.6,79.1,,76.5,62.1,,100.0,,,,,,,,
7/31/1950,77.5,80.3,77.1,,89.4,62.7,,90.7,,,,,,,,
8/31/1950,75.8,77.1,78.7,,81.7,62.3,,84.8,,,,,,,,
9/30/1950,68.1,66.4,68.6,,73.7,55.2,,84.4,,,,,,,,
10/31/1950,59.2,49.0,62.9,,70.3,50.6,,84.8,,,,,,,,
11/30/1950,63.1,57.2,63.6,,79.1,48.3,,85.1,,,,,,,,
12/31/1950,67.1,67.7,62.5,,87.5,49.7,,91.1,,,,,,,,
1/31/1951,67.8,67.9,63.0,,88.7,48.0,,85.1,,,,,,,,
2/28/1951,69.3,70.0,61.4,,93.3,42.1,,86.5,,,,,,,,
3/31/1951,65.5,61.0,61.2,,85.1,47.4,,76.6,,,,,,,,
4/30/1951,53.5,42.3,53.5,,65.7,51.8,,68.5,,,,,,,,
5/31/1951,50.7,45.2,54.2,,45.0,51.2,,63.6,,,,,,,,
6/30/1951,45.5,39.1,48.6,,36.7,48.4,,52.1,,,,,,,,
7/31/1951,42.1,38.2,41.6,,32.2,47.8,,46.4,,,,,,,,
8/31/1951,43.6,38.5,48.4,,32.0,46.7,,43.2,,,,,,,,
9/30/1951,48.1,48.2,50.2,,46.4,43.8,,45.7,,,,,,,,
10/31/1951,49.6,51.7,50.3,51.1,47.2,55.4,,54.4,,,,,,,,
11/30/1951,47.2,49.3,50.9,50.2,34.9,55.4,,55.6,,,,,,,,
12/31/1951,46.5,45.3,52.8,51.8,33.6,52.2,,56.6,,,,,,,,
1/31/1952,44.7,46.8,49.5,46.9,31.3,52.2,,51.8,,,,,,,,
2/29/1952,41.8,42.3,49.9,44.8,24.9,56.1,,52.7,,,,,,,,
3/31/1952,40.0,43.7,48.7,41.8,18.8,56.1,,44.7,,,,,,,,
4/30/1952,36.7,35.8,43.5,43.3,19.4,57.2,,42.6,,,,,,,,
5/31/1952,39.5,43.9,45.7,42.7,22.4,57.2,,38.8,,,,,,,,
6/30/1952,43.3,46.3,49.5,43.5,33.0,57.5,,40.4,,,,,,,,
7/31/1952,48.3,69.4,37.2,39.5,47.4,57.5,,60.1,,,,,,,,
8/31/1952,60.4,58.5,84.0,63.1,41.2,60.3,,54.7,,,,,,,,
9/30/1952,56.1,60.3,66.0,56.2,42.7,60.3,,57.9,,,,,,,,
10/31/1952,56.2,59.9,65.3,57.8,43.3,58.4,,54.1,,,,,,,,
11/30/1952,56.8,58.8,65.0,60.9,45.0,58.4,,49.7,,,,,,,,
12/31/1952,55.8,60.4,64.3,55.6,43.5,51.5,,48.2,,,,,,,,
1/31/1953,59.4,64.6,69.8,61.5,41.5,51.5,,45.1,,,,,,,,
2/28/1953,55.4,56.0,62.4,61.7,41.8,52.1,,54.5,,,,,,,,
3/31/1953,50.5,47.2,54.0,59.4,41.8,52.1,,73.3,,,,,,,,
4/30/1953,51.1,52.0,57.3,55.0,38.6,53.1,,69.3,,,,,,,,
5/31/1953,48.9,49.3,57.1,52.3,35.1,53.1,,72.3,,,,,,,,
6/30/1953,48.5,48.3,55.2,53.8,33.3,53.6,,69.7,,,,,,,,
7/31/1953,46.3,44.2,53.1,54.4,28.5,53.6,,62.0,,,,,,,,
8/31/1953,43.5,42.1,50.7,48.1,26.5,44.6,,55.8,,,,,,,,
9/30/1953,40.2,39.9,46.8,43.8,23.2,44.6,,43.8,,,,,,,,
10/31/1953,37.4,38.0,44.6,37.9,20.7,54.3,,45.1,,,,,,,,
11/30/1953,36.9,40.9,43.4,35.8,20.2,54.3,,47.0,,,,,,,,
12/31/1953,35.6,37.5,41.3,36.6,21.8,53.9,,47.7,,,,,,,,
1/31/1954,37.4,42.9,45.0,31.5,23.6,53.9,,40.5,,,,,,,,
2/28/1954,40.7,50.3,46.0,34.8,26.9,53.1,,41.6,,,,,,,,
3/31/1954,44.7,54.7,51.5,40.2,28.0,53.1,,46.6,,,,,,,,
4/30/1954,47.7,58.4,55.4,42.4,30.3,46.6,,49.7,,,,,,,,
5/31/1954,50.1,60.2,56.3,44.5,34.3,46.6,,45.6,,,,,,,,
6/30/1954,52.1,64.6,59.4,45.2,35.8,39.9,,52.5,,,,,,,,
7/31/1954,51.7,63.8,57.4,44.4,38.1,39.9,,53.8,,,,,,,,
8/31/1954,54.4,56.6,56.2,37.7,36.4,41.8,,41.7,,,,,,,,
9/30/1954,53.5,62.2,57.0,49.7,43.6,41.8,,53.0,,,,,,,,
10/31/1954,58.2,66.7,62.4,55.8,49.5,40.7,,57.6,,,,,,,,
11/30/1954,58.8,66.0,63.0,55.1,51.9,40.7,,57.8,,,,,,,,
12/31/1954,63.8,73.6,70.5,55.8,54.5,45.3,,59.1,,,,,,,,
1/31/1955,63.0,66.8,69.1,59.0,60.6,45.3,,66.7,,,,,,,,
2/28/1955,67.8,73.9,70.9,63.4,67.2,46.0,,82.0,,,,,,,,
3/31/1955,67.5,71.5,71.0,63.0,68.5,46.0,,69.8,,,,,,,,
4/30/1955,68.7,70.9,73.8,63.9,71.9,42.6,,75.2,,,,,,,,
5/31/1955,69.5,72.9,73.5,66.2,68.7,42.6,,81.0,,,,,,,,
6/30/1955,63.3,60.9,65.5,61.2,65.7,42.7,,75.9,,,,,,,,
7/31/1955,66.2,67.1,72.1,60.9,67.0,42.7,,80.4,,,,,,,,
8/31/1955,64.8,70.4,67.1,59.2,64.3,39.7,,79.5,,,,,,,,
9/30/1955,62.4,63.7,64.3,59.7,66.3,39.7,,82.2,,,,,,,,
10/31/1955,63.7,66.3,65.1,60.9,66.5,38.0,,80.5,,,,,,,,
11/30/1955,62.0,61.5,63.9,61.3,64.9,38.0,,77.3,,,,,,,,
12/31/1955,65.6,66.6,72.4,63.9,61.4,35.8,,80.0,,,,,,,,
1/31/1956,60.2,61.8,64.0,62.3,53.5,35.8,,82.7,,,,,,,,
2/29/1956,58.2,56.2,63.5,61.0,51.3,33.1,,83.5,,,,,,,,
3/31/1956,57.2,57.3,61.0,56.9,51.0,33.1,,87.7,,,,,,,,
4/30/1956,55.9,55.9,58.9,54.8,51.0,31.3,,87.5,,,,,,,,
5/31/1956,51.2,53.0,52.8,51.4,38.6,31.3,,81.7,,,,,,,,
6/30/1956,47.7,48.9,49.2,43.9,41.0,30.8,,65.7,,,,,,,,
7/31/1956,44.2,44.4,38.0,40.8,53.9,30.8,,74.7,,,,,,,,
8/31/1956,51.5,54.3,51.5,50.3,46.8,27.7,,76.3,,,,,,,,
9/30/1956,55.5,60.5,60.2,52.9,42.8,27.7,,79.5,,,,,,,,
10/31/1956,52.7,55.6,56.7,52.2,40.1,32.2,,78.1,,,,,,,,
11/30/1956,55.0,57.0,62.3,56.0,44.6,32.2,,80.1,,,,,,,,
12/31/1956,52.7,52.8,57.7,55.4,39.5,34.6,,78.9,,,,,,,,
1/31/1957,53.6,57.6,56.6,56.6,36.3,34.6,,87.1,,,,,,,,
2/28/1957,51.0,52.5,57.9,53.8,31.2,44.8,,76.9,,,,,,,,
3/31/1957,47.5,51.1,52.1,52.5,26.3,44.8,,65.3,,,,,,,,
4/30/1957,43.1,49.2,47.9,40.3,28.9,42.5,,59.2,,,,,,,,
5/31/1957,43.4,46.1,49.9,41.9,30.0,42.5,,57.4,,,,,,,,
6/30/1957,45.9,49.8,53.6,45.1,30.0,46.4,,62.9,,,,,,,,
7/31/1957,45.7,47.6,49.2,45.5,36.8,46.4,,78.7,,,,,,,,
8/31/1957,45.3,48.8,51.3,43.1,30.8,51.0,,65.7,,,,,,,,
9/30/1957,45.8,53.8,50.6,42.1,28.8,51.0,,63.0,,,,,,,,
10/31/1957,41.1,46.4,42.9,36.6,32.6,49.0,,60.5,,,,,,,,
11/30/1957,40.4,47.2,44.4,34.8,27.8,49.0,,54.8,,,,,,,,
12/31/1957,36.8,42.8,40.0,30.4,27.3,45.5,,55.5,,,,,,,,
1/31/1958,33.4,35.2,34.9,29.7,30.3,45.5,,50.8,,,,,,,,
2/28/1958,37.2,47.3,37.8,27.9,31.0,55.5,,46.5,,,,,,,,
3/31/1958,39.8,45.3,45.1,33.4,34.0,55.5,,47.6,,,,,,,,
4/30/1958,39.1,47.2,41.0,31.5,35.5,58.4,,42.5,,,,,,,,
5/31/1958,46.6,56.7,52.6,39.7,38.5,58.4,,45.8,,,,,,,,
6/30/1958,51.4,60.8,58.9,46.7,39.2,63.4,,49.6,,,,,,,,
7/31/1958,54.7,66.5,61.2,47.6,43.0,63.4,,52.3,,,,,,,,
8/31/1958,57.3,65.2,64.5,52.1,44.7,63.8,,65.2,,,,,,,,
9/30/1958,59.8,67.0,66.8,55.5,51.1,63.8,,62.6,,,,,,,,
10/31/1958,62.3,67.9,70.0,59.6,52.4,65.6,,73.3,,,,,,,,
11/30/1958,62.7,68.5,68.3,58.0,55.8,65.6,,66.3,,,,,,,,
12/31/1958,60.5,64.7,63.9,59.0,56.4,62.0,,63.2,,,,,,,,
1/31/1959,64.4,69.0,70.7,60.8,61.8,62.0,,59.1,,,,,,,,
2/28/1959,66.9,70.5,70.3,62.5,67.3,50.9,,66.6,,,,,,,,
3/31/1959,67.1,70.2,71.2,62.3,66.3,50.9,,68.9,,,,,,,,
4/30/1959,66.9,66.9,72.1,63.6,64.8,42.3,,63.6,,,,,,,,
5/31/1959,68.2,69.9,73.9,64.8,63.0,42.3,,65.1,,,,,,,,
6/30/1959,64.4,64.2,66.3,62.2,63.7,39.1,,69.5,,,,,,,,
7/31/1959,61.5,61.3,64.8,59.0,59.1,39.1,,63.9,,,,,,,,
8/31/1959,55.1,54.4,57.4,53.6,57.4,43.4,,57.6,,,,,,,,
9/30/1959,48.3,43.7,50.9,48.0,57.5,43.4,,61.6,,,,,,,,
10/31/1959,49.7,50.0,50.4,47.3,58.5,49.1,,63.1,,,,,,,,
11/30/1959,50.6,51.1,51.9,48.8,54.6,49.1,,65.1,,,,,,,,
12/31/1959,58.2,62.8,61.7,54.8,53.7,48.3,,63.6,,,,,,,,
1/31/1960,61.5,65.4,71.9,60.8,46.2,48.3,,63.8,,,,,,,,
2/29/1960,52.3,52.5,58.6,57.2,31.7,56.6,,60.9,,,,,,,,
3/31/1960,47.8,52.2,52.4,48.0,28.8,50.7,,57.3,,,,,,,,
4/30/1960,45.3,52.0,49.8,42.0,28.9,45.5,,60.4,,,,,,,,
5/31/1960,42.6,45.8,45.0,42.5,32.3,42.5,,57.0,,,,,,,,
6/30/1960,44.4,49.2,48.5,39.7,34.8,43.9,,52.6,,,,,,,,
7/31/1960,43.7,45.7,48.2,42.1,35.8,41.9,,49.9,,,,,,,,
8/31/1960,47.6,55.6,50.3,43.6,38.0,39.1,,50.6,,,,,,,,
9/30/1960,45.4,50.5,50.0,40.2,37.3,40.8,,48.4,,,,,,,,
10/31/1960,46.0,50.1,51.2,43.7,36.2,39.7,,45.0,,,,,,,,
11/30/1960,44.3,48.2,45.6,43.0,37.6,41.7,,46.9,,,,,,,,
12/31/1960,44.3,47.5,47.5,40.7,40.4,39.3,,46.6,,,,,,,,
1/31/1961,43.9,47.2,47.3,39.7,39.2,40.5,,49.1,,,,,,,,
2/28/1961,43.6,48.7,49.2,34.2,41.1,36.6,,50.3,,,,,,,,
3/31/1961,49.1,55.2,55.4,42.2,42.1,38.9,,50.2,,,,,,,,
4/30/1961,57.6,67.7,61.7,53.2,47.5,41.3,,51.8,,,,,,,,
5/31/1961,58.9,64.8,66.6,56.3,47.9,44.0,,55.0,,,,,,,,
6/30/1961,58.1,64.0,65.3,55.1,49.3,42.0,,50.0,,,,,,,,
7/31/1961,58.2,64.5,64.3,54.1,49.4,45.3,,50.9,,,,,,,,
8/31/1961,60.7,62.9,68.4,58.3,50.6,54.5,,52.2,,,,,,,,
9/30/1961,63.0,69.5,66.8,61.1,50.7,56.3,,53.9,,,,,,,,
10/31/1961,62.2,68.3,66.3,58.2,52.4,56.7,,55.5,,,,,,,,
11/30/1961,59.0,65.1,58.3,59.0,51.1,54.6,,51.9,,,,,,,,
12/31/1961,64.2,73.4,66.1,58.6,55.8,56.1,,56.3,,,,,,,,
1/31/1962,60.9,59.4,66.4,60.3,57.1,59.0,,57.1,,,,,,,,
2/28/1962,61.1,61.8,64.7,60.5,56.2,58.6,,54.7,,,,,,,,
3/31/1962,60.6,60.1,66.9,57.6,57.0,57.5,,56.8,,,,,,,,
4/30/1962,55.1,57.3,57.4,55.6,47.4,53.5,,53.6,,,,,,,,
5/31/1962,52.2,53.6,55.3,52.3,45.2,50.3,,52.0,,,,,,,,
6/30/1962,50.8,52.5,54.8,51.6,43.3,46.4,,51.7,,,,,,,,
7/31/1962,51.0,53.2,54.7,51.2,45.1,43.8,,51.6,,,,,,,,
8/31/1962,49.5,52.9,52.5,47.0,43.7,45.2,,47.7,,,,,,,,
9/30/1962,50.0,53.0,52.4,49.7,45.1,42.5,,45.4,,,,,,,,
10/31/1962,51.2,53.6,54.0,49.9,46.7,46.2,,43.9,,,,,,,,
11/30/1962,53.8,57.8,56.9,48.7,48.7,51.5,,47.1,,,,,,,,
12/31/1962,57.2,59.7,63.3,54.6,50.1,50.1,,47.3,,,,,,,,
1/31/1963,55.2,60.9,56.5,52.5,50.4,47.4,,48.5,,,,,,,,
2/28/1963,55.1,60.4,57.7,50.2,51.0,48.3,,51.7,,,,,,,,
3/31/1963,54.7,57.5,56.3,52.4,54.9,46.8,,47.5,,,,,,,,
4/30/1963,57.6,60.6,61.0,52.7,58.2,48.6,,55.0,,,,,,,,
5/31/1963,59.8,66.9,60.4,53.5,56.4,54.2,,67.1,,,,,,,,
6/30/1963,58.2,61.9,60.6,52.6,56.3,55.0,,58.7,,,,,,,,
7/31/1963,55.5,60.1,60.4,52.0,43.6,54.0,,61.0,,,,,,,,
8/31/1963,55.1,62.0,56.8,51.1,48.5,48.1,,59.8,,,,,,,,
9/30/1963,56.9,59.8,63.2,54.8,49.7,47.9,,57.8,,,,,,,,
10/31/1963,57.7,64.0,63.3,54.5,47.4,46.4,,76.9,,,,,,,,
11/30/1963,57.5,63.7,64.1,53.5,48.7,43.7,,66.2,,,,,,,,
12/31/1963,54.0,58.6,60.7,48.4,47.6,44.2,,64.4,,,,,,,,
1/31/1964,57.1,61.3,63.3,51.4,55.3,42.9,,60.0,,,,,,,,
2/29/1964,57.9,61.8,64.0,52.7,51.9,50.4,,60.1,,,,,,,,
3/31/1964,60.2,61.7,64.4,55.2,60.3,54.6,,60.6,,,,,,,,
4/30/1964,59.2,63.6,60.6,55.2,57.7,53.1,,65.4,,,,,,,,
5/31/1964,58.7,59.9,61.0,56.0,61.4,50.3,,60.3,,,,,,,,
6/30/1964,60.1,64.7,62.1,55.7,57.6,53.5,,58.9,,,,,,,,
7/31/1964,62.9,69.9,63.7,56.3,61.8,55.5,,60.9,,,,,,,,
8/31/1964,63.3,68.0,63.9,58.0,66.2,53.5,,61.7,,,,,,,,
9/30/1964,63.3,63.3,64.9,56.8,71.9,59.0,,64.8,,,,,,,,
10/31/1964,60.7,58.9,61.8,55.0,71.2,59.1,,68.8,,,,,,,,
11/30/1964,61.8,60.7,62.1,57.3,70.3,61.0,,68.5,,,,,,,,
12/31/1964,62.4,64.4,63.5,55.2,67.8,59.5,,69.6,,,,,,,,
1/31/1965,61.0,62.3,58.2,56.7,68.5,61.4,,70.7,,,,,,,,
2/28/1965,62.1,63.2,59.8,58.3,68.1,63.2,,64.8,,,,,,,,
3/31/1965,64.9,68.7,65.7,61.2,65.9,57.8,,64.5,,,,,,,,
4/30/1965,62.0,59.8,62.6,59.2,69.4,61.9,,68.7,,,,,,,,
5/31/1965,61.3,60.2,62.4,56.4,68.9,60.6,,70.0,,,,,,,,
6/30/1965,58.7,57.4,57.5,55.4,69.3,55.8,,73.2,,,,,,,,
7/31/1965,58.1,56.6,59.0,56.2,65.1,53.8,,71.8,,,,,,,,
8/31/1965,58.1,56.0,56.6,58.0,65.4,57.2,,70.5,,,,,,,,
9/30/1965,61.0,63.6,63.8,56.2,61.2,55.7,,66.3,,,,,,,,
10/31/1965,58.6,62.0,60.5,56.9,59.1,46.5,,68.6,,,,,,,,
11/30/1965,59.4,61.9,60.9,54.7,65.1,48.7,,70.6,,,,,,,,
12/31/1965,62.8,62.9,64.4,60.2,73.5,47.4,,67.0,,,,,,,,
1/31/1966,65.8,66.5,68.4,62.6,74.9,49.7,,75.9,,,,,,,,
2/28/1966,65.5,66.1,66.1,61.2,80.1,48.7,,80.9,,,,,,,,
3/31/1966,65.7,64.3,63.8,61.5,86.4,52.3,,85.7,,,,,,,,
4/30/1966,64.2,64.3,63.1,59.9,79.3,53.0,,83.9,,,,,,,,
5/31/1966,57.7,52.7,55.5,57.0,74.6,53.8,,83.3,,,,,,,,
6/30/1966,59.0,55.9,57.6,58.8,71.6,53.3,,81.5,,,,,,,,
7/31/1966,60.3,56.3,59.3,58.9,73.1,57.9,,79.7,,,,,,,,
8/31/1966,58.5,53.3,57.7,56.4,74.3,57.0,,79.5,,,,,,,,
9/30/1966,58.7,55.2,57.9,56.5,72.4,54.8,,73.7,,,,,,,,
10/31/1966,57.2,51.6,57.0,56.9,68.7,58.2,,70.3,,,,,,,,
11/30/1966,53.7,46.8,54.2,55.6,62.6,55.6,,71.9,,,,,,,,
12/31/1966,52.4,48.8,54.1,50.7,57.9,53.7,,67.6,,,,,,,,
1/31/1967,49.1,46.2,54.1,48.3,48.2,48.2,,72.9,,,,,,,,
2/28/1967,47.6,45.1,50.4,47.6,49.9,45.3,,61.8,,,,,,,,
3/31/1967,45.3,45.3,48.7,46.3,38.0,45.6,,54.0,,,,,,,,
4/30/1967,42.8,46.4,44.3,41.8,36.9,39.4,,56.3,,,,,,,,
5/31/1967,44.5,47.6,48.0,45.5,34.4,39.7,,56.1,,,,,,,,
6/30/1967,46.8,51.8,50.7,45.8,36.5,39.6,,58.4,,,,,,,,
7/31/1967,49.5,53.7,53.4,50.2,40.9,38.1,,63.9,,,,,,,,
8/31/1967,52.2,55.4,56.4,52.9,44.8,41.7,,67.5,,,,,,,,
9/30/1967,54.9,62.0,57.4,51.6,46.5,46.8,,75.2,,,,,,,,
10/31/1967,54.1,55.8,57.7,52.4,51.1,48.0,,78.7,,,,,,,,
11/30/1967,54.2,57.0,58.6,51.5,51.4,44.4,,83.8,,,,,,,,
12/31/1967,55.6,59.4,58.7,51.5,49.9,53.8,,79.6,,,,,,,,
1/31/1968,56.6,60.1,59.3,53.2,50.6,54.8,,78.0,,,,,,,,
2/29/1968,55.0,56.6,58.1,50.3,53.9,53.7,,76.3,,,,,,,,
3/31/1968,53.8,55.7,55.8,50.1,54.0,50.7,,76.1,,,,,,,,
4/30/1968,58.0,64.5,60.1,53.5,49.0,54.9,,71.5,,,,,,,,
5/31/1968,55.3,56.2,60.0,53.1,49.4,54.0,,69.2,,,,,,,,
6/30/1968,53.5,54.3,54.9,52.6,49.9,55.5,,70.1,,,,,,,,
7/31/1968,54.1,54.5,56.5,48.2,55.9,55.5,,67.8,,,,,,,,
8/31/1968,52.7,53.8,56.1,49.5,47.8,56.8,,72.0,,,,,,,,
9/30/1968,51.8,55.4,57.0,47.1,48.4,56.8,,74.5,,,,,,,,
10/31/1968,55.8,58.5,61.1,52.6,53.3,63.0,,78.0,,,,,,,,
11/30/1968,58.1,61.3,59.8,56.4,61.0,63.0,,82.9,,,,,,,,
12/31/1968,56.1,56.7,60.6,52.8,58.3,63.4,,87.8,,,,,,,,
1/31/1969,54.9,54.4,57.1,51.9,63.6,63.4,,90.0,,,,,,,,
2/28/1969,57.0,57.9,59.1,56.1,60.1,62.5,,88.3,,,,,,,,
3/31/1969,57.1,59.3,58.8,53.8,60.5,62.5,,89.3,,,,,,,,
4/30/1969,55.2,54.4,55.1,52.7,63.9,61.0,,87.6,,,,,,,,
5/31/1969,56.7,57.6,56.3,52.8,64.9,61.0,,69.6,,,,,,,,
6/30/1969,55.5,52.7,56.9,53.1,67.0,63.6,,86.1,,,,,,,,
7/31/1969,53.1,49.8,51.2,53.0,65.7,63.6,,92.1,,,,,,,,
8/31/1969,54.8,51.5,54.1,51.2,70.3,61.9,,92.9,,,,,,,,
9/30/1969,54.1,50.4,54.8,50.3,68.9,61.9,,97.6,,,,,,,,
10/31/1969,54.6,51.9,53.2,51.3,66.8,59.2,,94.2,,,,,,,,
11/30/1969,53.2,50.6,51.2,50.4,64.1,59.2,,95.3,,,,,,,,
12/31/1969,52.0,48.0,50.3,49.6,66.8,59.2,,93.6,,,,,,,,
1/31/1970,48.7,45.8,48.1,46.3,57.9,59.2,,94.0,,,,,,,,
2/28/1970,47.4,45.8,45.9,43.3,57.7,62.5,,93.5,,,,,,,,
3/31/1970,46.9,45.2,47.3,44.8,49.3,62.5,,92.3,,,,,,,,
4/30/1970,45.0,45.7,45.5,40.7,48.7,64.0,,88.6,,,,,,,,
5/31/1970,47.2,45.3,45.2,40.8,67.2,64.0,,90.4,,,,,,,,
6/30/1970,51.1,53.2,49.7,41.4,66.1,62.1,,86.1,,,,,,,,
7/31/1970,49.5,52.5,54.5,40.6,49.8,62.1,,81.0,,,,,,,,
8/31/1970,47.3,51.8,49.7,40.1,46.1,62.3,,75.7,,,,,,,,
9/30/1970,44.1,44.2,45.1,39.5,46.5,62.3,,71.0,,,,,,,,
10/31/1970,42.4,44.7,44.1,37.6,39.0,66.5,,64.7,,,,,,,,
11/30/1970,39.7,43.3,38.5,33.8,37.8,66.5,,54.1,,,,,,,,
12/31/1970,45.4,51.2,46.8,41.4,37.5,63.8,,48.8,,,,,,,,
1/31/1971,47.9,55.4,50.5,40.0,39.8,63.8,,42.7,,,,,,,,
2/28/1971,54.8,62.8,60.0,47.7,44.2,63.8,,42.6,,,,,,,,
3/31/1971,51.2,56.2,54.4,44.3,45.0,63.8,,45.4,,,,,,,,
4/30/1971,54.5,59.6,58.1,45.7,48.9,62.0,,44.0,,,,,,,,
5/31/1971,54.2,57.0,58.9,47.4,49.4,62.0,,53.0,,,,,,,,
6/30/1971,53.8,57.9,55.4,47.5,47.9,58.8,,68.8,,,,,,,,
7/31/1971,54.4,57.8,56.8,49.5,47.4,58.8,,73.6,,,,,,,,
8/31/1971,53.6,58.4,55.6,48.4,49.7,59.1,,75.3,,,,,,,,
9/30/1971,55.1,61.0,59.3,53.0,48.9,59.1,,70.8,,,,,,,,
10/31/1971,55.0,61.4,60.8,49.8,50.9,62.5,,64.4,,,,,,,,
11/30/1971,52.3,55.4,56.1,49.3,50.9,62.5,,70.2,,,,,,,,
12/31/1971,57.6,63.5,63.9,49.0,53.3,59.3,,73.2,,,,,,,,
1/31/1972,59.6,64.8,65.6,53.3,55.2,59.3,,74.3,,,,,,,,
2/29/1972,60.6,66.0,67.7,54.4,52.6,55.9,,75.9,,,,,,,,
3/31/1972,59.8,64.6,63.5,53.9,57.1,55.9,,78.0,,,,,,,,
4/30/1972,59.3,63.0,62.6,55.9,55.0,54.8,,80.1,,,,,,,,
5/31/1972,61.4,66.9,65.7,56.0,56.1,54.8,,84.2,,,,,,,,
6/30/1972,58.6,62.1,62.2,53.9,57.7,57.0,,73.3,,,,,,,,
7/31/1972,60.1,64.7,65.3,52.1,61.7,57.0,,70.6,,,,,,,,
8/31/1972,61.7,65.1,63.2,57.1,62.9,54.8,,67.1,,,,,,,,
9/30/1972,65.1,69.3,68.3,58.6,65.5,54.8,,67.1,,,,,,,,
10/31/1972,67.0,70.8,66.9,59.0,73.0,47.9,,69.7,,,,,,,,
11/30/1972,69.9,73.0,72.7,61.7,74.5,47.9,,69.7,,,,,,,,
12/31/1972,70.5,71.9,71.8,63.2,80.7,47.2,,75.8,,,,,,,,
1/31/1973,72.1,73.8,71.1,67.8,83.7,47.2,,75.8,,,,,,,,
2/28/1973,69.6,69.0,68.5,63.2,85.2,40.6,,78.4,,,,,,,,
3/31/1973,69.6,68.8,67.7,63.6,87.5,40.6,,78.4,,,,,,,,
4/30/1973,67.7,65.9,65.6,62.6,86.7,36.6,,76.8,,,,,,,,
5/31/1973,64.8,63.5,59.2,60.2,86.6,36.6,,76.8,,,,,,,,
6/30/1973,65.0,61.0,62.7,59.7,85.6,30.6,,80.9,,,,,,,,
7/31/1973,57.8,49.2,50.4,56.4,85.2,30.6,,80.9,,,,,,,,
8/31/1973,62.7,59.1,59.0,54.9,86.7,30.9,,78.8,,,,,,,,
9/30/1973,63.5,60.0,58.2,56.1,90.1,30.9,,78.8,,,,,,,,
10/31/1973,66.2,65.4,58.4,60.4,88.7,26.9,,75.7,,,,,,,,
11/30/1973,68.1,65.2,62.0,60.8,96.8,26.9,,75.7,,,,,,,,
12/31/1973,63.6,59.0,56.0,58.0,92.8,31.0,,71.9,,,,,,,,
1/31/1974,62.1,55.7,55.9,57.3,91.8,31.0,,71.9,,,,,,,,
2/28/1974,58.6,56.0,49.7,51.0,88.8,28.7,,69.0,,,,,,,,
3/31/1974,61.8,58.0,55.8,56.3,88.9,28.7,,69.0,,,,,,,,
4/30/1974,59.9,56.4,54.5,53.9,82.1,24.6,,70.4,,,,,,,,
5/31/1974,55.7,51.6,51.6,51.1,74.5,24.6,,70.4,,,,,,,,
6/30/1974,54.7,51.9,50.4,49.9,73.1,28.1,,65.4,,,,,,,,
7/31/1974,54.8,52.6,52.0,50.3,69.2,28.1,,65.4,,,,,,,,
8/31/1974,52.9,50.2,49.6,49.2,66.3,34.2,,64.5,,,,,,,,
9/30/1974,46.2,41.2,46.3,44.9,51.8,34.2,,64.5,,,,,,,,
10/31/1974,42.7,36.5,44.3,45.4,45.3,41.9,,62.0,,,,,,,,
11/30/1974,37.9,33.1,40.9,39.6,34.0,41.9,,62.0,,,,,,,,
12/31/1974,30.9,27.9,33.4,33.3,23.2,38.8,,67.2,,,,,,,,
1/31/1975,30.7,32.8,33.4,29.7,19.5,38.8,,67.2,,,,,,,,
2/28/1975,34.4,40.0,41.5,33.1,15.9,40.2,,71.1,,,,,,,,
3/31/1975,31.6,37.0,33.1,32.8,17.3,40.2,,71.1,,,,,,,,
4/30/1975,37.5,42.6,45.5,36.9,21.7,45.3,,74.4,,,,,,,,
5/31/1975,41.2,47.2,50.5,39.6,22.7,45.3,,74.4,,,,,,,,
6/30/1975,45.1,54.9,53.1,43.9,24.9,48.2,,72.3,,,,,,,,
7/31/1975,47.2,58.4,55.8,44.3,28.7,48.2,,72.3,,,,,,,,
8/31/1975,51.4,60.3,61.1,49.7,35.1,46.7,,78.7,,,,,,,,
9/30/1975,54.4,60.4,62.3,53.5,43.8,46.7,,78.7,,,,,,,,
10/31/1975,55.5,64.2,62.3,48.9,44.8,51.4,,81.8,,,,,,,,
11/30/1975,54.5,62.2,60.0,49.8,46.8,51.4,,81.8,,,,,,,,
12/31/1975,54.9,63.1,62.4,50.8,41.2,51.6,,82.3,,,,,,,,
1/31/1976,58.8,63.8,65.6,53.1,54.0,51.6,,82.3,,,,,,,,
2/29/1976,61.5,68.7,64.8,57.3,56.1,52.6,,83.0,,,,,,,,
3/31/1976,58.4,61.6,63.3,54.9,56.7,52.6,,83.0,,,,,,,,
4/30/1976,60.6,65.2,64.1,56.4,57.3,50.5,,85.4,,,,,,,,
5/31/1976,58.8,62.3,60.5,55.4,58.3,50.5,,85.4,,,,,,,,
6/30/1976,58.2,60.6,60.5,54.3,58.6,52.4,,86.8,,,,,,,,
7/31/1976,55.9,58.0,56.7,55.1,54.0,52.4,,86.8,,,,,,,,
8/31/1976,54.5,57.7,52.9,52.1,55.2,49.5,,86.8,,,,,,,,
9/30/1976,53.6,55.3,53.2,54.2,52.6,49.5,,86.8,,,,,,,,
10/31/1976,53.5,57.0,56.1,50.2,49.0,50.0,,84.1,,,,,,,,
11/30/1976,51.7,55.7,54.4,50.5,47.2,42.4,,84.1,,,,,,,,
12/31/1976,56.6,58.9,59.6,53.8,53.3,52.8,,84.5,,,,,,,,
1/31/1977,54.8,57.2,56.9,49.9,55.3,51.4,,84.5,,,,,,,,
2/28/1977,55.0,56.8,50.8,51.5,65.1,51.9,,85.8,,,,,,,,
3/31/1977,58.4,63.5,62.5,54.3,49.6,54.7,,85.8,,,,,,,,
4/30/1977,56.9,60.3,59.2,51.9,54.6,54.4,,86.5,,,,,,,,
5/31/1977,59.7,64.5,63.0,54.8,55.4,53.2,,86.5,,,,,,,,
6/30/1977,56.8,58.1,62.5,52.5,53.3,52.6,,87.7,,,,,,,,
7/31/1977,57.7,58.9,60.6,54.5,58.3,52.0,,87.7,,,,,,,,
8/31/1977,54.9,58.8,53.9,53.6,53.5,50.0,,86.3,,,,,,,,
9/30/1977,53.9,57.0,54.9,50.4,56.7,44.8,,86.3,,,,,,,,
10/31/1977,55.4,57.1,57.0,56.0,53.6,47.9,,86.9,,,,,,,,
11/30/1977,56.1,59.2,58.7,51.8,56.3,48.0,,86.9,,,,,,,,
12/31/1977,59.8,60.7,64.7,59.8,57.1,48.9,,88.7,,,,,,,,
1/31/1978,57.4,60.6,57.7,55.1,55.6,54.0,,88.7,,,,,,,,
2/28/1978,55.9,56.2,54.6,52.8,63.4,54.0,,93.1,,,,,,,,
3/31/1978,55.0,56.6,57.0,52.9,58.9,44.0,,93.1,,,,,,,,
4/30/1978,57.7,60.2,60.3,53.8,57.1,52.4,,85.6,,,,,,,,
5/31/1978,60.2,63.9,62.3,57.0,57.4,54.5,,85.6,,,,,,,,
6/30/1978,60.5,63.6,61.7,57.2,61.1,54.2,,85.0,,,,,,,,
7/31/1978,62.2,64.7,65.1,58.8,59.4,57.7,,85.0,,,,,,,,
8/31/1978,60.3,61.3,64.9,55.3,60.6,55.4,,85.6,,,,,,,,
9/30/1978,60.5,61.3,65.0,57.2,60.0,54.5,,85.6,,,,,,,,
10/31/1978,60.1,58.8,62.0,57.9,64.7,56.1,,89.2,,,,,,,,
11/30/1978,61.3,61.9,61.3,60.4,64.5,56.7,,89.2,,,,,,,,
12/31/1978,59.4,59.9,60.4,56.9,63.5,53.9,,84.4,,,,,,,,
1/31/1979,58.5,57.3,58.8,57.3,66.4,52.3,,84.4,,,,,,,,
2/28/1979,58.2,58.6,59.0,55.6,64.0,51.4,,83.0,,,,,,,,
3/31/1979,57.7,56.7,57.4,54.8,66.7,54.1,,83.0,,,,,,,,
4/30/1979,56.2,55.1,55.5,46.9,75.6,50.9,,84.5,,,,,,,,
5/31/1979,54.4,52.1,52.1,54.5,63.7,53.3,,84.5,,,,,,,,
6/30/1979,52.7,49.4,50.2,53.8,61.4,53.8,,84.0,,,,,,,,
7/31/1979,51.3,49.8,49.4,50.2,57.4,53.6,,84.0,,,,,,,,
8/31/1979,49.5,46.9,49.0,50.5,52.9,51.6,,77.5,,,,,,,,
9/30/1979,49.6,48.7,48.3,50.3,50.7,52.3,,77.5,,,,,,,,
10/31/1979,49.0,47.3,49.0,54.6,46.9,46.0,,70.8,,,,,,,,
11/30/1979,48.0,46.5,52.6,47.3,46.8,44.3,,70.8,,,,,,,,
12/31/1979,44.8,44.3,48.2,44.1,42.2,43.5,,63.4,,,,,,,,
1/31/1980,46.2,47.1,48.4,46.2,42.1,44.5,,63.4,,,,,,,,
2/29/1980,50.2,51.6,53.1,49.7,46.0,46.5,,59.3,,,,,,,,
3/31/1980,43.6,43.8,46.7,43.2,39.1,43.0,,59.3,,,,,,,,
4/30/1980,37.4,32.0,37.9,41.2,36.9,45.3,,67.0,,,,,,,,
5/31/1980,29.4,25.6,28.1,34.3,29.8,33.3,,67.0,,,,,,,,
6/30/1980,30.3,24.2,31.5,32.8,32.4,37.3,,68.0,,,,,,,,
7/31/1980,35.0,36.1,35.1,35.0,36.3,29.5,,68.0,,,,,,,,
8/31/1980,45.5,54.1,46.9,38.7,40.1,37.6,,75.2,,,,,,,,
9/30/1980,50.1,53.9,55.1,47.0,41.2,45.3,,75.2,,,,,,,,
10/31/1980,55.5,63.7,60.7,49.4,46.5,43.9,,76.7,,,,,,,,
11/30/1980,58.2,65.3,66.8,53.3,46.8,42.2,,76.7,,,,,,,,
12/31/1980,53.0,51.2,57.2,53.2,50.1,51.4,,74.6,,,,,,,,
1/31/1981,49.2,48.7,51.8,48.7,49.7,44.6,,76.3,,,,,,,,
2/28/1981,48.8,51.1,50.9,46.3,48.5,42.1,,70.9,,,,,,,,
3/31/1981,49.6,50.2,52.8,48.1,48.7,44.7,,72.6,,,,,,,,
4/30/1981,51.6,53.1,55.0,49.2,51.2,44.4,,70.2,,,,,,,,
5/31/1981,53.5,55.7,59.0,48.3,50.2,48.7,,66.2,,,,,,,,
6/30/1981,50.7,51.0,53.9,48.8,47.9,49.4,,70.8,,,,,,,,
7/31/1981,46.7,47.6,47.6,46.6,44.9,44.4,,66.9,,,,,,,,
8/31/1981,48.3,47.2,49.5,47.8,49.6,47.3,,65.6,,,,,,,,
9/30/1981,42.5,42.2,43.8,39.2,45.9,41.9,,65.8,,,,,,,,
10/31/1981,40.0,40.2,39.4,37.9,37.7,48.9,,57.5,,,,,,,,
11/30/1981,36.1,32.8,36.1,34.8,40.5,42.3,,58.4,,,,,,,,
12/31/1981,37.8,39.1,37.3,34.0,41.2,37.2,,54.7,,,,,,,,
1/31/1982,38.2,39.9,39.0,34.5,40.1,35.8,,48.8,,,,,,,,
2/28/1982,38.3,38.6,40.1,35.5,40.8,34.7,,45.3,,,,,,,,
3/31/1982,36.8,40.4,38.0,33.1,36.4,31.2,,35.4,,,,,,,,
4/30/1982,37.8,40.9,41.3,31.7,38.2,31.5,,35.7,,,,,,,,
5/31/1982,35.5,38.1,37.2,27.8,42.1,28.8,,41.4,,,,,,,,
6/30/1982,38.3,42.0,39.4,30.8,45.2,29.4,,39.6,,,,,,,,
7/31/1982,38.4,40.7,41.1,30.5,45.8,29.5,,40.8,,,,,,,,
8/31/1982,38.3,40.1,39.9,31.8,45.3,31.6,,39.2,,,,,,,,
9/30/1982,38.8,40.4,41.3,30.6,45.9,33.6,,41.2,,,,,,,,
10/31/1982,39.4,41.9,42.0,30.6,46.5,32.5,,41.0,,,,,,,,
11/30/1982,39.2,41.5,42.6,28.2,46.9,33.6,,37.3,,,,,,,,
12/31/1982,42.8,46.0,44.0,36.3,48.6,34.7,,39.1,,,,,,,,
1/31/1983,46.0,50.3,50.8,37.7,46.7,36.3,,43.7,,,,,,,,
2/28/1983,54.4,60.6,61.1,47.4,49.9,40.1,,48.7,,,,,,,,
3/31/1983,53.9,60.8,58.4,45.1,50.8,44.2,,47.9,,,,,,,,
4/30/1983,54.2,59.4,58.2,46.4,52.7,46.0,,55.6,,,,,,,,
5/31/1983,56.1,61.8,61.5,49.2,51.9,45.7,,60.3,,,,,,,,
6/30/1983,57.5,62.3,63.2,49.7,56.8,45.7,,61.5,,,,,,,,
7/31/1983,63.6,70.3,71.5,53.7,58.9,50.8,,63.2,,,,,,,,
8/31/1983,63.1,68.1,69.9,56.0,60.2,49.3,,69.4,,,,,,,,
9/30/1983,62.5,66.9,67.8,57.8,60.7,48.6,,68.0,,,,,,,,
10/31/1983,64.4,69.5,69.6,57.6,62.8,52.1,,69.3,,,,,,,,
11/30/1983,66.0,69.2,70.7,59.7,67.5,55.0,,68.1,,,,,,,,
12/31/1983,69.9,74.8,80.6,60.4,62.1,59.6,,71.4,,,,,,,,
1/31/1984,60.5,63.7,59.9,57.6,64.4,52.7,,64.4,,,,,,,,
2/29/1984,61.3,64.9,64.0,56.4,61.5,52.7,,71.1,,,,,,,,
3/31/1984,58.9,60.9,61.5,51.1,65.5,52.7,,73.6,,,,,,,,
4/30/1984,61.0,63.2,62.3,56.8,64.6,54.0,,71.9,,,,,,,,
5/31/1984,58.6,59.2,59.3,56.2,62.5,54.1,,62.5,,,,,,,,
6/30/1984,58.1,60.5,62.3,51.7,56.2,56.3,,64.0,,,,,,,,
7/31/1984,56.1,54.1,58.2,53.5,59.1,57.8,,61.3,,,,,,,,
8/31/1984,53.0,54.0,54.3,50.4,55.2,49.1,,58.7,,,,,,,,
9/30/1984,50.0,47.2,52.2,51.1,52.8,46.8,,53.4,,,,,,,,
10/31/1984,50.8,52.9,53.4,48.1,49.3,45.6,,51.7,,,,,,,,
11/30/1984,50.3,52.0,53.8,47.4,48.1,45.7,,55.0,,,,,,,,
12/31/1984,50.6,52.8,54.9,45.2,48.8,47.3,,50.7,,,,,,,,
1/31/1985,50.3,51.8,54.9,44.4,50.4,45.9,,47.6,,,,,,,,
2/28/1985,49.9,51.8,54.2,45.2,48.6,44.8,,44.8,,,,,,,,
3/31/1985,47.8,49.1,51.2,44.2,46.7,44.0,,46.2,,,,,,,,
4/30/1985,48.2,51.3,51.6,43.2,46.1,43.8,,44.1,,,,,,,,
5/31/1985,47.1,49.5,51.9,40.4,48.0,40.4,,48.7,,,,,,,,
6/30/1985,47.8,50.7,50.5,44.5,47.1,40.2,,42.4,,,,,,,,
7/31/1985,47.9,52.5,48.2,45.2,45.7,41.8,,45.6,,,,,,,,
8/31/1985,47.7,51.8,50.6,41.1,46.6,43.0,,44.0,,,,,,,,
9/30/1985,49.9,54.6,52.8,41.8,49.5,45.5,,44.3,,,,,,,,
10/31/1985,50.9,53.4,54.9,45.2,50.0,45.9,,46.4,,,,,,,,
11/30/1985,52.0,57.2,56.5,44.5,48.5,45.2,,45.7,,,,,,,,
12/31/1985,50.7,54.8,55.3,42.6,49.3,45.2,,48.7,,,,,,,,
1/31/1986,51.2,56.7,52.9,45.1,50.1,44.9,,48.4,,,,,,,,
2/28/1986,51.0,57.1,53.6,43.0,49.8,44.7,,49.7,,,,,,,,
3/31/1986,51.0,54.5,56.0,43.4,50.5,43.7,,49.0,,,,,,,,
4/30/1986,49.7,54.4,52.5,42.2,50.7,42.5,,42.8,,,,,,,,
5/31/1986,53.4,61.1,55.1,45.4,50.2,46.9,,49.5,,,,,,,,
6/30/1986,50.5,55.3,53.5,43.3,49.9,44.4,,51.3,,,,,,,,
7/31/1986,48.0,51.2,49.3,41.9,49.9,43.9,,49.3,,,,,,,,
8/31/1986,52.6,58.4,56.0,44.5,50.8,45.9,,51.5,,,,,,,,
9/30/1986,52.4,57.3,56.5,43.9,49.6,48.2,,57.1,,,,,,,,
10/31/1986,51.2,54.5,54.2,43.7,51.3,48.2,,56.9,,,,,,,,
11/30/1986,51.2,57.0,54.7,42.2,52.0,42.2,,57.1,,,,,,,,
12/31/1986,50.5,55.4,53.0,44.5,52.8,38.4,,57.0,,,,,,,,
1/31/1987,54.9,59.8,60.7,47.3,51.5,46.3,,61.1,,,,,,,,
2/28/1987,52.6,55.4,57.3,46.6,51.2,46.7,,62.5,,,,,,,,
3/31/1987,55.0,61.6,57.6,48.3,51.9,46.5,,62.7,,,,,,,,
4/30/1987,55.5,59.8,59.3,51.3,52.8,45.9,,65.6,,,,,,,,
5/31/1987,57.2,63.4,60.6,50.9,54.0,47.5,,67.6,,,,,,,,
6/30/1987,57.4,61.2,60.1,51.4,56.8,52.4,,72.6,,,,,,,,
7/31/1987,57.5,64.0,62.5,46.6,58.9,44.7,,74.3,,,,,,,,
8/31/1987,59.3,62.7,64.2,52.4,60.3,49.3,,77.4,,,,,,,,
9/30/1987,60.0,62.1,65.5,54.5,61.5,49.2,,77.3,,,,,,,,
10/31/1987,60.7,65.3,63.2,54.6,62.2,50.7,,78.1,,,,,,,,
11/30/1987,58.8,59.3,61.9,53.7,64.9,51.2,,79.2,,,,,,,,
12/31/1987,61.0,61.5,65.1,59.1,62.7,50.8,,80.2,,,,,,,,
1/31/1988,57.5,60.3,59.3,51.2,62.0,50.7,,78.7,,,,,,,,
2/29/1988,56.2,57.0,58.6,52.5,61.2,48.1,,81.2,,,,,,,,
3/31/1988,54.6,57.9,57.7,50.2,57.3,41.9,,74.5,,64.5,,,,,,
4/30/1988,55.8,57.6,59.1,49.2,58.6,51.0,,81.0,,64.0,,,,,,
5/31/1988,55.5,57.7,58.0,50.4,56.9,51.2,,81.5,,65.5,,,,,,
6/30/1988,59.3,63.6,61.7,50.5,65.6,48.2,,80.7,,66.0,,,,,,
7/31/1988,58.2,60.6,61.2,52.5,58.4,54.5,,81.0,,67.5,,,,,,
8/31/1988,56.0,59.2,57.8,51.2,57.4,49.4,,78.2,,59.9,,,,,,
9/30/1988,54.5,58.6,54.8,50.2,55.2,49.5,,72.8,,61.7,,,,,,
10/31/1988,55.4,57.2,58.7,52.4,54.8,49.2,,71.5,,60.8,,,,,,
11/30/1988,55.6,58.4,57.5,53.8,52.1,51.6,,70.9,,58.1,,,,,,
12/31/1988,56.0,59.0,57.6,54.8,53.0,49.9,,69.8,,64.3,,,,,,
1/31/1989,54.7,57.3,57.9,51.4,53.9,46.7,,70.5,,60.1,,,,,,
2/28/1989,54.1,57.3,55.6,50.0,54.0,49.0,,67.9,,60.0,,,,,,
3/31/1989,51.5,52.0,52.7,50.2,52.5,48.3,,67.9,,52.8,,,,,,
4/30/1989,52.2,53.1,54.9,50.0,52.2,47.4,,65.4,,52.4,,,,,,
5/31/1989,49.3,50.7,50.7,47.6,49.1,44.9,,59.3,,50.1,,,,,,
6/30/1989,47.3,45.6,49.5,47.4,46.5,47.5,,50.0,,52.6,,,,,,
7/31/1989,45.9,45.8,46.9,44.5,46.1,46.2,,48.1,,51.7,,,,,,
8/31/1989,45.1,45.2,46.7,44.6,44.0,43.5,,43.3,,54.1,,,,,,
9/30/1989,46.0,46.0,48.0,45.4,43.9,44.8,,42.4,,55.0,,,,,,
10/31/1989,46.8,49.3,48.5,45.0,43.3,43.8,,41.0,,53.8,,,,,,
11/30/1989,46.8,49.3,49.2,45.9,42.5,41.4,,40.9,,55.3,,,,,,
12/31/1989,47.4,50.4,49.7,44.6,43.5,43.9,,41.0,,58.3,45.5,,,,,
1/31/1990,47.2,49.1,47.4,45.4,48.2,42.7,,50.8,,55.2,51.8,,,,,
2/28/1990,49.1,52.5,52.8,46.5,44.4,41.4,,44.6,,56.9,50.3,,,,,
3/31/1990,49.9,52.3,54.7,46.5,47.2,41.2,,50.1,,54.9,48.7,,,,,
4/30/1990,50.0,53.7,53.5,46.6,47.2,41.3,,50.9,,57.8,48.0,,,,,
5/31/1990,49.5,51.7,53.9,46.2,48.2,40.0,,50.1,,56.7,46.5,,,,,
6/30/1990,49.2,52.0,51.3,45.4,49.8,42.6,,53.2,,57.7,47.6,,,,,
7/31/1990,46.6,46.7,49.8,46.3,46.4,39.6,,51.4,,60.0,47.5,,,,,
8/31/1990,46.1,45.5,47.9,43.1,50.1,43.0,,53.1,,58.5,46.9,,,,,
9/30/1990,44.5,44.9,45.5,41.3,48.9,40.8,,70.2,,56.1,46.0,,,,,
10/31/1990,43.2,43.1,43.6,40.2,48.1,41.2,,73.4,,58.4,47.4,,,,,
11/30/1990,41.3,40.4,42.1,36.2,48.6,40.9,,64.2,,59.1,43.1,,,,,
12/31/1990,40.8,38.5,41.8,38.8,47.2,39.6,,58.9,,58.7,46.5,,,,,
1/31/1991,39.2,38.1,38.9,37.3,44.4,39.6,,51.6,,56.9,44.6,,,,,
2/28/1991,39.4,39.2,39.1,35.6,44.7,39.9,,44.5,,55.6,45.8,,,,,
3/31/1991,40.7,42.4,41.2,33.6,43.9,43.6,,41.2,,56.3,45.8,,,,,
4/30/1991,42.8,46.1,44.5,35.8,45.0,39.6,,38.8,,56.1,45.2,,,,,
5/31/1991,44.5,48.9,46.9,37.4,46.0,37.3,,38.2,,56.4,47.0,,,,,
6/30/1991,50.3,58.4,53.7,43.0,47.1,37.1,,39.6,,53.7,47.0,,,,,
7/31/1991,50.6,55.6,57.2,41.3,49.6,39.1,,38.4,,52.6,47.6,,,,,
8/31/1991,52.9,60.1,59.8,44.0,48.3,39.0,,41.8,,52.2,49.5,,,,,
9/30/1991,54.9,60.7,61.2,47.3,48.8,45.9,,45.5,,54.7,49.5,,,,,
10/31/1991,53.1,58.0,60.7,44.7,50.2,40.5,,50.0,,56.5,48.4,,,,,
11/30/1991,49.5,53.5,52.1,43.0,50.1,42.8,,47.6,,50.0,46.1,,,,,
12/31/1991,46.8,49.5,50.6,39.8,49.4,38.8,,48.9,,51.3,47.6,,,,,
1/31/1992,47.3,49.6,50.4,40.6,48.7,44.1,,45.4,,50.8,47.0,,,,,
2/29/1992,52.7,58.3,58.7,43.9,49.3,44.0,,45.9,,51.4,47.2,,,,,
3/31/1992,54.6,63.3,59.7,43.7,50.3,44.3,,48.1,,57.2,49.8,,,,,
4/30/1992,52.6,59.1,57.8,45.0,47.4,43.2,,51.1,,53.1,52.1,,,,,
5/31/1992,55.7,60.9,61.2,49.5,50.0,47.0,,55.0,,53.2,53.9,,,,,
6/30/1992,53.6,59.8,57.6,46.6,50.8,43.1,,53.9,,55.3,49.1,,,,,
7/31/1992,53.9,59.5,57.4,45.5,52.5,46.9,,56.2,,55.1,49.7,,,,,
8/31/1992,53.4,58.8,56.8,47.3,50.3,45.8,,53.7,,57.0,48.6,,,,,
9/30/1992,49.7,51.1,53.9,45.1,51.2,42.3,,51.6,,55.5,46.7,,,,,
10/31/1992,50.3,53.8,54.7,44.7,48.6,42.4,,46.4,,56.5,47.7,,,,,
11/30/1992,53.6,58.8,58.6,47.1,51.3,42.1,,42.1,,56.2,48.0,,,,,
12/31/1992,54.2,61.0,57.9,45.9,51.5,45.0,,48.0,,54.6,51.4,,,,,
1/31/1993,55.8,63.0,61.5,46.9,52.3,43.3,,49.8,,55.7,49.4,,,,,
2/28/1993,55.2,59.7,63.5,47.0,51.7,42.6,,53.9,,54.7,49.5,,,,,
3/31/1993,53.5,58.1,56.7,47.1,52.7,45.6,,53.6,54.5,53.6,49.4,,,,,
4/30/1993,50.2,53.0,51.6,44.8,52.8,44.7,,54.6,51.0,53.5,50.1,,,,,
5/31/1993,51.2,55.2,55.0,43.6,51.5,44.8,,50.4,51.5,56.2,47.4,,,,,
6/30/1993,49.6,51.6,53.1,43.2,50.4,46.5,,50.6,52.0,54.9,49.8,,,,,
7/31/1993,50.2,53.8,52.7,43.6,51.0,45.5,,51.4,45.0,54.9,48.7,,,,,
8/31/1993,50.7,55.3,53.9,41.9,51.8,44.4,,52.3,51.0,49.4,49.4,,,,,
9/30/1993,50.8,52.6,55.2,44.5,51.3,46.2,,49.0,49.0,49.4,49.9,,,,,
10/31/1993,53.4,58.9,56.1,46.0,50.7,48.6,,50.9,55.5,54.9,49.4,,,,,
11/30/1993,53.8,60.4,57.5,45.5,50.9,45.5,,52.7,56.5,54.9,51.5,,,,,
12/31/1993,55.6,62.4,61.7,47.1,51.5,43.2,,53.1,54.5,53.6,50.3,,,,,
1/31/1994,56.0,63.5,59.7,47.5,54.4,43.9,,58.9,58.0,53.6,52.4,,,,,
2/28/1994,56.5,62.2,60.2,48.7,57.0,44.6,,63.0,56.5,51.4,51.9,,,,,
3/31/1994,56.9,62.8,63.4,48.2,55.4,43.0,,62.9,56.5,51.4,51.8,,,,,
4/30/1994,57.4,62.7,61.4,50.1,57.2,45.9,,63.5,61.5,46.2,51.8,,,,,
5/31/1994,58.2,61.6,62.7,51.4,60.2,47.6,,67.8,61.5,46.2,53.4,,,,,
6/30/1994,58.8,65.0,62.0,49.5,60.3,48.3,,69.7,60.0,48.3,55.2,,,,,
7/31/1994,58.5,64.2,62.3,52.3,58.1,45.1,,71.6,59.5,48.3,51.1,,,,,
8/31/1994,58.0,63.0,60.2,51.4,61.6,44.9,,75.2,60.5,46.7,51.3,,,,,
9/30/1994,59.0,62.7,62.8,52.5,62.5,46.1,,80.3,60.5,46.7,53.0,,,,,
10/31/1994,59.4,63.0,63.3,51.1,64.9,47.6,,84.1,60.5,48.5,53.7,,,,,
11/30/1994,59.2,61.5,63.9,51.6,64.7,47.3,,84.5,58.0,48.5,53.2,,,,,
12/31/1994,56.1,58.9,59.5,46.7,64.8,45.0,,87.1,53.5,46.1,52.6,,,,,
1/31/1995,57.4,59.7,60.9,51.9,62.7,45.2,,86.0,54.0,46.1,52.2,,,,,
2/28/1995,55.1,56.6,57.4,50.0,60.7,47.0,,81.7,55.0,46.3,53.0,,,,,
3/31/1995,52.1,51.9,54.8,48.1,56.9,47.0,,78.9,51.0,46.3,52.0,,,,,
4/30/1995,51.5,52.2,54.1,47.4,56.3,44.2,,74.5,47.5,45.6,49.8,,,,,
5/31/1995,46.7,44.0,49.9,43.7,53.3,43.3,,70.5,42.0,45.6,47.9,,,,,
6/30/1995,45.9,43.5,46.1,46.5,51.8,43.0,,64.7,36.0,44.0,49.3,,,,,
7/31/1995,50.7,52.7,51.6,48.1,51.3,46.5,,58.6,41.5,44.0,53.3,,,,,
8/31/1995,47.1,46.5,49.1,45.0,49.1,45.5,,48.5,40.5,44.2,51.8,,,,,
9/30/1995,48.1,49.4,50.5,45.5,50.0,40.3,,48.8,43.5,44.2,49.4,,,,,
10/31/1995,46.7,47.5,47.0,45.9,48.4,42.2,,46.5,40.5,44.4,49.5,,,,,
11/30/1995,45.9,48.6,45.0,44.5,45.3,43.3,,44.5,41.5,44.4,44.2,,,,,
12/31/1995,46.2,45.9,46.9,46.2,47.5,43.1,,40.3,42.0,43.7,49.5,,,,,
1/31/1996,45.5,44.1,45.6,45.3,47.8,46.6,,40.3,41.5,43.7,48.3,,,,,
2/29/1996,45.9,46.1,45.7,44.6,49.5,43.3,,38.8,43.5,46.2,48.1,,,,,
3/31/1996,46.9,49.1,47.3,44.4,49.6,40.0,,39.9,40.0,46.2,47.5,,,,,
4/30/1996,49.3,52.3,51.6,44.7,49.4,43.9,,41.5,44.0,50.0,47.5,,,,,
5/31/1996,49.1,51.7,53.0,44.7,49.9,39.2,,50.2,48.5,50.0,48.5,,,,,
6/30/1996,53.6,59.4,55.5,48.2,52.8,43.1,,47.9,51.0,53.3,48.7,,,,,
7/31/1996,49.7,51.9,52.4,46.7,50.8,40.8,,44.1,47.5,53.3,53.1,,,,,
8/31/1996,51.6,54.6,55.1,47.4,51.9,42.2,,46.6,47.0,50.1,50.0,,,,,
9/30/1996,51.1,54.6,53.5,47.2,50.0,43.7,,50.1,49.5,50.1,50.7,,,,,
10/31/1996,50.5,52.9,55.4,46.0,50.9,39.6,,45.7,44.5,51.1,52.8,,,,,
11/30/1996,53.0,56.9,58.1,47.6,51.2,42.3,,46.3,49.0,51.1,53.2,,,,,
12/31/1996,55.2,61.7,58.9,48.6,52.0,44.4,,52.0,51.0,50.9,51.6,,,,,
1/31/1997,53.8,57.0,59.8,49.8,49.7,43.2,,53.3,45.5,50.9,53.5,,,,,
2/28/1997,53.1,57.6,58.9,45.9,52.1,41.3,,56.4,48.5,52.4,53.7,,,,,
3/31/1997,53.8,58.6,55.0,50.8,53.1,43.5,46.5,51.1,51.5,52.4,48.3,,,,,
4/30/1997,53.7,56.6,56.8,51.8,53.4,41.4,47.0,50.3,54.0,51.1,51.4,,,,,
5/31/1997,56.1,62.3,56.7,50.7,55.0,48.1,44.5,48.5,58.0,51.1,52.1,,,,,
6/30/1997,54.9,59.4,56.5,51.3,54.6,45.2,50.5,48.9,53.5,54.4,54.1,,,,,
7/31/1997,57.7,61.3,64.5,51.7,54.7,45.9,47.5,52.0,56.5,54.4,55.2,,,,,
8/31/1997,56.3,60.3,61.5,51.3,55.2,43.0,47.0,52.1,60.0,55.8,53.7,,,,,
9/30/1997,53.9,55.4,56.6,51.2,54.8,47.2,49.5,53.0,50.0,55.8,51.6,,,,,
10/31/1997,56.4,60.9,59.4,52.8,54.9,45.0,47.0,53.6,56.5,54.9,51.8,,,,,
11/30/1997,55.7,57.4,60.1,53.7,55.2,43.8,48.0,52.1,50.0,54.9,54.7,,,,,
12/31/1997,54.5,57.2,56.7,52.1,53.9,46.2,46.5,52.2,52.0,55.8,56.0,,,,,
1/31/1998,53.8,57.1,55.6,51.1,53.0,46.2,47.5,47.0,47.0,55.8,55.1,,,,,
2/28/1998,52.9,54.6,54.6,51.7,52.8,46.2,46.5,45.5,48.0,55.0,53.4,,,,,
3/31/1998,52.9,54.9,54.5,51.4,53.0,46.0,47.0,44.2,51.5,55.0,52.1,,,,,
4/30/1998,52.2,55.3,53.3,49.0,52.4,46.1,49.0,40.5,52.5,53.4,53.9,,,,,
5/31/1998,50.9,51.5,53.2,49.3,51.5,46.0,47.5,41.1,48.5,53.4,52.1,,,,,
6/30/1998,48.9,50.2,50.6,47.0,50.9,42.0,44.5,39.3,48.5,54.2,51.7,,,,,
7/31/1998,49.2,51.8,50.8,45.1,50.2,44.1,47.0,38.4,44.5,54.2,51.4,,,,,
8/31/1998,49.3,50.9,50.7,46.7,50.3,44.8,50.5,37.8,48.5,54.8,51.2,,,,,
9/30/1998,48.7,49.4,51.2,45.7,50.8,43.2,49.0,34.0,46.0,54.8,51.5,,,,,
10/31/1998,48.7,48.0,52.4,45.2,49.8,47.1,50.5,34.7,45.5,51.5,51.3,,,,,
11/30/1998,48.2,48.3,50.4,45.3,50.4,44.5,47.5,34.5,40.5,51.5,51.1,,,,,
12/31/1998,46.8,49.7,47.7,41.9,48.5,42.7,47.0,31.9,37.0,56.4,50.5,,,,,
1/31/1999,50.6,52.4,55.6,45.5,51.0,42.7,44.0,33.7,38.0,56.4,50.5,,,,,
2/28/1999,51.7,55.0,56.0,45.8,50.8,43.5,43.0,35.2,48.5,52.8,54.6,,,,,
3/31/1999,52.4,55.9,55.7,47.6,52.3,43.7,43.5,42.5,52.0,52.8,52.8,,,,,
4/30/1999,52.3,54.0,57.2,48.8,49.5,46.8,45.0,47.4,53.0,51.7,51.6,,,,,
5/31/1999,54.3,57.8,58.5,51.1,52.1,43.6,45.5,51.2,55.5,51.7,53.1,,,,,
6/30/1999,55.8,59.4,61.6,51.3,52.6,44.7,43.5,54.2,54.5,50.8,52.2,,,,,
7/31/1999,53.6,54.6,58.1,50.4,54.0,44.9,45.0,55.5,50.5,50.8,54.1,,,,,
8/31/1999,54.8,57.5,58.3,53.1,51.4,46.2,45.5,60.6,52.5,50.7,53.7,,,,,
9/30/1999,57.0,63.5,59.9,51.3,55.8,43.8,43.5,65.8,54.5,50.7,54.2,,,,,
10/31/1999,57.2,61.3,59.7,53.0,56.2,48.0,44.5,68.8,54.0,48.7,54.3,,,,,
11/30/1999,58.1,63.1,60.2,53.1,56.8,49.7,48.5,68.1,58.5,48.7,52.7,,,,,
12/31/1999,57.8,60.3,60.6,55.7,56.7,49.0,48.5,67.4,50.0,48.6,52.0,,,,,
1/31/2000,56.7,60.4,57.8,52.8,55.0,52.8,46.5,72.4,52.0,48.6,52.9,,,,,
2/29/2000,55.8,58.7,59.1,53.6,54.4,44.9,48.0,71.6,54.0,49.5,53.0,,,,,
3/31/2000,54.9,56.2,59.5,51.2,54.3,47.5,48.0,78.7,51.0,49.5,53.5,,,,,
4/30/2000,54.7,55.4,58.1,53.2,55.4,46.1,47.0,71.2,51.0,46.7,53.8,,,,,
5/31/2000,53.2,51.5,56.4,53.0,55.4,46.9,50.5,65.7,49.0,46.7,54.2,,,,,
6/30/2000,51.4,50.0,53.4,50.7,54.5,47.0,47.0,62.9,48.5,46.8,55.7,,,,,
7/31/2000,52.5,52.0,53.7,52.5,53.9,48.5,49.5,63.4,45.0,46.8,50.8,,,,,
8/31/2000,49.9,50.0,49.7,48.8,53.5,47.1,50.5,58.1,49.0,50.3,52.2,,,,,
9/30/2000,49.7,48.9,51.5,50.6,49.6,45.9,48.5,58.4,47.0,50.3,48.9,,,,,
10/31/2000,48.7,48.4,49.3,48.2,51.1,45.9,50.5,57.7,41.0,47.5,52.4,,,,,
11/30/2000,48.5,49.1,50.1,47.1,50.3,42.8,51.5,58.1,42.0,47.5,53.2,,,,,
12/31/2000,43.9,42.1,42.9,42.7,52.8,40.4,51.0,59.8,36.0,45.3,51.2,,,,,
1/31/2001,42.3,38.4,39.2,42.3,49.8,41.8,56.0,64.6,32.5,45.3,49.1,,,,,
2/28/2001,42.1,39.9,38.6,37.8,50.2,44.2,52.5,55.6,37.0,45.2,47.5,,,,,
3/31/2001,43.1,41.5,42.6,39.9,47.7,43.7,52.0,49.9,43.5,45.2,48.8,,,,,
4/30/2001,42.7,45.5,43.1,38.2,47.2,39.7,50.0,48.0,43.5,48.4,47.2,,,,,
5/31/2001,41.3,44.9,43.1,35.1,45.4,38.2,51.0,45.1,40.0,48.4,46.9,,,,,
6/30/2001,43.2,47.8,45.3,35.7,47.1,39.9,48.0,42.8,42.0,52.0,47.0,,,,,
7/31/2001,43.5,49.2,47.0,37.2,46.8,37.1,45.0,39.9,42.5,52.0,47.2,,,,,
8/31/2001,46.3,54.3,51.8,41.3,46.7,37.6,48.5,35.0,44.5,46.9,50.0,,,,,
9/30/2001,46.2,51.3,51.8,41.5,47.5,38.9,48.5,36.6,43.0,46.9,49.7,,,,,
10/31/2001,40.8,38.9,41.8,35.6,49.5,38.3,44.5,33.3,36.0,44.3,47.6,,,,,
11/30/2001,44.1,49.1,46.9,36.4,49.1,38.9,44.5,32.0,38.5,50.0,49.5,,,,,
12/31/2001,45.3,51.4,49.2,39.1,49.3,37.6,44.0,33.2,39.5,47.6,50.2,,,,,
1/31/2002,47.5,55.2,51.1,41.0,51.2,39.2,43.5,43.9,44.5,50.1,51.3,,,,,
2/28/2002,50.7,60.7,58.1,43.8,51.4,39.7,41.5,41.5,53.0,50.7,52.4,,,,,
3/31/2002,52.4,63.8,58.3,46.6,51.9,41.4,40.0,51.9,62.5,50.6,53.9,,,,,
4/30/2002,52.4,59.9,59.1,46.6,53.5,43.0,40.5,60.3,56.0,51.9,55.5,,,,,
5/31/2002,53.1,61.8,59.4,47.3,53.4,43.8,39.0,63.0,56.5,53.3,53.9,,,,,
6/30/2002,53.6,61.2,61.1,48.3,54.4,43.2,44.5,65.5,53.5,54.1,53.8,,,,,
7/31/2002,50.2,51.9,56.6,45.0,54.8,42.7,42.5,68.3,45.5,52.2,53.2,,,,,
8/31/2002,50.3,50.6,54.9,46.8,53.6,45.4,42.5,61.5,45.0,53.4,52.6,,,,,
9/30/2002,50.5,52.9,53.5,45.8,56.7,43.8,40.5,62.5,44.5,53.8,54.7,,,,,
10/31/2002,49.0,52.1,51.3,46.4,53.4,42.0,42.5,58.3,43.5,53.0,51.2,,,,,
11/30/2002,48.5,49.9,52.7,44.8,52.1,43.1,46.5,55.7,42.5,50.0,52.4,,,,,
12/31/2002,51.6,58.7,53.9,47.5,52.9,45.2,43.0,56.9,46.5,52.0,55.1,,,,,
1/31/2003,51.3,58.2,54.1,47.4,52.8,44.2,42.5,57.5,45.0,54.4,58.6,,,,,
2/28/2003,48.8,51.9,53.6,42.6,52.8,43.0,46.0,65.5,49.0,55.2,54.6,,,,,
3/31/2003,46.3,47.2,47.0,42.2,52.6,42.3,42.0,70.0,41.5,51.3,53.3,,,,,
4/30/2003,46.1,47.2,48.5,41.8,49.9,43.1,44.5,63.5,47.5,50.8,54.8,,,,,
5/31/2003,49.0,53.4,52.9,42.4,50.6,45.7,45.0,51.5,51.0,51.7,52.2,,,,,
6/30/2003,49.0,53.6,54.1,45.6,49.8,42.0,45.5,56.5,50.0,54.6,55.9,,,,,
7/31/2003,51.0,56.8,53.9,46.3,51.5,46.3,42.5,53.0,51.0,54.4,54.9,,,,,
8/31/2003,53.2,61.1,61.8,47.1,53.0,43.1,43.0,53.0,51.5,56.4,55.2,,,,,
9/30/2003,52.4,60.8,57.8,46.5,53.4,43.4,44.5,56.0,52.5,54.5,61.4,,,,,
10/31/2003,55.2,64.4,62.8,48.6,54.6,45.6,39.0,58.5,53.5,59.5,59.2,,,,,
11/30/2003,58.4,69.1,66.6,50.4,56.4,49.7,39.5,64.0,59.0,57.1,61.4,,,,,
12/31/2003,60.1,71.3,70.0,54.1,59.3,45.9,39.0,66.0,61.0,59.3,57.8,,,,,
1/31/2004,60.8,70.6,69.3,54.7,61.5,47.9,40.0,75.5,60.5,57.2,59.2,,,,,
2/29/2004,59.9,66.5,65.6,55.7,62.9,49.0,38.5,81.5,62.0,55.1,59.9,,,,,
3/31/2004,60.6,64.6,66.8,57.0,66.7,48.0,39.5,86.0,63.5,60.2,57.1,,,,,
4/30/2004,60.6,67.1,66.6,57.2,66.7,45.2,40.5,88.0,66.5,59.9,58.7,,,,,
5/31/2004,61.4,64.5,65.3,60.1,68.3,48.8,37.0,86.0,63.0,60.0,58.8,,,,,
6/30/2004,60.5,60.9,63.7,59.4,67.1,51.3,39.0,81.0,58.5,57.3,57.5,,,,,
7/31/2004,59.9,62.8,63.8,57.4,64.5,50.8,37.5,77.0,58.0,56.7,58.8,,,,,
8/31/2004,58.5,62.1,59.3,56.4,62.8,52.1,45.5,81.5,55.0,55.8,58.3,,,,,
9/30/2004,57.4,57.7,59.8,58.0,59.8,51.6,41.5,76.0,55.0,53.5,58.2,,,,,
10/31/2004,56.3,58.4,59.3,55.5,59.2,49.3,43.5,78.5,49.0,56.7,59.2,,,,,
11/30/2004,56.2,60.1,57.3,56.9,56.8,49.7,43.5,74.0,47.5,54.5,58.8,,,,,
12/31/2004,57.2,66.3,57.9,53.8,55.3,52.8,44.0,72.0,54.0,59.1,60.8,,,,,
1/31/2005,56.6,58.2,59.1,58.7,54.1,52.7,44.5,69.0,50.5,56.5,61.1,,,,,
2/28/2005,54.8,55.8,58.2,56.0,54.7,49.1,42.5,65.5,50.5,56.5,60.7,,,,,
3/31/2005,54.9,57.3,57.4,53.6,53.1,53.2,46.0,73.0,56.0,55.1,58.9,,,,,
4/30/2005,52.5,54.8,56.4,51.8,51.7,47.8,41.5,71.0,53.0,57.0,56.7,,,,,
5/31/2005,51.0,52.1,54.7,49.0,50.8,48.2,47.5,58.0,51.0,55.3,53.9,,,,,
6/30/2005,52.6,55.6,55.3,51.0,53.1,48.2,44.0,50.5,51.0,51.2,54.2,,,,,
7/31/2005,54.0,58.7,58.8,53.3,52.0,47.0,44.5,48.5,49.0,55.8,54.7,,,,,
8/31/2005,51.6,55.8,54.3,51.8,50.5,45.5,46.5,62.5,50.5,54.5,53.4,,,,,
9/30/2005,56.5,61.0,60.2,53.0,58.2,50.2,44.5,78.0,55.0,57.3,53.4,,,,,
10/31/2005,57.2,60.6,61.9,54.3,61.2,48.1,41.0,84.0,55.5,55.2,58.2,,,,,
11/30/2005,56.5,59.6,61.0,56.0,57.1,48.6,43.5,74.0,53.0,57.9,54.1,,,,,
12/31/2005,54.9,60.2,60.3,53.8,52.7,47.5,48.0,63.0,49.5,54.3,52.8,,,,,
1/31/2006,55.0,59.8,58.8,53.1,55.3,48.0,46.0,65.0,53.5,58.5,57.0,,,,,
2/28/2006,55.5,62.3,58.4,53.6,53.1,50.2,48.5,62.5,54.5,57.0,57.5,,,,,
3/31/2006,54.7,59.1,58.4,53.2,53.9,48.9,48.0,66.5,59.5,57.3,57.0,,,,,
4/30/2006,55.8,56.2,59.7,54.9,58.0,50.3,46.5,71.5,57.0,53.4,59.0,,,,,
5/31/2006,53.5,53.1,56.1,53.1,57.1,48.1,44.0,77.0,53.0,55.7,56.5,,,,,
6/30/2006,52.4,55.9,53.3,50.4,55.0,47.3,45.5,76.5,54.0,55.4,56.5,,,,,
7/31/2006,53.2,55.2,56.2,50.9,54.5,49.1,44.5,78.5,50.5,51.9,57.5,,,,,
8/31/2006,52.8,52.3,54.1,53.2,54.8,49.5,46.0,73.0,51.5,55.7,54.0,,,,,
9/30/2006,51.8,54.1,56.0,49.1,52.9,46.7,49.0,61.0,46.5,55.3,56.0,,,,,
10/31/2006,50.5,52.3,52.0,49.4,50.7,48.3,52.0,47.0,44.5,57.8,57.0,,,,,
11/30/2006,50.4,51.1,49.7,48.8,52.7,49.8,50.5,53.5,46.5,56.9,56.5,,,,,
12/31/2006,52.0,54.0,54.1,49.3,53.3,49.2,50.5,47.5,45.0,54.3,55.5,,,,,
1/31/2007,49.2,52.0,50.5,49.9,52.8,40.9,52.0,53.0,43.5,52.5,54.5,,,,,
2/28/2007,51.9,56.4,54.4,51.3,52.0,45.4,53.0,59.0,51.5,54.0,61.5,,,,,
3/31/2007,51.2,52.5,54.1,49.4,52.0,47.9,48.0,65.5,47.0,55.5,57.5,,,,,
4/30/2007,52.9,57.1,57.4,52.9,51.1,45.9,47.0,73.0,54.5,57.0,58.0,,,,,
5/31/2007,52.6,57.3,57.0,52.7,50.3,45.6,48.0,71.0,52.5,59.0,57.5,,,,,
6/30/2007,53.2,58.7,60.5,52.6,49.5,44.8,47.0,68.0,53.5,56.0,54.5,,,,,
7/31/2007,52.1,57.1,55.1,50.0,50.8,47.6,51.0,65.0,52.0,56.5,54.5,,,,,
8/31/2007,50.5,52.7,54.5,50.2,49.9,45.1,49.0,63.0,50.5,57.0,52.5,,,,,
9/30/2007,50.4,53.6,56.0,50.9,50.3,41.2,50.0,59.0,51.0,54.5,53.0,,,,,
10/31/2007,49.9,53.0,49.0,50.4,50.6,46.3,54.0,63.0,46.0,57.0,47.5,,,,,
11/30/2007,50.7,53.9,52.4,47.7,51.6,47.7,49.0,67.5,41.5,58.5,47.5,,,,,
12/31/2007,48.7,47.4,48.8,47.6,53.4,46.1,51.5,68.0,43.0,52.5,48.0,,,,,
1/31/2008,50.5,48.9,53.7,46.7,53.6,49.5,49.5,76.0,44.0,58.5,52.5,,,,,
2/29/2008,48.7,50.1,50.5,46.6,51.1,45.4,49.0,75.5,45.0,56.0,47.5,,,,,
3/31/2008,49.1,47.3,48.8,49.6,54.4,45.5,51.0,83.5,47.5,56.5,45.0,,,,,
4/30/2008,48.9,45.6,49.9,46.4,54.9,47.9,45.0,84.5,51.5,57.5,48.0,,,,,
5/31/2008,49.6,48.6,51.3,46.9,53.4,47.6,47.0,87.0,46.0,59.5,49.5,,,,,
6/30/2008,50.0,49.9,50.3,45.5,54.4,49.8,55.0,91.5,47.5,58.5,46.0,,,,,
7/31/2008,49.6,45.0,53.0,51.4,53.8,45.0,47.0,88.5,43.0,54.0,46.5,,,,,
8/31/2008,49.2,46.7,51.9,48.8,49.8,49.0,54.5,77.0,43.5,57.0,48.5,,,,,
9/30/2008,43.2,38.8,42.4,41.1,50.9,42.7,53.5,53.5,35.0,52.0,44.0,,,,,
10/31/2008,38.4,32.3,33.1,33.5,49.0,44.3,55.0,37.0,29.5,41.0,41.0,,,,,
11/30/2008,36.7,28.6,32.2,33.6,48.6,40.4,55.0,25.5,27.0,41.0,37.5,,,,,
12/31/2008,33.3,23.7,26.3,30.6,46.4,39.3,57.0,18.0,23.0,35.5,39.0,,,,,
1/31/2009,35.7,34.1,30.7,29.8,45.6,38.3,55.5,29.0,29.5,37.5,36.5,,,,,
2/28/2009,36.0,34.9,35.9,26.4,45.9,36.7,51.0,29.0,31.0,37.5,32.0,,,,,
3/31/2009,36.6,41.5,37.1,28.3,43.9,32.0,54.0,31.0,35.5,39.0,33.0,,,,,
4/30/2009,39.9,45.1,40.7,35.0,44.9,34.0,49.5,32.0,40.5,44.0,42.0,,,,,
5/31/2009,41.9,47.8,45.0,33.7,49.9,33.1,46.0,43.5,48.0,48.0,42.5,,,,,
6/30/2009,44.7,48.9,51.8,40.7,50.8,31.3,43.5,50.0,47.5,49.5,46.0,,,,,
7/31/2009,49.0,54.8,59.6,45.7,51.4,33.4,42.5,55.0,50.0,50.5,50.0,,,,,
8/31/2009,51.4,62.9,59.4,44.8,55.6,34.5,39.0,65.0,52.5,55.5,49.5,,,,,
9/30/2009,53.2,60.9,58.8,46.8,58.2,41.5,39.0,63.5,53.5,55.0,52.0,,,,,
10/31/2009,55.8,60.5,61.9,52.5,57.5,46.7,38.5,65.0,53.5,55.5,51.0,,,,,
11/30/2009,54.7,62.7,62.9,50.4,56.4,41.0,37.0,55.0,52.0,56.0,51.5,,,,,
12/31/2009,56.4,66.4,61.8,53.2,57.5,43.0,35.0,61.5,50.0,54.5,55.0,,,,,
1/31/2010,56.7,60.6,63.0,53.6,60.3,46.0,32.0,70.0,56.0,58.5,56.5,,,,,
2/28/2010,55.8,57.5,57.2,54.4,60.8,49.0,37.0,67.0,61.0,56.5,58.0,,,,,
3/31/2010,59.3,61.4,62.1,55.3,61.2,56.5,39.0,75.0,58.0,61.5,58.0,,,,,
4/30/2010,59.0,64.5,64.1,56.4,59.4,50.5,33.0,78.0,57.5,61.0,54.5,,,,,
5/31/2010,58.8,66.1,64.3,58.2,59.3,46.0,32.0,77.5,59.5,62.0,54.5,,,,,
6/30/2010,56.0,59.3,61.2,56.6,56.7,46.0,38.0,57.0,57.0,56.0,57.0,,,,,
7/31/2010,55.7,54.9,57.9,58.7,58.1,49.0,39.0,57.5,54.5,56.5,57.0,,,,,
8/31/2010,57.4,55.6,61.2,60.7,56.4,53.0,43.5,61.5,51.5,55.5,52.0,,,,,
9/30/2010,56.4,54.5,59.3,58.3,53.8,56.0,42.5,70.5,46.5,54.5,52.0,,,,,
10/31/2010,57.0,58.7,62.0,58.4,53.1,53.0,44.0,71.0,46.0,60.5,56.0,,,,,
11/30/2010,58.0,57.8,59.2,59.6,59.5,54.0,45.5,69.5,46.0,57.0,56.0,,,,,
12/31/2010,57.3,58.8,61.5,59.0,57.4,50.0,40.0,72.5,47.0,54.5,53.0,,,,,
1/31/2011,59.2,63.2,63.1,59.6,58.1,52.0,45.5,81.5,58.0,62.0,53.0,,,,,
2/28/2011,59.6,62.7,63.9,61.9,59.2,50.5,40.0,82.0,59.0,62.5,54.5,,,,,
3/31/2011,59.3,62.7,63.9,61.5,59.5,49.0,39.5,85.0,52.5,56.0,54.5,,,,,
4/30/2011,59.4,63.8,59.5,60.2,59.2,54.5,40.5,85.5,61.0,62.0,56.0,,,,,
5/31/2011,53.5,52.4,53.1,58.6,55.0,48.5,39.5,76.5,50.5,55.0,56.0,,,,,
6/30/2011,55.8,54.1,56.7,59.0,55.9,53.5,47.0,68.0,49.0,53.5,55.0,,,,,
7/31/2011,52.3,51.3,54.2,56.6,51.5,48.0,44.0,59.0,45.0,54.0,55.0,,,,,
8/31/2011,53.2,52.9,53.0,53.4,52.0,54.5,46.5,55.5,46.0,50.5,55.5,,,,,
9/30/2011,53.2,51.6,54.4,56.1,51.9,52.0,49.0,56.0,41.5,53.5,55.5,,,,,
10/31/2011,51.5,52.2,53.0,53.2,52.4,46.5,43.5,41.0,47.5,50.0,54.0,,,,,
11/30/2011,52.3,54.8,55.8,53.2,51.1,46.5,50.0,45.0,45.0,52.0,54.0,,,,,
12/31/2011,52.9,55.1,58.9,54.6,50.6,45.5,42.5,47.5,48.0,53.0,52.5,,,,,
1/31/2012,52.8,55.2,54.3,54.0,50.8,49.5,47.5,55.5,52.5,55.0,52.5,,,,,
2/29/2012,52.4,55.2,55.5,53.6,48.4,49.5,46.0,61.5,52.0,59.5,54.0,,,,,
3/31/2012,53.0,55.5,56.5,54.6,48.6,50.0,44.5,61.0,52.5,54.0,54.0,,,,,
4/30/2012,53.7,55.8,59.2,56.5,48.7,48.5,45.5,61.0,49.5,59.0,55.0,,,,,
5/31/2012,53.2,57.1,56.6,56.0,50.2,46.0,43.5,47.5,47.0,53.5,55.0,,,,,
6/30/2012,51.0,51.3,53.8,55.8,50.0,44.0,48.5,37.0,44.5,47.5,53.5,,,,,
7/31/2012,50.6,50.3,50.6,53.3,49.6,49.0,49.5,39.5,43.0,46.5,53.5,,,,,
8/31/2012,51.1,49.6,49.5,52.9,50.3,53.0,49.0,54.0,42.5,47.0,52.0,,,,,
9/30/2012,52.2,53.5,51.9,54.3,50.6,50.5,49.5,58.0,44.0,48.5,52.0,,,,,
10/31/2012,51.2,51.8,51.9,53.1,49.4,50.0,49.0,55.0,41.5,48.0,51.5,,,,,
11/30/2012,49.5,51.4,52.2,48.8,50.2,45.0,42.5,52.5,41.0,47.0,51.5,,,,,
12/31/2012,50.4,50.1,53.1,52.7,52.9,43.0,47.0,55.5,48.5,51.5,50.5,,,,,
1/31/2013,52.3,50.8,53.8,53.8,51.9,51.0,48.5,56.5,47.5,50.5,50.5,,,,,
2/28/2013,53.1,55.7,54.5,52.2,51.5,51.5,46.5,61.5,55.0,53.5,47.0,,,,,
3/31/2013,51.5,51.7,53.9,52.1,50.4,49.5,47.5,54.5,51.0,56.0,47.0,,,,,
4/30/2013,50.0,49.7,52.1,50.5,51.1,46.5,44.5,50.0,53.0,54.0,49.0,,,,,
5/31/2013,50.0,49.6,52.5,49.0,49.7,49.0,46.0,49.5,48.0,51.0,49.0,,,,,
6/30/2013,52.5,55.7,55.7,50.0,50.4,50.5,45.0,52.5,46.5,54.5,45.5,,,,,
7/31/2013,54.9,59.1,60.8,55.5,52.0,47.0,47.5,49.0,45.0,53.5,45.5,,,,,
8/31/2013,56.3,63.6,63.0,55.0,52.4,47.5,42.5,54.0,46.5,55.5,51.0,,,,,
9/30/2013,56.0,61.3,61.2,54.8,52.7,50.0,43.0,56.5,49.5,52.0,51.0,,,,,
10/31/2013,56.6,61.3,60.8,54.3,54.1,52.5,47.0,55.5,51.5,57.0,49.0,,,,,
11/30/2013,57.0,63.4,62.4,55.4,53.3,50.5,45.0,52.5,54.0,59.5,49.0,,,,,
12/31/2013,56.5,64.4,61.7,55.8,53.7,47.0,47.5,53.5,51.5,55.0,49.5,,,,,
1/31/2014,51.3,51.2,54.8,52.3,54.3,44.0,44.0,60.5,48.0,54.5,49.5,,,,,
2/28/2014,53.2,54.5,48.2,52.3,58.5,52.5,46.5,60.0,52.0,53.5,50.0,,,,,
3/31/2014,53.7,55.1,55.9,51.1,54.0,52.5,42.0,59.0,57.5,55.5,50.0,,,,,
4/30/2014,54.9,55.1,55.7,54.7,55.9,53.0,42.0,56.5,55.5,57.0,50.0,,,,,
5/31/2014,55.4,56.9,61.0,52.8,53.2,53.0,46.5,60.0,52.5,56.5,50.0,,,,,
6/30/2014,55.3,58.9,60.0,52.8,51.9,53.0,46.5,58.0,48.0,54.5,52.0,,,,,
7/31/2014,57.1,63.4,61.2,58.2,54.1,48.5,43.5,59.5,49.5,53.0,52.0,,,,,
8/31/2014,59.0,66.7,64.5,58.1,53.9,52.0,49.0,58.0,52.5,55.0,52.0,,,,,
9/30/2014,56.6,60.0,64.6,54.6,52.2,51.5,44.5,59.5,47.0,53.5,52.0,,,,,
10/31/2014,59.0,65.8,64.8,55.5,56.2,52.5,48.0,53.5,53.0,51.5,47.0,,,,,
11/30/2014,58.7,66.0,64.4,54.9,56.8,51.5,50.0,44.5,55.0,55.0,47.0,,,,,
12/31/2014,55.1,57.8,57.7,56.0,58.6,45.5,44.5,38.5,52.5,52.0,49.0,,,,,
1/31/2015,53.5,52.9,56.5,54.1,52.9,51.0,42.5,35.0,46.0,49.5,49.0,,,,,
2/28/2015,52.9,52.5,53.7,51.4,54.3,52.5,46.5,35.0,51.5,48.5,52.0,,,,,
3/31/2015,51.5,51.8,53.8,50.0,50.5,51.5,45.5,39.0,49.5,47.5,52.0,,,,,
4/30/2015,51.5,53.5,56.0,48.3,50.1,49.5,44.0,40.5,49.5,51.5,50.5,,,,,
5/31/2015,52.8,55.8,54.5,51.7,50.7,51.5,45.5,49.5,53.5,50.0,50.5,,,,,
6/30/2015,53.5,56.0,54.0,55.5,48.8,53.0,48.5,49.5,47.0,49.5,50.5,,,,,
7/31/2015,52.7,56.5,56.0,52.7,48.9,49.5,44.0,44.0,42.5,48.0,50.5,,,,,
8/31/2015,51.1,51.7,53.6,51.2,50.7,48.5,53.0,39.0,46.5,46.5,50.0,,,,,
9/30/2015,50.2,50.1,51.8,50.5,50.2,48.5,54.5,38.0,41.5,46.5,50.0,,,,,
10/31/2015,50.1,52.9,52.9,47.6,50.4,46.5,51.0,39.0,42.5,47.5,54.0,,,,,
11/30/2015,48.6,48.9,49.2,51.3,50.6,43.0,50.5,35.5,43.0,47.5,54.0,,,,,
12/31/2015,48.0,48.8,49.9,48.0,49.8,43.5,51.5,33.5,41.0,51.0,53.5,,,,,
1/31/2016,48.2,51.5,50.2,45.9,50.0,43.5,51.5,33.5,43.0,47.0,53.5,,,,,
2/29/2016,49.5,51.5,52.8,48.5,49.7,45.0,47.0,38.5,48.5,46.5,55.5,,,,,
3/31/2016,51.8,58.3,55.3,48.1,50.2,47.0,49.0,51.5,51.0,52.0,55.5,,,,,
4/30/2016,50.8,55.8,54.2,49.2,49.1,45.5,46.0,59.0,50.5,52.5,53.5,,,,,
5/31/2016,51.3,55.7,52.6,49.2,54.1,45.0,50.0,63.5,47.0,52.5,53.5,,,,,
6/30/2016,53.2,57.0,54.7,50.4,55.4,48.5,51.0,60.5,52.5,53.5,54.0,,,,,
7/31/2016,52.6,56.9,55.4,49.4,51.8,49.5,51.0,55.0,48.0,52.5,54.0,,,,,
8/31/2016,49.4,49.1,49.6,48.3,50.9,49.0,49.5,53.0,45.5,52.5,56.0,,,,,
9/30/2016,51.5,55.1,52.8,49.7,50.3,49.5,53.0,53.0,49.5,52.0,56.0,,,,,
10/31/2016,51.9,52.1,54.6,52.9,52.2,47.5,49.5,54.5,45.5,52.5,54.5,,,,,
11/30/2016,53.2,53.0,56.0,52.3,55.7,49.0,49.0,54.5,49.0,52.0,54.5,,,,,
12/31/2016,54.5,60.3,59.4,52.8,53.0,47.0,49.0,65.5,49.0,56.0,54.0,,,,,
1/31/2017,56.0,60.4,61.4,56.1,53.6,48.5,48.5,69.0,49.5,54.5,54.0,,,,,
2/28/2017,57.7,65.1,62.9,54.2,54.8,51.5,47.5,68.0,57.0,55.0,54.0,,,,,
3/31/2017,57.2,64.5,57.6,58.9,55.9,49.0,47.0,70.5,57.5,59.0,54.0,,,,,
4/30/2017,54.8,57.5,58.6,52.0,55.1,51.0,45.5,68.5,57.0,59.5,54.5,,,,,
5/31/2017,54.9,59.5,57.1,53.5,53.1,51.5,49.5,60.5,55.0,57.5,54.5,,,,,
6/30/2017,57.8,63.5,62.4,57.2,57.0,49.0,50.5,55.0,57.0,59.5,56.5,,,,,
7/31/2017,56.3,60.4,60.6,55.2,55.4,50.0,49.0,62.0,55.0,57.5,56.5,,,,,
8/31/2017,58.8,60.3,61.0,59.9,57.1,55.5,41.0,62.0,57.5,55.5,53.8,,,,,
9/30/2017,60.8,64.6,62.2,60.3,64.4,52.5,42.0,71.5,58.0,57.0,53.8,,,,,
10/31/2017,58.7,63.4,61.0,59.8,61.4,48.0,43.5,68.5,55.0,56.5,60.5,,,,,
11/30/2017,58.2,64.0,63.9,59.7,56.5,47.0,45.5,65.5,55.0,56.0,60.5,,,,,
12/31/2017,59.3,67.4,65.2,58.1,57.2,48.5,42.9,68.3,54.9,57.6,59.7,,,,,
1/31/2018,56.6,58.2,60.5,55.5,56.2,52.8,42.8,49.6,50.3,51.8,59.7,,,,,
2/28/2018,60.8,64.2,62.0,59.7,61.1,56.7,43.7,74.2,59.8,62.8,57.8,,,,,
3/31/2018,59.3,61.9,61.0,57.3,60.6,55.5,42.0,78.1,59.8,58.7,57.8,,,,,
4/30/2018,57.3,61.2,57.2,54.2,61.1,52.9,44.3,79.3,62.0,57.7,54.1,,,,,
5/31/2018,58.7,63.7,61.5,56.3,62.0,50.2,39.6,79.5,63.5,55.6,54.1,,,,,
6/30/2018,60.2,63.5,62.3,56.0,68.2,50.8,39.7,76.8,60.1,56.3,59.0,,,,,
7/31/2018,58.1,60.2,58.5,56.5,62.1,53.3,39.4,73.2,54.7,55.3,54.7,,,,,
8/31/2018,61.3,65.1,63.3,58.5,64.5,55.4,41.0,72.1,57.5,55.2,53.9,,,,,
9/30/2018,59.8,61.8,63.9,58.8,61.1,53.3,40.5,66.9,55.7,56.0,54.5,,,,,
10/31/2018,57.7,57.4,59.9,56.8,63.8,50.7,43.3,71.6,55.8,52.2,54.3,,,,,
11/30/2018,59.3,62.1,60.6,58.4,62.5,52.9,41.5,60.7,56.4,52.2,53.6,,,,,
12/31/2018,54.3,51.3,54.1,56.0,59.0,51.2,41.7,54.9,50.0,52.8,52.7,,,,,
1/31/2019,56.6,58.2,60.5,55.5,56.2,52.8,42.8,49.6,50.3,51.8,53.8,,,,,
2/28/2019,54.2,55.5,54.8,52.3,54.9,53.4,39.0,49.4,52.3,52.8,55.3,,,,,
3/31/2019,55.3,57.4,55.8,57.5,54.2,51.8,42.7,54.3,50.4,51.7,51.1,,,,,
4/30/2019,52.8,51.7,52.3,52.4,54.6,52.9,42.6,50.0,53.9,49.5,49.8,,,,,
5/31/2019,52.1,52.7,51.3,53.7,52.0,50.9,43.7,53.2,47.2,51.0,49.4,,,,,
6/30/2019,51.7,50.0,54.1,54.5,50.7,49.1,44.6,47.9,47.4,50.5,50.0,,,,,
7/31/2019,51.2,50.8,50.8,51.7,53.3,49.5,45.7,45.1,43.1,48.1,47.0,,,,,
8/31/2019,49.1,47.2,49.5,47.4,51.4,49.9,44.9,46.0,46.3,43.3,46.0,,,,,
9/30/2019,47.8,47.3,47.3,46.3,51.1,46.9,45.5,49.7,45.1,41.0,48.1,,,,,
10/31/2019,48.3,49.1,46.2,47.7,49.5,48.9,47.8,45.5,44.1,50.4,45.3,,,,,
11/30/2019,48.1,47.2,49.1,46.6,52.0,45.5,45.0,46.7,43.0,47.9,48.3,,,,,
12/31/2019,47.8,47.6,44.8,45.2,54.6,49.2,41.1,51.7,43.3,47.3,48.8,,,,,
1/31/2020,50.9,52.0,54.3,46.6,52.9,48.8,43.8,53.3,45.7,53.3,51.3,,,,,
2/29/2020,50.1,49.8,50.3,46.9,57.3,46.5,41.8,45.9,50.3,51.2,42.6,,,,,
3/31/2020,49.1,42.2,47.7,43.8,65.0,46.9,43.4,37.4,45.9,46.6,42.1,,,,,
4/30/2020,41.5,27.1,27.5,27.5,76.0,49.7,48.8,35.3,37.8,35.3,42.7,,,,,
5/31/2020,43.1,31.8,33.2,32.1,68.0,50.4,46.2,40.8,38.2,39.5,41.3,,,,,
6/30/2020,52.6,56.4,57.3,42.1,56.9,50.5,44.6,51.3,45.3,47.6,48.8,,,,,
7/31/2020,54.2,61.5,62.1,44.3,55.8,47.0,41.6,53.2,51.8,50.4,53.1,,,,,
8/31/2020,56.0,67.6,63.3,46.4,58.2,44.4,38.1,59.5,54.6,53.3,55.6,,,,,
9/30/2020,55.4,60.2,61.0,49.6,59.0,47.1,37.9,62.8,55.2,54.3,54.0,,,,,
10/31/2020,59.3,67.9,63.0,53.2,60.5,51.9,36.7,65.5,55.7,55.7,58.1,,,,,
11/30/2020,57.5,65.1,60.8,48.4,61.7,51.2,36.3,65.4,56.9,57.8,55.1,,,,,
12/31/2020,60.5,67.5,64.7,51.7,67.7,51.0,37.9,77.6,59.1,57.5,54.6,,,,,
1/31/2021,58.7,61.1,60.7,52.6,68.2,50.8,33.1,82.1,59.7,54.9,56.8,,,,,
2/28/2021,60.8,64.8,63.2,54.4,72.0,49.7,32.5,86.0,64.0,57.2,56.1,,,,,
3/31/2021,64.7,68.0,68.1,59.6,76.6,50.8,29.9,85.6,67.5,54.5,56.7,,,,,
4/30/2021,60.7,64.3,62.5,55.1,75.0,46.5,28.4,89.6,68.2,54.9,52.2,,,,,
5/31/2021,61.2,67.0,58.5,50.9,78.8,50.8,28.0,88.0,70.6,55.4,54.0,,,,,
6/30/2021,60.6,66.0,60.8,49.9,75.1,51.1,30.8,92.1,64.5,56.2,61.0,,,,,
7/31/2021,59.5,64.9,58.4,52.9,72.5,48.9,25.0,85.7,65.0,55.7,53.7,,,,,
8/31/2021,59.9,66.7,60.0,49.0,69.5,54.2,30.2,79.4,68.2,56.6,54.3,,,,,
9/30/2021,61.1,66.7,59.4,50.2,73.4,55.6,31.7,81.2,64.8,53.4,54.9,,,,,
10/31/2021,60.8,60.6,59.3,52.0,75.6,57.0,31.7,85.7,63.6,54.6,49.1,,,,,
11/30/2021,61.1,61.4,61.5,53.3,72.2,56.8,25.1,82.4,61.9,54.0,52.6,,,,,
12/31/2021,58.8,61.0,59.4,53.9,64.9,54.6,31.7,68.2,62.8,53.6,53.8,,,,,
1/31/2022,57.6,57.9,57.8,54.5,64.6,53.2,33.0,76.1,56.4,53.7,55.1,,,,,
2/28/2022,58.6,61.7,58.5,52.9,66.1,53.6,31.8,75.6,65.0,57.1,55.4,,,,,
3/31/2022,57.1,53.8,54.5,56.3,65.4,55.5,34.1,87.1,60.0,53.2,51.8,,,,,
4/30/2022,55.4,53.5,53.6,50.9,67.2,51.6,37.1,84.6,56.0,52.7,51.4,,,,,
5/31/2022,56.1,55.1,54.2,49.6,65.7,55.9,32.7,82.2,58.7,52.9,48.7,,,,,
6/30/2022,53.0,49.2,54.9,47.3,57.3,56.0,35.2,78.5,53.2,50.7,50.7,,,,,
7/31/2022,52.8,48.0,53.5,49.9,55.2,57.3,39.5,60.0,51.3,52.6,54.4,,,,,
8/31/2022,52.8,51.3,50.4,54.2,55.1,53.1,38.9,52.5,53.0,49.4,52.5,,,,,
