,year,quarter,gross_domestic_product_zscore,personal_consumption_expenditures_zscore,gross_private_domestic_investment_zscore,exports_zscore,imports_zscore,government_consumption_expenditures_and_gross_investment_zscore,residual_zscore,gross_domestic_product_chg_zscore,personal_consumption_expenditures_chg_zscore,gross_private_domestic_investment_chg_zscore,exports_chg_zscore,imports_chg_zscore,government_consumption_expenditures_and_gross_investment_chg_zscore,residual_chg_zscore
20,1952,Q1,1.490263873133172,-0.9149102600862367,-0.6671672585966484,-0.42965497144607756,0.1319888858050368,5.8794395497797,0.13700962609146894,,,,,,,
21,1952,Q2,1.1381208057796224,-0.3908596970163341,-1.5620522824592913,-1.8944818896635551,-0.13582759713990933,5.6950698759789855,0.12044770438219023,-0.8649696192146566,1.2951323295982746,-1.8088719562820215,-2.9607843146041737,-0.5418523118458883,-0.8316340415213321,-0.01146909150197498
22,1952,Q3,1.006998322527638,-0.4711732820437567,-0.9504957199497251,-2.755135807608093,0.5133642629570948,5.055323826310806,0.1263208387880685,-0.30969570869480784,-0.20526644789998313,1.2209214391347056,-1.7364503097019088,1.3121766752889965,-3.1869519687726156,0.0047182009723054676
23,1952,Q4,1.8034349115142496,0.5988513038354999,-0.16751953253402424,-2.56614444224954,1.4979548237428384,4.640462614977152,0.1063467831250499,2.0206273034071245,2.650571362419663,1.5656849215583086,0.3906166278353278,1.990293639046929,-2.0237926145190883,-0.013931006907361243
24,1953,Q1,2.0128783926225697,0.680544656291023,-0.009522579370381442,-2.6570886724044476,0.7725262181774578,4.574483769298355,0.09643243810725949,0.5459141684983924,0.19693313940330662,0.30871088861918344,-0.17666239425745656,-1.4670632400127612,-0.21928773926425124,-0.006672746549771694
25,1953,Q2,1.8048954487855857,0.5362852561500198,-0.05116173215427658,-2.490169689390905,1.2081085316810523,4.300572918853483,0.08986196619805778,-0.5027935990423301,-0.36401878806542826,-0.09280229367630156,0.3458877699386776,0.8802958812722688,-1.294762894385978,-0.004260082559640737
26,1953,Q3,1.1334688972398992,0.08492446186164224,-0.3978207566796835,-1.956851628322571,0.8272094132525293,3.464444925523295,0.0732111071624861,-1.6671111462241963,-1.1264309162456876,-0.7062659694228053,1.0883818079454486,-0.7704854379444676,-4.2026873845909405,-0.011533261366547429
27,1953,Q4,0.1980351854915583,-0.48107251366446474,-1.2973443798979802,-2.29230276407898,-0.16845430704416772,2.9070351765958997,0.06010156702880497,-2.3303809898311747,-1.4110275236514258,-1.8182012245516188,-0.6721465003431436,-2.0134309365067304,-2.7610884952252692,-0.00897813672075383
28,1954,Q1,-0.2568321218809021,-0.5913357617618472,-1.3529724363180708,-2.700053379061884,-1.1172803902328923,1.9919169940406276,0.04978475678818152,-1.1230455386695997,-0.27961969667908837,-0.12093713025375799,-0.8186586929001336,-1.9187335026763894,-4.611243951462473,-0.006963132374495499
29,1954,Q2,-0.4564634596896726,-0.34450523127097693,-1.3499275140495917,-1.0989498464181182,-0.04544595606933057,1.071540781013128,0.03242732971629626,-0.48181171196037315,0.6069038843983364,-0.0029325524936930575,3.252209159051517,2.1666853495692404,-4.638439770326988,-0.012043062786168518
30,1954,Q3,-0.28156933619576774,-0.0997972361772297,-0.8058802781538226,-1.5157967219454682,-1.0500607081764224,0.49200577769297166,0.023447053644207554,0.45911520818214774,0.6016344627672452,1.085144975079381,-0.8370919249329861,-2.0315283426722917,-2.87552571919631,-0.005998799173058817
31,1954,Q4,0.1663645290743418,0.4008488427242236,-0.3392805878577076,-0.9716413178017097,-0.992948859537175,0.2473379358206123,0.020564296319205668,1.1450777657407365,1.2370281889988166,0.9293805138007003,1.1103432786567173,0.11509541395131456,-1.143510905948074,-0.0015993308222834466
32,1955,Q1,0.8861621949263525,0.9111841319242725,0.7241579674079066,-0.5811416290948733,-0.31146833525837164,0.13879407975625466,0.02260136413196228,1.8280859855024336,1.2610826921203275,2.1297579247611367,0.7989657139988761,1.377458654240611,-0.43944437748196186,0.001950410618898448
33,1955,Q2,1.1047559475618531,1.245868779912524,1.2732889793045579,-0.9664624433660146,0.2939084740954833,-0.12884053927939954,0.019433107780819858,0.5689025569956428,0.8250111478855012,1.095369593870172,-0.7732055400412895,1.2235903775012256,-1.2623006913884092,-0.001805323453348757
34,1955,Q3,1.2031895396916823,1.2839376834198044,1.2080261448277319,-0.2272502136858323,0.301201221132224,-0.10464011665357917,0.016443094804841865,0.2670220670679886,0.08863076892510616,-0.1403148394106735,1.5056186456205602,0.014369985240749134,0.2471414796421092,-0.0016767176842978724
35,1955,Q4,1.0211801494564539,1.3276271388457181,1.2480085939825278,-0.30972106506203195,0.5813649114772897,-0.5086939255365304,0.01462832804751271,-0.4375397823574726,0.10258439151197238,0.07135713521514059,-0.15949140884350485,0.5660668618059506,-1.967894087304825,-0.0008287566106588222
36,1956,Q1,0.5048809910529565,0.9420492396340171,0.6317208395406043,0.1575408484409061,0.9064893454170487,-0.554331867095812,0.014463901692197006,-1.277381861194209,-0.9631178281611722,-1.2485500861823249,0.9545214936635773,0.6569695482866196,-0.11407961106934382,0.0003619933759866392
37,1956,Q2,0.4776987146804276,0.6643567262119732,0.3564997712412939,0.8377211901404997,0.5324266485916571,-0.2692534644796721,0.01346631030115119,-0.048564894255933855,-0.695280794051296,-0.5625881461909538,1.3859927308650757,-0.7566634003189049,1.5964661606289277,-0.00023915003294809945
38,1956,Q3,0.12789614271870364,0.375783523849853,0.09969738243565551,1.0128135365956925,0.4064735085715878,-0.4757645139680833,0.009727009320281362,-0.8590895513736652,-0.722293270611041,-0.5255440324416689,0.3624507854847494,-0.25502967605385385,-0.9461546487704401,-0.0022173423219362864
39,1956,Q4,0.4279348992273357,0.5586832293014853,-0.1309911483076418,1.336872001558283,-0.4730670802161053,-0.11569779786571371,0.014469569254295501,0.7735182762815718,0.4481887586991848,-0.4730231810512971,0.6643250572322686,-1.7786504641934917,1.9843240479688293,0.003902471359413808
40,1957,Q1,0.343627488949217,0.4635658998052769,-0.4040093054511078,1.885430416267723,0.4353059261811172,0.15064015880739934,0.01655041575390098,-0.19208137540933876,-0.24201833030943706,-0.5581575955934092,1.1192658150114907,1.836195199008654,1.49953599333553,0.001981997720999956
41,1957,Q2,-0.03682680905618513,0.17610938168852477,-0.4795579637614582,1.0825976011558702,0.3041175222051443,-0.04178399485536535,0.018435741714058415,-0.9360964231708867,-0.7195209822781269,-0.16100194828973752,-1.619278005797189,-0.2656144555743425,-0.8732937801883531,0.001840926170274645
42,1957,Q3,0.04579896390742718,0.1560500100501289,-0.2773008302952288,0.4173889059739569,-0.1795137229593854,0.006891338631284743,0.02131054532069228,0.22730780424990527,-0.05567890470664298,0.39772808196663095,-1.3403878702749927,-0.9781916625647792,0.37373170121119426,0.002554851911225016
43,1957,Q4,-0.5884607945411646,-0.14609874574470028,-1.2504944870194097,-0.16277846916460886,-0.29858964559572776,0.18218731515798803,0.018550323807025176,-1.5737363565936426,-0.7559960371275927,-1.9663682580266943,-1.1680548135117634,-0.24112515656174027,1.028644617903916,-0.0015109190524858502
44,1958,Q1,-1.6947280956007809,-0.9566186464073682,-1.9678743356201778,-1.553282161161889,-0.2534852537022071,-0.07245125038340074,0.023993851997427183,-2.759569228431716,-2.018081894927785,-1.4518690611642304,-2.81017107439926,0.09081845612724883,-1.195081925987481,0.004408232438106677
45,1958,Q2,-1.5620363344393426,-0.8486729469794865,-2.095405581262596,-1.4920765821624582,0.1612488126987497,0.2468832753746633,0.031739580699746625,0.35308946917335077,0.26210740466671173,-0.26555064184688476,0.1316635075999464,0.8381444060403005,1.7736472030152464,0.006069311101318435
46,1958,Q3,-0.8803805493129548,-0.44194003264031817,-1.225987637083791,-1.4498885540097015,-0.25903835850934687,0.2238013378188005,0.03713461917669804,1.7322614660297782,1.003878691723287,1.7395387676671221,0.09312515156446914,-0.8501211273623853,0.0025855551795656226,0.004373246246425681
47,1958,Q4,-0.24834826923363548,-0.18773344460697616,-0.2901819106915324,-1.490943588732023,0.28556260154762714,0.43839332767751865,0.03850204437148812,1.607591459327936,0.6252157378633756,1.8730595532762557,-0.0755638042546976,1.1007123391833087,1.2318932042937765,0.0014672515461228765
48,1959,Q1,0.18334643055955852,0.22196449015665345,0.2583687117185649,-0.6618885077725767,0.4246868106768336,0.12969438960552285,0.025564196650185174,1.104279823980696,1.0112396727380026,1.0942022998648562,1.6876818259826216,0.28090992895053496,-1.4746953871220572,-0.008854257588002167
49,1959,Q2,0.691168968194944,0.4837329205007624,1.041891030802757,-0.846498427715837,0.8596111948630334,0.22586940739407438,0.032444577654551325,1.2955371332937031,0.6439888219293785,1.5667833153740336,-0.36647241398475283,0.8789656643389211,0.6194116791457676,0.005444947328532875
50,1959,Q3,0.37621193797996383,0.527495486141675,0.0008625815818295902,0.24467561337030994,0.7033626294328911,0.25096674114813755,0.01955814259633364,-0.7715464824393902,0.10276589545715525,-2.1027993072923015,2.218856102336848,-0.31628167808202806,0.2517805232364924,-0.008817162436112603
51,1959,Q4,0.17094897301244696,0.2127197622631961,0.2744597792559949,-0.5681748105561377,0.08075149511007385,-0.004118777562627915,0.025339868748646494,-0.49596014816932765,-0.7873438388392959,0.5412090222972337,-1.6395783156653503,-1.259184463866338,-1.1973936770318108,0.0046522482897076904
52,1960,Q1,0.6772511592382272,0.2508577753649318,1.321773359111475,0.8835558651646158,0.3932392362298251,-0.3738335738008591,0.025527073162090776,1.2917175276401955,0.08880234090097623,2.097326966640461,2.949510647106054,0.6314203862014697,-1.7902843201487064,0.0006157012369189977
53,1960,Q2,0.14684981157460128,0.4014265659230336,-0.13722279092293393,0.9969776024054989,0.25934405296184676,-0.24879117950423169,0.015624652187368823,-1.3128110399252009,0.3679237970293514,-2.9434265117442315,0.2374776007677755,-0.2710870854661352,0.7687208067276785,-0.006664143140373724
54,1960,Q3,0.037520042272739876,-0.096888062333607,-0.2600358411086212,1.0172342821867875,-0.3641715326588082,0.07771555376466767,0.024065656644204233,-0.2549454891841918,-1.2429988419021463,-0.2560612878869263,0.048682093744248825,-1.2610131047248063,1.8107436134209398,0.006570964938547861
55,1960,Q4,-0.6831467970623494,-0.3393541426058966,-1.6354337097948195,0.8093672472084669,-1.1424689644364066,0.0898306874663228,0.009268989924860093,-1.7908183894526377,-0.60782739794911,-2.7752915352617014,-0.41360208840000184,-1.5739546735062557,0.18463341122315763,-0.010195428593931305
56,1961,Q1,-0.6427582868904134,-0.6177040123144945,-1.307204709166611,0.46708299301404493,-1.263086797368705,0.23096687806791408,0.01890502021070242,0.12119438420206392,-0.6969127514925696,0.6510858852750266,-0.6859935594791937,-0.24424262698167218,0.8519618551514206,0.007433197353263577
57,1961,Q2,-0.25202252601589564,-0.29731173720267406,-0.5336699165209335,-0.34238749888647346,-1.153971090003825,0.15503430953672964,0.026704745178386155,1.0013779595386685,0.7895288002663419,1.5466961497555958,-1.6327290097352045,0.2202380358824864,-0.2707708269243364,0.006108270368256937
58,1961,Q3,0.17865434339402436,-0.3831098452579025,0.292292422155648,0.09362213444378628,-0.3747042843644533,0.39592164888523435,0.034590134901058354,1.101722710762197,-0.21888236418487123,1.652139755494645,0.8911899159054564,1.5751652526181215,1.3678991794361006,0.006170079014360523
59,1961,Q4,0.5844351255593322,0.11182769650689571,0.3506297851643407,0.1392232578929813,-0.20213999027604124,0.6230308333731058,0.032728192107585624,1.0391758318045046,1.2228561336773593,0.10827300189796481,0.10004166162286918,0.3485198774499721,1.2966351945930683,-0.0008627949607709641
60,1962,Q1,0.8887807353985171,0.19927929468654085,0.8443340864780231,-0.10734320950535918,0.04051125183879684,0.7856037684950714,0.03889284535470707,0.7843384598432647,0.21122860162125387,0.9838939925769524,-0.49202504186009155,0.4902233136801761,0.9628379377645393,0.004928537007158479
61,1962,Q2,0.8486192211212682,0.34345969497215706,0.5422086500678857,0.46283730822328895,0.14615759346629617,0.6936589220946632,0.028647177038447214,-0.08117286249661836,0.3520639334269268,-0.6166988913718182,1.1630821986829845,0.21322359082003609,-0.3535902420722324,-0.0069118022092868455
62,1962,Q3,0.9298682915193042,0.31145938496335857,0.5778626166837889,0.2332702877230733,0.11585933619798698,0.9123245127116241,0.03341391106460742,0.22384909012009815,-0.08532356412189505,0.06265158172594347,-0.45757629805243705,-0.06163238940055362,1.252962863157999,0.0039199133973503355
63,1962,Q4,0.6797632895145633,0.5140330748306791,0.0485853859528458,-0.3681772021783085,0.07770574484424819,0.8384600144095563,0.030554977675868962,-0.6086175884821863,0.4970315338021594,-1.0735523216117553,-1.211178170763028,-0.07751448819335485,-0.2600742621845113,-0.0015821414280512568
64,1963,Q1,0.7289792239239967,0.4244785634906321,0.5514348755160912,-0.2925093288263853,-0.43091557449231666,0.42497029324346214,0.030400912396241625,0.14337167776093201,-0.22820803797620365,1.0022870263387822,0.16097080659653074,-1.0287171809607272,-2.0166989321282323,0.0003694690765890742
65,1963,Q2,0.7836373951487053,0.43735826440778974,0.5724634337056675,0.5728861275495696,-0.258437742651727,0.2993992728344307,0.019312298716295844,0.1570443052706136,0.02609587354562381,0.033236590626242866,1.7613242385916685,0.3483450660483399,-0.5275130335576477,-0.007520002298993961
66,1963,Q3,1.216003687291995,0.6044078719167103,0.770996685292896,0.2807017024944604,-0.07488793743223254,0.9039687327250142,0.02806852935646914,1.105967077283499,0.4088391916354506,0.3902385166065297,-0.5844681281419052,0.3707306416486441,3.2489520045892992,0.006798406242864198
67,1963,Q4,1.0527204394253784,0.5566496681687844,0.722486705454915,0.5896708048328257,-0.29616733748891116,0.5370844387227948,0.018702778269713477,-0.39049376470152314,-0.12444422436715959,-0.10662107471490218,0.6337470278188488,-0.44776254558996703,-1.7756442707019084,-0.006276926260056651
68,1964,Q1,1.425932152300616,0.9449051397283181,0.9887981385707582,1.024479349413168,-0.4574748873752281,0.4396897486726832,0.015223732863197937,0.9573519847623725,0.9580064594852604,0.5265557084621283,0.8887559544428209,-0.326510051573264,-0.3817781655770707,-0.0020295632908293145
69,1964,Q2,1.39628755578959,1.219656715480981,0.7210429384085907,0.6893312230110008,-0.2958897100137451,0.4490555800068226,0.017615474551862003,-0.05475102455602787,0.6762208720276572,-0.5475726034858154,-0.6715324632113394,0.3263220416076729,0.1704133473445499,0.0022063141358244364
70,1964,Q3,1.540307578990137,1.4974340318736903,0.8154981977836071,0.863481461581491,-0.08986394846028906,0.32809960884093087,0.017035157825223933,0.3815496616365065,0.6837325974859667,0.1809142279879592,0.36054163906641074,0.4161730576014905,-0.5036428707789837,6.192106757444819e-05
71,1964,Q4,1.2158238605574385,1.1406735660845082,0.7281025152430202,0.8704889346158758,0.09510223186808373,0.194384352461239,0.01488792703735307,-0.795480549225337,-0.891575460841888,-0.1848289828676611,0.021833071442877355,0.3735943020814442,-0.569637012758194,-0.0010686353286764186
72,1965,Q1,1.685012388579863,1.574113084901678,1.6938151558090333,-0.9428954385466446,-0.598875622397511,0.0622116550819938,0.025789376618991836,1.198476229740067,1.0701806999348498,1.9332090949914087,-3.6671229701856327,-1.4034753729890632,-0.5616585205479343,0.008346219907720945
73,1965,Q2,1.6909542880714146,1.5275747840189817,1.4127450241197315,0.9649478755747478,0.8192852604887837,0.15657172822999318,0.014293791351773394,0.03465355681984004,-0.12141568474676771,-0.5743519303221699,3.8738058622303906,2.866896290740641,0.6100243418234966,-0.007813639545903013
74,1965,Q3,2.0431380023194943,1.723993361928868,1.577992942748026,0.3962464283921902,0.5946859863210553,0.5893005102077234,0.021543860765084393,0.9045229730412627,0.4817508086212011,0.32329421363751476,-1.1448195390325027,-0.4544747449742243,2.3601500140421345,0.0057116840983998645
75,1965,Q4,2.3890473052658865,2.3255072272527486,1.3643095287012565,0.9807417254560337,1.0150151360283448,0.7495240633317688,0.018502371223354304,0.8887596588962924,1.487443280485669,-0.4388220605289238,1.1920905640101909,0.8494566767672648,0.950686359793192,-0.0017138589430994399
76,1966,Q1,2.7480507147964452,2.3442677323987158,2.0973973743634984,0.3782482268977746,1.067678402595387,0.8881964297015937,0.028553231170326793,0.9216562137457384,0.04069560038810877,1.4653482276431309,-1.2132978682130273,0.10610116632412572,0.8392183539725974,0.007732504340384683
77,1966,Q2,2.297280242519277,1.8790345511948519,1.5329044689461915,0.564233102418013,1.1053249827473912,1.0182639003629455,0.031027132766289243,-1.1127529876234385,-1.160870603699859,-1.1443789766544066,0.3845240885414845,0.0757400773379147,0.7947117300053644,0.0022655939719109747
78,1966,Q3,2.0844061609439546,1.8134188133663651,1.1448129267785703,0.18722066227127657,1.5821987038336047,1.2773787852653498,0.03352532724803144,-0.5150816906239282,-0.16877746681371844,-0.7895960961555464,-0.7563689303924579,0.9637798180964668,1.4621765005446161,0.0022831217215694825
79,1966,Q4,1.8852958060243403,1.471959149082643,0.9754928176506279,0.3285997854177902,1.3603916212544258,1.3392592923865527,0.04392102693395133,-0.4805028374618661,-0.853589581060948,-0.34959746034671,0.2941321984359526,-0.44882942649693297,0.4420320870945866,0.007981312352383588
80,1967,Q1,1.7316963059155697,1.2315080810063619,0.44873770835528426,0.29632442982871504,1.2255867025160891,1.8230985534442234,0.04980013129875372,-0.3661651144636065,-0.6028249141898511,-1.06847976723119,-0.057772112619837744,-0.27292640998860773,2.624505905183975,0.004722508403972599
81,1967,Q2,1.2960091080084546,1.3225549879683016,-0.14797192517258517,-0.0661624920406092,0.773652708609188,1.45120442016368,0.03179214070311224,-1.0748590114720833,0.22015434104286963,-1.209174074542259,-0.7269335104749326,-0.9141054161417705,-1.8015563840442115,-0.012512455952741697
82,1967,Q3,1.2279125742326875,1.0730938851612835,0.09919202598129213,-0.30675416120206056,0.6814279786441392,1.3880558180667049,0.03499196198664794,-0.1513545045388925,-0.6251932911655111,0.48804580876735776,-0.47991733653305985,-0.18683678510965582,-0.20464902764014367,0.0027893579524988247
83,1967,Q4,1.0988255105500244,0.8890353102719227,0.23491184646524993,-0.20022747382441436,1.1445711040278386,1.272166950294139,0.031416305203806894,-0.3045820882218554,-0.46282450532359154,0.26390655629570287,0.22350503991311316,0.9360189774931595,-0.4774345734363693,-0.0020992701191473004
84,1968,Q1,1.443631442524593,1.4120845791517112,0.339259089731584,0.0221359211252543,1.6566590835862203,1.3455449327756233,0.029658264008856194,0.8859876405489102,1.2926465094458164,0.20080923602053602,0.4582437985671364,1.0349768322384345,0.501499840077191,-0.0007878281073256967
85,1968,Q2,1.62196032254303,1.5449780604179775,0.6483123560698902,0.07024918256564473,1.4875627393089499,1.1933885480902082,0.03765340552324715,0.46774440756107966,0.3240429471528915,0.6125191637842026,0.1051324153742582,-0.34225761885030537,-0.6650190360668689,0.006249266886368009
86,1968,Q3,1.4571225232500489,1.8002398534409556,0.1324259986998479,0.8000172923337725,1.983374754658363,1.0206108649433725,0.02410901535802398,-0.3943992916601565,0.6278353973541717,-1.0466202586398197,1.4864804895800232,1.0020697058573427,-0.7716774323371219,-0.009291888761617476
87,1968,Q4,1.1727241023065726,1.4738058692118527,0.13928140262097796,0.2587309361974918,1.4157417604299918,0.8323208657889719,0.020982958443553777,-0.6947735495507567,-0.816286719771101,0.004731184520074041,-1.089263881629267,-1.148028370067089,-0.8519109225268688,-0.0017748758083704344
88,1969,Q1,1.3404843953307604,1.439134084277565,0.708887138823806,-1.4243885680444153,-0.335744793336907,0.6872778621447525,0.02871522660663606,0.4411927601078763,-0.09195578697121581,1.1365488769150742,-3.403146081791757,-3.541571277895174,-0.628226890541574,0.006059599082575312
89,1969,Q2,1.0362797334553018,1.2282656246859196,0.4476068646432898,1.0514848832356898,2.095642232394257,0.4686732507838069,0.016624714259521497,-0.7445331178719868,-0.5293829177622117,-0.5345500686909137,5.0248977058224265,4.915460683432673,-1.00870550690058,-0.008242890027547316
90,1969,Q3,0.8938431864031848,0.9797030795868309,0.5329175241290337,0.5457489451953218,1.4405866188709715,0.36027426011627084,0.0187156200764587,-0.33812023067183655,-0.6229625253420698,0.162522377551217,-1.0172222880068182,-1.3247814732791645,-0.4386950982390009,0.001989255697574849
91,1969,Q4,0.35653692415468485,0.8783345263126452,-0.22361152823644295,0.6655543916566525,0.91582853403079,0.006358623477575892,0.011237377953521982,-1.3301583785856883,-0.25753766338681033,-1.530606929313358,0.2504139489204924,-1.061342872132803,-1.7085672047858262,-0.004915054932954353
92,1970,Q1,0.0004473436548471539,0.7197693110397831,-0.6539875387305099,0.6018987890947488,0.5703126349534499,-0.16577265275159914,0.004589132525217959,-0.8748845137778268,-0.399534507524519,-0.874639687638369,-0.12136301031587672,-0.6989468147323514,-0.7683340577526033,-0.0043161975385380925
93,1970,Q2,-0.21510281017221056,0.5129803839193595,-0.6696689727817512,0.8820553011702187,0.5882787343931769,-0.4283881327890391,0.00954406117168447,-0.5218048341270327,-0.5192550411304567,-0.040595473652383314,0.5753593904827837,0.03594961959761719,-1.2363404776216314,0.004055699166966758
94,1970,Q3,-0.13523518364776493,0.48991466317911814,-0.5240674239046975,0.6740628655748239,0.3005041062341918,-0.40962040814909284,0.009808314346566257,0.22037846431856786,-0.06314248859285246,0.2837809382110374,-0.4138562080638238,-0.5822041581917212,0.2190422377016458,0.0006712932902558929
95,1970,Q4,-0.7619176696481469,0.031487915897203164,-1.182553337868157,0.4655793458097961,0.2892852347957654,-0.45303798280794505,-0.0026764890913960867,-1.5546998414179412,-1.1439729019288893,-1.3334200912151664,-0.4148513717799769,-0.023057239399202956,-0.10259533071840495,-0.008527378070492041
96,1971,Q1,-0.010077447430061242,0.4520714783106465,0.08453724731728034,0.3772729830234508,-0.09700738281333292,-0.7333113393134749,0.017871591650773316,1.9085870648420258,1.038264410174035,2.539348034856409,-0.17131685462179816,-0.7813901411554584,-1.3276713309695998,0.015306436061649845
97,1971,Q2,-0.08465648228208988,0.4524213817021308,0.30108684433120897,0.0789979076829083,0.7439526285337104,-0.7875327319944415,0.01100400516362854,-0.16764060629360858,-0.0050106918405039835,0.42647344591090147,-0.5968106033154977,1.6998980236547163,-0.15847531839183757,-0.004474456018162528
98,1971,Q3,-0.05228426625821646,0.40650228631630875,0.3033812593439079,0.5453804214971234,0.7783006968695211,-0.8089996256923225,0.00765357596776628,0.1010549070688998,-0.11987844073013432,-0.004441991656382836,0.9527394230607572,0.06907106874270041,0.010938956791046025,-0.001936764404653509
99,1971,Q4,-0.22939542249936493,0.6932866669602991,-0.16018839445825353,-0.8785296964543053,-0.47036393745092897,-0.931228668252822,-0.005287638428213037,-0.42523386272745217,0.7060935999279815,-0.9413995820640627,-2.877867948075238,-2.524954121580086,-0.5102275072188476,-0.008856686703729466
100,1972,Q1,0.17181433540513524,0.8208671084119956,0.5106123694651018,0.402821238764242,1.3055300765435147,-0.8442126676365201,-0.00607822427668311,1.0276919669568148,0.31085275632559495,1.3400748744779907,2.60424247069129,3.5901695300362304,0.572039003519572,-8.979184795979312e-05
101,1972,Q2,0.686757590222976,1.1603362781912516,1.0272911056426905,-0.17425697038048132,0.44030142063052985,-0.7890221501987166,0.009383271237430204,1.3134266366251706,0.836889236069152,1.0301007566783893,-1.1617947340786534,-1.7497142624533686,0.4074298251647251,0.011636374245924256
102,1972,Q3,0.6827174399831728,1.3268262656005192,0.9747163831917467,0.44070013840915573,0.4879747389025986,-1.1024413538782643,0.005619100006186298,0.009575477274154478,0.4074498747541856,-0.1147961877987632,1.2538202870033917,0.09601237176365841,-1.4991097546563332,-0.00223528665043038
103,1972,Q4,0.9381546322483989,1.786404606856219,0.8306851128652462,0.7766597002014871,0.8691939251751419,-0.957347139984816,-0.008421936992730288,0.6614649800086891,1.135073128374696,-0.29873590854709337,0.6884421851702994,0.770383234912562,0.8724337191079787,-0.009650228295610857
104,1973,Q1,1.4540414025771653,1.9987723908230866,1.345556588188135,1.483139488099194,1.2281444264514354,-0.8199981306727724,-0.007788473217066835,1.3157970472795328,0.5213464222016893,1.0264659479669866,1.4392875756792287,0.7253598850142785,0.8323736277910746,0.0009376853130251128
105,1973,Q2,1.4211818416257542,1.4550361451877254,1.6133456256857739,1.796308165193733,0.46889672899399915,-0.9411033740479317,0.0011672941314796082,-0.06282803640653678,-1.3557628756417042,0.52952750374281,0.6422573091087938,-1.5354394736230819,-0.5044149431331066,0.0069423755309824114
106,1973,Q3,0.8079736670675715,1.128891128134274,0.8418003545425136,1.4577571370709252,-0.15832609239204598,-1.123208559361408,-0.013188248143864417,-1.5208480911998072,-0.8155693277840856,-1.560807928070053,-0.6784283163693559,-1.2685084809919143,-0.8199215535384342,-0.009877149452754563
107,1973,Q4,0.7930640140333497,0.5869564466635824,1.0744372123985415,1.788017934378279,-0.22652188417706845,-0.9893003292139582,0.0037308690034179126,-0.017732166249625488,-1.3512902994990512,0.4588285515390702,0.6768938519251274,-0.13825451401705446,0.8145770768948138,0.012688074209224309
108,1974,Q1,0.1344840047029852,-0.12229945947575514,0.1227217162777542,1.5888314964450332,-0.8456249596483127,-0.7021615394129306,-0.008137835277490194,-1.6348365517037056,-1.7666831743621703,-1.9231708385379158,-0.3960111829137623,-1.2520917881576135,1.6071229867859727,-0.008082851558180048
109,1974,Q2,-0.061605703519433994,-0.27421732773353036,-0.04636365162632243,1.895380888659335,-0.25337737696955775,-0.6445709364094864,0.0005009391673079557,-0.47291401350382406,-0.38303175605184764,-0.34912534286393837,0.6288435756858362,1.197045398909699,0.41984365438219823,0.006713659506431066
110,1974,Q3,-0.652655670197051,-0.38529394253245725,-0.7593850188230772,0.7500709196756983,-0.6454039945770261,-0.64039758090397,-0.002581666750348439,-1.4651796348432737,-0.28163896669782973,-1.4431031731992496,-2.3132951584967403,-0.7929832769103018,0.14355659312079944,-0.001743525140464193
111,1974,Q4,-0.9834473203372688,-1.1956384577528643,-0.7200480826160374,0.847025173851904,-0.8876923591374246,-0.5922061045214746,0.01815339055971075,-0.8113280772769179,-2.0176464817683715,0.07005886325859062,0.20410686178717166,-0.4902389630349527,0.371229073995471,0.015441342984758646
112,1975,Q1,-1.5648866502063277,-1.060815091726801,-2.590443217356229,0.6841410184049955,-2.290428115404568,-0.4522253584954879,-0.006393633039476664,-1.4410346625323618,0.32883409292721855,-3.7708425483291097,-0.32244596420403526,-2.83645873147489,0.8459856133718983,-0.017230484701324125
113,1975,Q2,-1.424722715050973,-0.6408581019153419,-2.7544879784390033,0.06778629795928014,-3.2046992950584454,-0.6342377812473099,-0.012946338450811746,0.3718619436492138,1.0367088765293107,-0.338987547018264,-1.2413871163234886,-1.8488695878195909,-0.819441762894867,-0.004247263715072897
114,1975,Q3,-0.9588121079133846,-0.34220587559225607,-1.8668607780474427,-0.3085234260204356,-2.152566481629423,-0.36660701346718055,0.011447060492176371,1.190241051304102,0.7355567989024933,1.776161684020434,-0.7549449023430592,2.126852150435846,1.506222728393106,0.01808090161474797
115,1975,Q4,-0.6598781339739422,-0.2029261775540684,-1.504101983626046,0.2674391780926484,-1.4768199921088807,-0.28182131435509133,0.012081181463375255,0.7707427115532377,0.3398974148071945,0.7205330793289575,1.174799380643365,1.3658654482074037,0.5605033389694716,0.0009381594913061996
116,1976,Q1,-0.07763214134697831,0.27057806047262356,-0.443494135702511,-0.006402101818461503,-0.7231477637235582,-0.3194496635984,0.02964079069372874,1.4825124915190777,1.16964565978071,2.124064734605624,-0.5472964300578951,1.5234175357052568,-0.07265204176285976,0.013150200652007286
117,1976,Q2,-0.07764202471951365,0.28976663403790043,-0.05334096776840767,-0.0320579628811297,-0.26225432621412503,-0.558531757937196,0.03453500545267677,0.019700787787305753,0.04175832612232089,0.7756293357594879,-0.044357954356752105,0.9314705057561855,-1.114620054335845,0.004011893016027457
118,1976,Q3,-0.14207388330909956,0.35676756906098545,-0.11568070055600511,0.182069734579659,0.12601437018248826,-0.6408181618650011,0.028846281013890505,-0.1421476764523248,0.16045763829437218,-0.13443582340880886,0.4415544654040047,0.7846360999102456,-0.30363441671411506,-0.0036238860590030973
119,1976,Q4,-0.13820205368214744,0.5107811530366901,-0.12396085642473069,0.13527505241934507,0.3727856770055051,-0.6773335557140047,0.007749397958417678,0.029452883799099158,0.37647586592486293,-0.02570983589657105,-0.08719498527620921,0.49855335719155264,-0.06689556441498598,-0.014741146864511221
120,1977,Q1,0.024553378224234323,0.6037361475908063,0.3189646311473778,-0.23735942509760893,0.7961297258642503,-0.5679917931287072,0.017387877501309497,0.4286189592748469,0.22489137301221163,0.8817663588916568,-0.7474971527436511,0.8555522706214544,0.6875133016865553,0.0074349645358371946
121,1977,Q2,0.4388564221772204,0.4440632473597691,1.0277157258196274,-0.0331442535970134,0.641056366282453,-0.45705756304753226,0.014105514711669218,1.060586460360003,-0.40228445416237224,1.416401538914929,0.4214671020129589,-0.31390561931962446,0.6957499328347139,-0.00188765328054787
122,1977,Q3,0.7643838465526499,0.45532617382924456,1.4260908399367938,-0.08390475644223869,0.18249631334002633,-0.4390903690960659,0.0270825133463377,0.8375539059848871,0.022082057682406717,0.7921655217412528,-0.09523157267698393,-0.9275021377916297,0.21490169730075273,0.009843765507502602
123,1977,Q4,0.4162371313365907,0.6774962345558285,0.8266221083338443,-0.631166067119163,0.1658817592203205,-0.5248462863122644,0.01173093484576877,-0.8549295132751168,0.545681624932162,-1.214723242329983,-1.1013719037000158,-0.033966357263156874,-0.32157958752237786,-0.010595807325056524
124,1978,Q1,0.21861139003046706,0.5170543009428834,0.8628821747613904,-0.42873391526665083,0.8753108363697838,-0.5599871305870295,0.017750849487185798,-0.4767730165036735,-0.4041936619631701,0.0638705849869333,0.41785387933407214,1.4339656942952128,-0.059786058024954604,0.004824105525871735
125,1978,Q2,1.2883232955196344,0.9754684620619904,1.4508874785796122,0.7294274022096626,0.6247062961558618,-0.19775257554828513,-0.001543556591234003,2.707181699504428,1.1321829264008851,1.1735545523716926,2.3546033143824316,-0.5070528021245634,1.9955366408498512,-0.013440627629972631
126,1978,Q3,1.2432157234419436,0.7282439622829668,1.538920735164536,0.633044425006068,0.5462501749992177,-0.12103894317965787,-0.004615899030811898,-0.09359893071860122,-0.6196406844142395,0.16799813365361002,-0.18768381188578576,-0.1589990887168158,0.5187526366528931,-0.0017361198582751373
127,1978,Q4,1.3241831101715051,0.6565850679400055,1.5396982316131367,0.9178662701678099,0.4841355903899768,-0.054989239374219706,-0.002981685409745812,0.22314141127308457,-0.18378025060738654,-0.007492856614218863,0.5848135136215835,-0.1259593866431087,0.46359619145531333,0.0016597441462178296
128,1979,Q1,0.9774759590369118,0.4819778567886068,1.2683630994721713,0.6644687871672466,0.20095861463181877,-0.3024263141208776,-0.015101535171984665,-0.8513128710505532,-0.4393604817828605,-0.5547726531681424,-0.5058678396780033,-0.5729085166759342,-1.1578340552795343,-0.008264057494952732
129,1979,Q2,0.6432612460390718,0.1024645858444613,0.9980029648949567,0.464830249909301,0.06573129105170814,-0.2074219519979074,-0.005249147740189576,-0.8199278984502874,-0.9480617384389927,-0.552811713423832,-0.39692734529866386,-0.27378043801016017,0.6133567618907177,0.007589302886606634
130,1979,Q3,0.5722984913860127,0.15918564508645938,0.5631494543840064,0.7191775184744911,-0.3373643181800083,-0.23197073768985887,-0.030200832654007345,-0.1585553617867231,0.13493674480104564,-0.8836449488458749,0.5230579230948609,-0.815362823929069,-0.0050013419336265436,-0.017522455045384154
131,1979,Q4,0.3335841575326037,-0.06567796301790402,0.1746941476318777,1.2936662487926114,-0.1956884818224277,-0.1937422084050292,-0.030784457432318436,-0.580000612042936,-0.5641273740399313,-0.7903277086824427,1.171812630481916,0.2860688687591686,0.31969827628404573,5.9534249387927447e-05
132,1980,Q1,0.14316458513169505,-0.4141067576507012,-0.03378267164699942,1.3539899219925515,-0.3507685654170549,-0.03038569752251709,-0.02529144886350287,-0.45866883130241404,-0.870891194151164,-0.4283504255295475,0.129876358457318,-0.31391921408655443,0.9668907831337328,0.0044439334121986135
133,1980,Q2,-0.8652050196299235,-1.5201139042316076,-1.143149414581901,1.289600975492193,-1.4740586784959704,-0.08702787490619056,-0.017915800714745633,-2.5136191198694577,-2.7516606552460696,-2.2402430109325233,-0.12284910439941447,-2.271468972405898,-0.17099620860587184,0.005802291392127347
134,1980,Q3,-1.0799908375758027,-1.2596350177439013,-1.8606651039149438,0.9471544010743632,-2.4109310538450606,-0.39206311510893105,-0.08056501404858513,-0.519884579615817,0.6407873910838058,-1.4521422674784996,-0.6863224953454305,-1.894565215651972,-1.4557458461954966,-0.044721893057047074
135,1980,Q4,-0.5924620546637377,-0.9287221394001897,-0.8284833794899958,0.5971612671103844,-1.7189332019439971,-0.44809485631587115,-0.05126515241848093,1.2445527754785481,0.8156473254590901,2.0668933965249185,-0.7016153162232187,1.3987228340344178,-0.16783888348604303,0.021621001809854438
136,1981,Q1,-0.11607735758129197,-1.0079205584781488,0.17295862116638017,0.6168618766847874,-1.1973491032710237,-0.28168732435264976,0.013586004376915022,1.216555292153927,-0.20249792889939341,2.0050688871025253,0.047555238252369195,1.054176308707029,0.982671409948479,0.047271894311579035
137,1981,Q2,-0.6287966792494214,-1.1994509781510647,-0.44874767594057685,0.45933900218856955,-1.2345805181408354,-0.3138027361486182,-0.020364519687049585,-1.2683881742435088,-0.48137416088174606,-1.259447996149639,-0.3115815287281038,-0.07565001013769893,-0.04413778171412482,-0.024015277728988704
138,1981,Q3,-0.41274263900540964,-1.2035780399065488,0.13206432672035057,-0.02097403755268788,-1.4323424064452386,-0.4291894440154679,0.01597890004084535,0.5625219927737617,-0.016125237689328952,1.1590872032658448,-0.9657037347501987,-0.4002142884504905,-0.4748372796570718,0.026703054397701396
139,1981,Q4,-1.0142076236022723,-1.6319023300752298,-0.4096363341752601,-0.1165392708853884,-1.1034675550680484,-0.2752259525533868,0.0048935219907881395,-1.4913454680015843,-1.069240325559854,-1.0985386383742763,-0.18602668449349272,0.6645522302715922,0.9183077906809148,-0.007517667734414492
140,1982,Q1,-1.7083338048313452,-1.4931044464230387,-1.5675613823751946,-0.8012801824786809,-1.5369759347086525,-0.35760496441999645,-0.0232948939927175,-1.7241398261224197,0.33870125894982456,-2.337904701844099,-1.3799691768424134,-0.8768520768295481,-0.3041134076105063,-0.01985781414663602
141,1982,Q2,-1.6418672416032603,-1.5259979621840412,-1.528037364139881,-0.79638278726581,-1.7613708833711865,-0.3524328143830167,0.0058374960424188065,0.1867107367087503,-0.08754104314158902,0.07043512736255059,0.01755707759889133,-0.45406163487297424,0.1487226025808091,0.021500168072021805
142,1982,Q3,-1.8673411937773783,-1.421313568634275,-1.5818236093667908,-1.3973694295782393,-1.1934898159433691,-0.28006248820384994,0.04620548948641769,-0.5467365676928542,0.2540108632554157,-0.11723283302830596,-1.2102442803475726,1.147780606573305,0.4962879953721712,0.029606855996970122
143,1982,Q4,-1.9262316772093226,-0.9285853173465715,-2.358793047530257,-1.9364023012498737,-1.7516792271177626,-0.09586502173168453,0.0057644008046954485,-0.12822598193708798,1.217371333261241,-1.5717171498826519,-1.0846972795826033,-1.128935112238692,1.0746852997637406,-0.028698335674178257
144,1983,Q1,-1.549055030579924,-0.7638099551855633,-1.900426675338989,-1.7144123346248814,-1.4692452882888352,-0.022605318691494555,0.006100655458095643,0.967313157743498,0.40319313379022376,0.9128214563224067,0.4574870600235599,0.5706569034658943,0.500888069894834,0.0007232436390928037
145,1983,Q2,-0.8812182664116176,-0.22485557759107716,-0.9149977943206193,-1.6566175261184644,-0.5384133583171842,0.020729487392486888,0.04804470151188166,1.6975436960169015,1.3321326466474335,1.9728628961380252,0.12475170866879988,1.8816031777285738,0.3461091880570575,0.030744006018727437
146,1983,Q3,-0.36528504573206416,0.17324723836244724,-0.2378380560501798,-1.4663677145477356,0.3576193178990338,0.20700357482791223,0.04828147468587531,1.3159137453148377,0.9824535474484738,1.352864204414651,0.3931668220515716,1.8112452298616981,1.0854260909906785,0.000651465980295694
147,1983,Q4,0.13440449540192823,0.4573048657037066,0.7949822603236656,-1.2352523522792174,0.8029496234345255,-0.1708577991941921,0.05060576333324368,1.2751044627805461,0.699324142582047,2.068177748793629,0.47597933324581343,0.9000046003157013,-1.832420411779617,0.002157645565434924
148,1984,Q1,0.5420820119178199,0.42321548258682756,1.7706059518201653,-1.0153417789202006,1.6439862320292555,-0.07401349576579214,0.0947818251835463,1.0439410309570956,-0.09050991203372337,1.9531424511351017,0.4532732472845782,1.7000528897675748,0.622873388073869,0.0323544451600416
149,1984,Q2,0.8301322306707489,0.6093654703437912,1.8669203843221829,-0.7637136994195626,1.8628971598547703,0.19238291478460803,0.0787355113648696,0.7433992614934966,0.45625793290946265,0.1846534439735517,0.5175475880815692,0.44222458914285273,1.4998383310772043,-0.011097071227794216
150,1984,Q3,0.8184535910615446,0.5255669380162488,1.8100825112539525,-0.5712602778613721,1.8193333182252152,0.21236318593139725,0.07127067654081733,-0.00961483425204501,-0.21391820311280832,-0.12337034407589233,0.39763235533421243,-0.0884530591617971,0.225313824627412,-0.004905381328073743
151,1984,Q4,0.7565022544147428,0.661277469556308,1.312454056749154,-0.4139345422639792,1.8341380398113463,0.4419125953532409,0.04608587761255152,-0.1359158174383829,0.3310365764081281,-1.009899502909429,0.3264474125845312,0.02955787166606621,1.3092566344351366,-0.017690650957725755
152,1985,Q1,0.7542520143140758,0.9385468643649624,0.6994601110218617,-0.48851626981120483,1.0830877505501617,0.483418357441458,0.016776531926140623,0.014072300076778827,0.682471627711072,-1.2419254948409582,-0.14350439424944963,-1.5188657613656649,0.33664892542321195,-0.02066658488698541
153,1985,Q2,0.7202728461272246,0.8867093210553986,0.7188490726664841,-0.6146936440358537,1.4630238397516186,0.7070276654043022,0.032065788792320686,-0.06564084540528371,-0.1345716220801955,0.029938992612494088,-0.2480610439235564,0.7677890391441672,1.2785329777030074,0.01151210099449314
154,1985,Q3,0.9198624169942533,1.218606417320047,0.4453893005473112,-0.8783286173710051,0.9508617399527115,0.920422700194721,0.03710982363610314,0.5211580160529754,0.8180907519429649,-0.5590457827948369,-0.5266137312286551,-1.035876013989974,1.2257022600992973,0.004119990874989264
155,1985,Q4,0.8196255006837249,0.8652519279324322,0.7297624085056116,-0.5799002754485153,1.2028727951451015,0.7971639322667703,0.04362483129668981,-0.23210135428696704,-0.8831197593493559,0.5628818054332196,0.6123865707827779,0.5091472034044286,-0.5155534985232573,0.005181323955018389
156,1986,Q1,0.7978046089707969,0.8047615213164876,0.5335107466371481,-0.2879698810160967,0.8506328193122209,0.7511132605486919,0.03664290051147902,-0.03509539304255533,-0.1560532827108367,-0.4037628799419353,0.5992187230461703,-0.7125417109086903,-0.1162143523375526,-0.004556957465275488
157,1986,Q2,0.606428609229959,0.8336549329508496,0.15289463941298645,-0.27700273368736816,1.1608728734658742,0.9273611788864636,0.03357086176078937,-0.4610716805724466,0.0658516268591623,-0.7745613124477335,0.029857203412879736,0.6268759599475854,1.0335682936414605,-0.0017359007413346689
158,1986,Q3,0.6148272301687254,1.120057303901943,-0.2924056761848237,-0.11794856511768412,1.2284932001030768,1.1020101865673362,0.02422470400716341,0.04082562142910795,0.7051452199189762,-0.9046558272906189,0.32995001740502855,0.13634170136702956,1.0252983368895452,-0.006262789321317177
159,1986,Q4,0.47353862845316763,0.9318964946376129,-0.33406520180133487,0.20681522089385027,1.0003648458902445,0.8182222717327476,0.020852730750570894,-0.33523622736198494,-0.4730087418647442,-0.09284326803220383,0.6657543639775308,-0.4616099218253279,-1.3458494857389007,-0.001952308828092176
160,1987,Q1,0.4212190281296218,0.5661306806295987,-0.09661475923649908,0.03996368427223944,0.6053437663161059,0.7353383736033954,0.05266376097960024,-0.11171783644466363,-0.9139322030494123,0.46850975477387075,-0.3304857138790502,-0.7990375503846988,-0.30672480277477066,0.02343285466880799
161,1987,Q2,0.49190192358827384,0.724334387310315,-0.18813600818992895,0.39862477059737145,0.6959852478253488,0.6937884096796879,0.03725101542180681,0.19730350251486217,0.3868782946658124,-0.19312642631522675,0.7344459761971652,0.1828864125181819,-0.0929355914813095,-0.010639940446008026
162,1987,Q3,0.48103551216855983,0.78135049586848,-0.2738183034672659,0.7522575728647308,0.6984852647579523,0.5439755646248003,0.01594640283502666,-0.0075742590502102,0.1356692363538163,-0.18138297509613666,0.7242563464794223,0.004679931046577318,-0.6528976762477741,-0.014891027420260983
163,1987,Q4,0.7715391208914522,0.47560921961543895,0.42925239392283254,0.995305496770652,0.7482840098649586,0.6426558071198987,0.06673164011907433,0.749562956373724,-0.764914854235802,1.4049769803230148,0.5001602234406162,0.1003096096153191,0.6323693137000019,0.03712308292099564
164,1988,Q1,0.6063845207081052,0.7961576921729808,-0.30882741916162126,1.4538506273595986,0.40489679895304437,0.3412817198470004,0.018464232883929198,-0.395195196122923,0.7899165771676464,-1.4935013529473222,0.9368572588663758,-0.6946429830461764,-1.4368094683176598,-0.03434516386889603
165,1988,Q2,0.7417386899437239,0.6907310946799903,-0.10927315299924754,1.4967897653236661,0.009614882335914461,0.26236907288724487,0.014698875013805984,0.35977828392225486,-0.267612193128684,0.3922920069272856,0.09464724752537514,-0.7995649168392068,-0.2861845210011481,-0.0022361428315115475
166,1988,Q3,0.6042425374509035,0.6541892665388626,-0.14067012095464734,1.4261889608035974,0.14150699567536368,0.14361762871125874,0.011697447825510921,-0.3257083903104386,-0.09659836967610443,-0.07220295266717376,-0.135437202516544,0.2662879079692791,-0.4922405183171487,-0.0016849532417304717
167,1988,Q4,0.7466396080509363,0.7169037933437968,-0.056039505414811584,1.5064996037583558,0.35405289140768154,0.35354881492324614,0.02058365531892754,0.3774722892019923,0.1498161704465206,0.16115465597837628,0.1703792056794253,0.42935561789043836,1.207786388555627,0.006892186856896844
168,1989,Q1,0.7618564334742747,0.5146852632338158,0.23717133901293028,1.5701117171595946,0.18861353275927573,0.15075840159901344,0.02961703062065609,0.05795511677571572,-0.5079085406658967,0.5806564844037001,0.13654025962423383,-0.33486383948843046,-0.9269106090646569,0.006998371051120217
169,1989,Q2,0.685447742856779,0.3353255364332478,-0.012702683496298132,1.8142868676744925,0.044068111452345765,0.29402799898723214,0.02064083359042784,-0.17223728273406722,-0.45115911128876973,-0.5116095270245407,0.5024445060351332,-0.2926199866593794,0.8629963565374248,-0.005995856071723513
170,1989,Q3,0.6092184178692642,0.3660803408333237,-0.2247752234670505,1.5717368616526475,-0.1657504155336977,0.3188224398294032,0.0002463871929156492,-0.1717866592992537,0.07047273391674305,-0.43558222987069184,-0.48388583299044924,-0.4245906834667244,0.25021388705766623,-0.014234326307936678
171,1989,Q4,0.34766281042409153,0.1904008666629494,-0.3948731560614826,1.4269372905189408,-0.08945689033684173,0.27508705876427275,0.009603545334543625,-0.6373851464296699,-0.44202248965988716,-0.35116183856282507,-0.2857982299802738,0.15387737774640833,-0.10423910313562033,0.007231986135508805
172,1990,Q1,0.4312605825491618,0.18755798582143343,-0.34609661106758083,1.682522605339398,0.16091821163042028,0.4168229808723094,0.010587954167463675,0.22974977488172985,-0.012937120923186675,0.08904404304682641,0.525566777560851,0.5058395947834181,0.855063813099892,0.0011908984208977363
173,1990,Q2,0.24748776102039352,-0.01869469096558614,-0.414239128878969,1.4881837678677814,-0.06710541536540589,0.3058560790312953,0.02853068415533336,-0.4419700818894246,-0.5179237421988349,-0.14610653132018772,-0.38618770175079836,-0.4613981818803813,-0.4519769625231551,0.013426629100550046
174,1990,Q3,-0.020845688627863564,-0.16820940755583544,-0.6996907546846548,1.2515557646117923,-0.301812019524372,0.20740176336332103,0.020540175162030362,-0.6544132389048201,-0.37706567445112676,-0.5831641020359408,-0.4718851157123068,-0.4749099819363324,-0.3872588082853636,-0.0052846646015435525
175,1990,Q4,-0.6038413135562456,-0.7392242109058219,-1.3667274164555754,1.0616694567902651,-0.8126984259615282,0.20295265742011523,-0.00025420116177975275,-1.444944570050821,-1.423484819069011,-1.35061757133473,-0.37716481682218145,-1.0332967872148546,0.09895911485126542,-0.014522882871065946
176,1991,Q1,-0.9675538582709121,-1.1029353739941679,-1.6968009635532035,0.8601787133345559,-1.0574219076302223,0.18656126953404492,0.0020156293993903404,-0.8940358211844516,-0.9088313119099208,-0.6729088380045667,-0.4006807719347239,-0.49516233994870174,0.03719071349593352,0.002118353086541346
177,1991,Q2,-0.8628221214750741,-0.9806507189455422,-1.6384812435390665,1.0805244321545242,-0.8992762616189107,0.14127014976476301,-0.00020597263153500524,0.2828450069626158,0.2977053989416822,0.10823751786136925,0.45415505329822203,0.3193679164093972,-0.11228576399506085,-0.0011222955048230427
178,1991,Q3,-0.8629545996138892,-0.9929330935862596,-1.3765358367459992,1.109320612542566,-0.6231538998604441,-0.011536221071816824,0.016411020704537156,0.019392790794364144,-0.03637167606864411,0.5177746459658271,0.06598707257151908,0.5578960088328617,-0.6683809233219721,0.012470086499703974
179,1991,Q4,-0.9168102128250216,-1.2084906817487888,-0.9668994062423719,1.1205172774600463,-0.44954032223737633,-0.22251427797620507,0.0333618958564309,-0.11557678870545002,-0.5410241820520207,0.8148145658993896,0.030322312228575045,0.3506413435235758,-0.9692591030319789,0.01271098817504663
180,1992,Q1,-0.6735315181125088,-0.6902844797300326,-1.180031113584659,1.0700160234854104,-0.4883874289990221,-0.1491759604465715,0.01230461630182885,0.630918972225818,1.2806230768505646,-0.4377124540598988,-0.09470621452981155,-0.07891665391958903,0.5012946832506004,-0.014712572233437866
181,1992,Q2,-0.49199685233284185,-0.6646788130721998,-0.5552131423220131,0.7927548186432362,-0.40112472559471274,-0.2570572072111295,0.02125534576296886,0.4757983596541079,0.057689447552132934,1.2475931196150367,-0.5542267801156161,0.1760551196568072,-0.4360172002165438,0.006938740605512121
182,1992,Q3,-0.36161818069284224,-0.49485954479888256,-0.5138721759930042,0.8208870138541905,-0.3324428269254582,-0.22078994378223132,0.019091943743611513,0.3472782535837593,0.4157151713540829,0.07408941929387645,0.06464153142570142,0.13848801261303972,0.309554129869376,-0.0010803031601450536
183,1992,Q4,-0.22491688777376487,-0.2964219202139949,-0.2216131773643695,0.6344185965855516,-0.16216033219193088,-0.29246557783726934,0.017790104441708247,0.36316268650497635,0.48676330840700255,0.578742108073626,-0.3702385893558019,0.34390648196793294,-0.24875292125739903,-0.0004586703181864802
184,1993,Q1,-0.40788620754729593,-0.421662601363524,-0.032765161248186785,0.4343873572307063,-0.0389031125990793,-0.5541310291041769,0.026516367359218806,-0.43995143026223005,-0.31680277961385583,0.3707593262225889,-0.3977231414213199,0.2488296771598246,-1.2314266965973586,0.006776783997346291
185,1993,Q2,-0.4269692805116191,-0.3367115815204268,-0.06997506998247464,0.383373343262344,0.05819183340350651,-0.5889493618723873,0.013961872778644762,-0.028217122726638507,0.20502064787183513,-0.08389408608990181,-0.09574530349338482,0.19593417847242914,-0.05811794967900401,-0.008577661470833537
186,1993,Q3,-0.48073500445955486,-0.18335624784126836,-0.24981640863363697,0.14971911551110925,0.04308426609113513,-0.5991249987357561,-0.005206185948842164,-0.11535095832457481,0.37484168900795745,-0.3707580230990178,-0.4658588707927699,-0.030919495972059476,0.06934009715074198,-0.013349465766485278
187,1993,Q4,-0.22234514023116478,-0.134341963666959,0.2737673474686407,0.3859974446880523,0.3971589370325001,-0.5752795705140232,0.00022350461361229424,0.6688830298438798,0.11580384963110897,1.043988307282608,0.4864418927268126,0.7155018168234033,0.24530536181006637,0.004398248343144422
188,1994,Q1,-0.12508604364227158,0.010819155580109359,0.5882475667876429,0.31277328745287325,0.4842558590868457,-0.8055725107301603,0.021568861253856233,0.2640713612115424,0.3544986733688388,0.6234339887909567,-0.14075332874944615,0.1757199390331069,-1.0691604008106956,0.015881684818710367
189,1994,Q2,0.09742263229578833,0.0021894021344393963,1.0073746508542623,0.5529552788066406,0.756767359024538,-0.7391778386921287,0.046389499389585774,0.5787380878374149,-0.027303652439236492,0.8339024082315893,0.4943525182340395,0.5505954836685577,0.4653804514776114,0.018389162299895467
190,1994,Q3,0.027299617591302266,-0.010647657347616584,0.5778637960209194,0.8160314133057486,0.8724810338478372,-0.4923375325643112,0.022030120842062698,-0.15644566830745166,-0.037748740642148976,-0.8728996647057958,0.5407466436803563,0.23357796132253475,1.3986893787496628,-0.01709509545526871
191,1994,Q4,0.16142713896338493,0.09788398466689653,0.9017469883387874,0.8669058565224268,0.976972972119729,-0.6732251545665644,0.030456866067796472,0.3566965548661796,0.26356206994332293,0.6423454857563667,0.11072784704846152,0.21088959102561525,-0.8136240184741157,0.0065606766494027075
192,1995,Q1,0.003765977630814302,-0.11976814964243168,0.8180362778018904,0.8614353834814804,0.9830531350734941,-0.642517987930803,0.017408066473311806,-0.3763692975722256,-0.5462241173691053,-0.1774176740322737,-0.003453019932379792,0.011918354286425348,0.280795950156648,-0.00893431134015429
193,1995,Q2,-0.157377978470265,-0.07745911003476376,0.35908115597223894,0.7878489904773452,0.8106244508853265,-0.6168961529409943,-0.0017416657147379165,-0.38511918427852077,0.09915736128085112,-0.9321187187237727,-0.14148738599716257,-0.3489950218812256,0.25449337183577186,-0.013336242841951965
194,1995,Q3,-0.10820149382598575,-0.028070652468211818,0.13920267097696182,1.104565178095568,0.5730274556784932,-0.6887097946931847,-0.02979130572243316,0.14327256742034866,0.11673277518379208,-0.45128174380753544,0.6494462066016187,-0.4807538423848909,-0.24946673080138893,-0.019757684808990688
195,1995,Q4,-0.12388876628498013,-0.06286900364802667,0.30911320826758376,1.0067613842824044,0.4954844661497633,-0.8764618984393422,-0.030780150136326716,-0.019685793241631354,-0.09227000124196498,0.3326717901438075,-0.19056304364397356,-0.15715289776329971,-0.8491287959933883,-0.0002328389331807222
196,1996,Q1,-0.11352276950846536,-0.008519288275727307,0.35829379877094747,0.8904519835266698,0.7010066289130785,-0.7785250331751874,-0.039779247695212634,0.04576829443546832,0.12904962946780626,0.08985666958813417,-0.22806396449099778,0.41515486974977484,0.628524384951961,-0.006012379210925596
197,1996,Q2,0.2168790428785712,0.09756594436918946,0.7832712461029578,0.8425445306069449,0.7432959815613356,-0.5969643789651796,-0.017758392847275827,0.8497999169326833,0.2574885964605585,0.845668806705065,-0.08944997363184946,0.08512694372145362,1.0610470622068957,0.01636906880374036
198,1996,Q3,0.24439033191393722,0.01520834350356581,1.1402010733579007,0.6934175439017374,0.9216205796110484,-0.6288814507688539,0.009332141089165167,0.08884271448678421,-0.21034093630979206,0.7088097132304735,-0.2945675759046015,0.3601661951743364,-0.04311191879216013,0.020026932538742062
199,1996,Q4,0.3189637201168725,0.013747931351176126,0.8809235093401417,1.2659935915347782,0.9019659241506056,-0.5485779177404667,-0.017663258747079174,0.20707765603431247,-0.009504994220064213,-0.5305221673909579,1.1679366505045379,-0.04011290549504801,0.5373204803731055,-0.01899703175308493
200,1997,Q1,0.24754793930839541,0.10977765747087209,0.9200458763447721,1.2114835442477943,1.2084588161334193,-0.6682155092721649,-0.027514765034280686,-0.15969350738483257,0.23252472369433766,0.06962731625524088,-0.10282988435404251,0.6192998595369984,-0.49682388904892816,-0.00662740728672132
201,1997,Q2,0.5411873062785109,-0.03276277111544675,1.457964732029823,1.4423089683837584,1.3533861621830008,-0.4881415399216514,0.052677302441823025,0.7574409771085726,-0.3597512569298993,1.0728194218982903,0.4753917844562388,0.29264284735670437,1.053357564711401,0.058340634533835964
202,1997,Q3,0.6608559084795537,0.3130911910732954,1.3531616034313845,1.4219304734821936,1.5302736999267212,-0.45740120656737315,0.007391801607978592,0.3203711572900682,0.8527401675910371,-0.2198392783708286,-0.033663569065717235,0.35726071292459743,0.28096749653202113,-0.03219366530339107
203,1997,Q4,0.6290328729755934,0.4323151906997761,1.2718888704327076,1.0738656414018473,1.4652676850097124,-0.4229021476677872,0.013070305565142375,-0.06022395524867143,0.2901069937944095,-0.1725143519849437,-0.6977076845237192,-0.13180534829172244,0.30040854382749443,0.0045777716378937235
204,1998,Q1,0.6506437049027404,0.469650073418467,1.56113659761592,0.8509941395307353,1.6382456740571922,-0.5297563080631986,0.043900278698918424,0.07401889205570322,0.08680848364010829,0.5726857628295211,-0.4440080797865345,0.3493562956262766,-0.43070485845643747,0.022725004505504673
205,1998,Q2,0.6437034871512578,0.7889129764060795,1.1854664041065621,0.449173908101905,1.579500558341902,-0.29001235444136675,-0.033388175661910456,0.002289586529961157,0.7867250129142348,-0.7646139657713178,-0.806640992267888,-0.1191469153629558,1.3619853089708929,-0.05528436612994783
206,1998,Q3,0.7536361855296086,0.9015517487981889,1.2591103979277658,0.18224432718679226,1.3902693618607072,-0.2320307810908094,-0.021135038745897904,0.2959114744508128,0.2737584613357836,0.1390580846793752,-0.5332901303579329,-0.38296673553502114,0.421865848585455,0.009321486388133573
207,1998,Q4,0.9814876740607255,1.0566367115484916,1.3900350499331846,0.47560370005174996,1.4980603323604327,-0.20516273623098427,-0.016260222680895636,0.5921609301205485,0.37913567857044317,0.2542623922487086,0.6021144944335697,0.2175596518012958,0.2609390739044743,0.003997896512925026
208,1999,Q1,0.9465966674128117,1.0351752310752245,1.463301795764803,0.22813930022396645,1.5335119945496603,-0.1607538148425529,0.011677622627205805,-0.06793167324873911,-0.059159790176741354,0.13829935398737928,-0.4938446683693447,0.07130234069326044,0.3516647749662084,0.02063828278094561
209,1999,Q2,0.8762228600327803,1.2103124663645748,1.1878310631784958,0.20328010138921962,1.5721492454749848,-0.17839780603198174,-0.05369194367798002,-0.15707573916825363,0.42891759448714245,-0.5630902773154903,-0.04274354812604547,0.07774303875520121,0.030711943027187855,-0.046684676165519495
210,1999,Q3,0.9875665498225747,1.2097703858346838,1.283067766878025,0.4071913070439298,1.7143141712791536,-0.058213237719428386,-0.04451131136949799,0.29945633305268027,-0.007225137534202081,0.18248588856525158,0.4208511265865857,0.287057721279603,0.7435949433010551,0.007104619603607464
211,1999,Q4,1.2016371194702535,1.3400318262589188,1.3599232536354957,0.4785569682292973,1.685521529770048,0.10754902468915767,0.014006064752971958,0.557538884621623,0.3175086236425672,0.14551712044667747,0.1522525344303815,-0.05858830012674096,0.9793339180835423,0.04270195877434043
212,2000,Q1,0.9351720449458372,1.4762912142626827,1.0001517755481404,0.4554899157035672,1.83825682474774,-0.11237138986948746,-0.09750990781336188,-0.6497192871376114,0.33239917140943176,-0.7326380674577333,-0.03911183060987371,0.3084291417264636,-1.015511162671309,-0.0799801299835071
213,2000,Q2,1.2176581284328485,1.3737792687709758,1.5068056495177453,0.639103654226704,1.8870959170905186,-0.03349158473399964,0.009733723004923091,0.7294203863569266,-0.2603762571233359,1.0099385004166939,0.3797190680349046,0.0983693611367065,0.5299566116979119,0.07785881917570878
214,2000,Q3,0.854282661967062,1.291986257527101,1.0920960847269028,0.7209644465150559,1.990044574723019,-0.1912969277424299,-0.03341857977400201,-0.8931889735563553,-0.20893928205725734,-0.8431309360540535,0.17352052536921234,0.20776935001316832,-0.6942368293332588,-0.030654524922225868
215,2000,Q4,0.7079809406267149,1.1860533083934832,0.8794004580660587,0.3507825269649981,1.5688809334812666,-0.16512397950791688,-0.034664080789852204,-0.34783077618772423,-0.26886926535074285,-0.4368353975709794,-0.7425271356847812,-0.8518931950443026,0.25734386425037054,-0.00041802124161810733
216,2001,Q1,0.24993662543878342,0.8934133323880709,0.10575337363193338,-0.005368055262662921,0.993598421406311,0.012153561564771436,-0.19792422768259635,-1.1310271914220789,-0.7323894720848831,-1.565035148086196,-0.7140931550032483,-1.1634943447583612,1.0388937541053125,-0.11731447313658182
217,2001,Q2,0.17683782537688686,0.570838306787445,0.0026077384085086085,-0.5289042676189094,0.22603103650377604,0.2001834014591094,-0.11764638006248189,-0.16392178633054816,-0.8067064413465596,-0.21650568580010227,-1.053293878646706,-1.5522604129353097,1.0945072718806945,0.05840252643517379
218,2001,Q3,-0.24885452823356152,0.3402872909710416,-0.3602560270571538,-1.2521593511049172,-0.3000566316624447,0.07055043607235821,-0.19875762228029611,-1.0497487879143679,-0.5782469732999866,-0.7388573539938194,-1.4580167067677825,-1.0640310549023408,-0.5485224058758905,-0.05804257563878626
219,2001,Q4,-0.39048028910701077,0.6159173493770871,-1.001693229157031,-1.680683390672053,-0.5911948652403185,0.24098811807515097,-0.38632649268480057,-0.3360832782592169,0.6784017993764059,-1.2991312909908992,-0.8607552614413592,-0.5890047745603973,1.0035163310747293,-0.13485365000075025
220,2002,Q1,-0.3258120974725001,0.33197139709686957,-0.6823104824290624,-1.4127862438279561,-0.33820682567918314,0.40846203009870163,0.15756123782678969,0.18219265604494722,-0.7108056263026836,0.633294075832437,0.5505162450186442,0.5111224933277709,0.9881869882842507,0.39290531215636393
221,2002,Q2,-0.3415200760767347,0.18714152323560784,-0.5337816154917441,-1.0745090959868715,-0.03964719808125615,0.40001101973609726,0.11058529954756559,-0.019737813655413414,-0.36543505022321077,0.289668434284903,0.6931386866814458,0.6032601994359865,0.07826028697685053,-0.033413346020808546
222,2002,Q3,-0.4298782670369863,0.1311624703801492,-0.6021827549916134,-1.0751127058676682,-0.04973984756601805,0.35065506876033237,0.05021522647766113,-0.20225822314127956,-0.14485336344294975,-0.1466266777969977,0.006409496369218433,-0.020780217424555415,-0.1333100645939709,-0.04307745277337423
223,2002,Q4,-0.6038705329791356,0.026396720960387133,-0.653791695809258,-1.2882552077941403,0.0119793354266763,0.3430970072274731,0.07259360817956396,-0.4173982196363461,-0.26597156695271756,-0.11285378336671953,-0.42429262500697046,0.12441063066611177,0.0828788365948675,0.016627030795136832
224,2003,Q1,-0.625949016862101,-0.09127090531005355,-0.6059667882943026,-1.3410508599793005,-0.23560588931915233,0.22723588606825332,0.06085015400370806,-0.03574254639325947,-0.29800185914515565,0.08713008569552556,-0.09935572675340094,-0.5009482792577592,-0.47729106116981956,-0.007992481377133586
225,2003,Q2,-0.5152318105847578,0.04956461632282532,-0.5720403694969596,-1.3328090121604315,-0.19923092416548752,0.26166382200473604,-0.0014453246206747406,0.2978824074780599,0.3437599136447359,0.05917709388765606,0.02433448581054246,0.07316909629364617,0.3000406784771739,-0.044466667165438456
226,2003,Q3,-0.14711416093403634,0.27800871267307187,-0.20790958170470317,-1.0288254112154271,-0.1530388592783251,0.1778569510059104,-0.031956955014971686,0.9445540799038243,0.561257590861577,0.7232924670750152,0.6236440955715912,0.09301753890990498,-0.31149864406527705,-0.021534054712066802
227,2003,Q4,0.0070792171609723835,0.20823130343689703,0.09591082626784178,-0.5412125993304707,0.10464716801020577,0.16610649653787934,-0.04115859331220546,0.40710836051659843,-0.1791092621594598,0.6019947067729519,0.9957618286473644,0.5206209951613543,0.06119475555425228,-0.006158515960161471
228,2004,Q1,-0.05791474845015436,0.23835569817706367,0.0008454721332017114,-0.3601451743827873,0.2871559231596223,0.13122488210290684,-0.05247196210707549,-0.14355986783373123,0.0689076743644372,-0.20025442023668488,0.37455905873928336,0.3686258221869362,-0.05844525792793774,-0.007682167116487397
229,2004,Q2,-0.04386180928318436,0.11874004167554437,0.35944019551860856,-0.2160879748503413,0.6072514958974159,0.06940496986413865,-0.06806359805414422,0.05503106481195369,-0.3028380529968951,0.712158194410074,0.2995592201425523,0.6468020786976375,-0.19777671891128076,-0.010769013047260885
230,2004,Q3,0.025615104107675864,0.24959203723089413,0.3967577512315317,-0.30448608930898585,0.5411591588794287,-0.00033060149323220587,-0.10460741738920823,0.19427369250181903,0.3189747400552621,0.06599743416684432,-0.1715027859566177,-0.1340016998078908,-0.23871844276012863,-0.025886386444294925
231,2004,Q4,0.11656461535635172,0.3512510165085197,0.49450078326660835,-0.13137917596331383,0.6139165811051067,-0.10202864213333757,-0.14419175404868748,0.24821967870937683,0.24649994804041467,0.18752667946380486,0.3584273794911895,0.14672800177856318,-0.4040361467306864,-0.02808017383447556
232,2005,Q1,0.2293876465783886,0.2535475904497306,0.6692940003200256,-0.03684581862430657,0.4733870431509115,-0.10276673139014865,-0.14711189590162282,0.30317290861696244,-0.24843859222140574,0.3424919590976384,0.19920100482434233,-0.2845005794572334,0.11815340026658527,-0.0016263044248706492
233,2005,Q2,0.11111550849326367,0.34578545243814235,0.3215561189860759,0.09252763380298476,0.41577115778798357,-0.1942766040712846,-0.28939561273851655,-0.2774115599521144,0.2231110145507203,-0.7084357935053938,0.2698031554191958,-0.116863810937224,-0.3513404516720746,-0.10217960533694483
234,2005,Q3,0.11033066662494702,0.3227593913557846,0.335502969934977,-0.07452133475018989,0.25702826304166737,-0.21301664110653185,-0.48150533849857846,0.01775384589412293,-0.06304402924116552,0.018993682026153712,-0.3308858023096122,-0.3213247716271814,0.025042925997422905,-0.13812995799599315
235,2005,Q4,0.032941429576943466,0.05614457577046721,0.5774559197251484,0.1670763533355554,0.4818453162733049,-0.27119851507032344,-0.482682668059937,-0.17470072682063328,-0.6677792217888675,0.4775653111110996,0.497221374751637,0.45416573208630834,-0.17895989567850823,-0.0003688343233153312
236,2006,Q1,0.2377316671055133,0.16175759387940825,0.58388479180002,0.5058563811936807,0.5233462266384981,-0.13143981697473517,-0.6180884464881194,0.5342237426060154,0.2563162732598434,0.0038733328898350426,0.6941577542415165,0.08353285261140538,0.8448371271989382,-0.09721705030385637
237,2006,Q2,0.033379780305593534,0.039751895968681165,0.33054297898943236,0.5307825398935432,0.4125609378284115,-0.21505752112164564,-1.1319946507706096,-0.4936712304245514,-0.3087715869760948,-0.518584034530703,0.05814461825726344,-0.22436295853788207,-0.3105202268676156,-0.3703118472811676
238,2006,Q3,-0.1825825408144963,-0.022856874315028915,0.13937675134911906,0.2970389375264578,0.3148562505717363,-0.30906274705256276,-14.093226166342575,-0.5228403292847378,-0.1613123475766437,-0.3935349260825494,-0.4660399851115353,-0.19791629135845726,-0.36424702863895897,-9.351278701214396
239,2006,Q4,-0.1333114273309534,0.0386750262940903,-0.2146120289415894,0.5920032542580643,0.07256118340973301,-0.23782660472200007,1.2842244222817796,0.1435103051217463,0.14688017415351648,-0.7210077594853117,0.6053668531967215,-0.4902525145121652,0.4904217192696237,11.095585046381526
240,2007,Q1,-0.2812765701450506,-0.03306391889044053,-0.3793092653001627,0.6241331624608587,0.07564795816253572,-0.28326137119562156,0.6683767034617817,-0.3520098192860242,-0.18397898540197466,-0.34029982178495444,0.07274274739453525,0.005866251776734096,-0.1130287398626101,-0.4438644652295987
241,2007,Q2,-0.29370193166088343,-0.2319739167548875,-0.32029675734425417,0.593260500271467,-0.04764553978925438,-0.19960719273303254,0.30167535986173766,-0.011490836864426033,-0.49969475473544206,0.10963087048080816,-0.05492960686915252,-0.2496523493071468,0.5546508375836758,-0.2641009191127007
242,2007,Q3,-0.31747372206399277,-0.2571815529392411,-0.5103363692985955,0.7728078632666979,-0.1532566408043213,-0.197813351098852,0.16805768843922453,-0.03999667022055434,-0.06846002326787955,-0.39126904813851915,0.37147871000290295,-0.21390166423272527,0.13124916573477352,-0.09592689925954824
243,2007,Q4,-0.336302598676615,-0.38247325757284995,-0.7041464145462599,0.8268131694948978,-0.4497149199723535,-0.1428802089122559,0.07258868192571295,-0.02757850075021659,-0.3169294508821266,-0.39885223887974114,0.11707242392952853,-0.5997609675785688,0.4060986174532035,-0.06840195823797741
244,2008,Q1,-0.7078683326139721,-0.6948161213084045,-1.0348005842511125,0.7819606719945514,-0.5357290871530531,-0.18254738271089244,-0.04408519662996137,-0.9137655269377037,-0.781304002764043,-0.6740766008680672,-0.08325922064931653,-0.17428012353075661,-0.0831973407290967,-0.08370165099846416
245,2008,Q2,-0.7001487393179091,-0.8197067421996563,-1.2366531984389353,0.9183992689483574,-0.7867085929156251,-0.11607793401988614,-0.08288613411629228,0.03911968830958599,-0.3159337175008507,-0.41502765681662696,0.2841204067519321,-0.5078109162700335,0.4657672146050483,-0.02751493738154356
246,2008,Q3,-1.073923567235242,-1.3218704778540862,-1.4376501186761423,0.5946046376218809,-1.0499170937858153,-0.06587913245817803,-0.025452376784883254,-0.9193154726948071,-1.252554663590584,-0.41330666351457834,-0.6485250297620143,-0.5325357855529484,0.3816114504887973,0.041920108521259096
247,2008,Q4,-1.978477566546999,-1.8174208597410435,-2.4410910390528304,-0.39917102092668266,-1.5875739667163116,-0.04082524973580163,-0.46676985656027126,-2.2528013437991516,-1.236136303998741,-2.0272023192162085,-2.0062165417904945,-1.0874219445859745,0.25155578387952765,-0.3179377900066864
248,2009,Q1,-2.4336727362204145,-2.0228623271361865,-3.483735568734618,-1.4985246452703775,-2.7997110523789934,0.056297121430416736,-0.9592823291151993,-1.1238692329092261,-0.5159098279325796,-2.106049609163326,-2.2201663436402828,-2.4511018665222664,0.6243116223841716,-0.3548758888947575
249,2009,Q2,-2.507785090619771,-2.293985704415146,-3.8237376544742063,-1.4195107812891332,-3.178998292107936,0.19625337179625388,-2.6500398236813996,-0.16646815676375232,-0.6789722094515419,-0.6928773658755962,0.16775133155496386,-0.7672265037641592,0.8458589158299359,-1.2194310086853002
250,2009,Q3,-2.397891412858195,-2.1155295174537443,-3.6359202336434358,-0.9978610507680993,-2.593252353103738,0.12812604640514785,-0.2528029909595411,0.29581344226726897,0.4371572477607513,0.36868656693518154,0.8620901095445563,1.1839002231562665,-0.23040020150627058,1.7301296908444312
251,2009,Q4,-2.062364402570596,-2.2383184797343607,-2.610913825619395,-0.3812405108477484,-1.940063658449663,0.05121651265790602,2.3355133237684984,0.8626760419868359,-0.3107161247299307,2.0524622188157,1.2571911680212888,1.3202575691890555,-0.2758239298291534,1.8679969395462708
252,2010,Q1,-1.9478153686619577,-2.098787176265921,-2.256748465883688,-0.19913667220987902,-1.6019478816858717,-0.11671504662789031,0.7166238760136838,0.3075091755997539,0.3405220522565704,0.7032497462809455,0.37665931234788164,0.683235750072377,-0.7466120951512766,-1.1675769332009414
253,2010,Q2,-1.6867015747411853,-1.8573125239667212,-1.6256535124317673,-0.057219976068753,-1.0512982377911169,-0.14680745188810002,0.35641680923771635,0.675726406438954,0.5936073427081808,1.260217544851472,0.295221570018469,1.1129417101092682,-0.03367429741162373,-0.25941518274455105
254,2010,Q3,-1.5152387127600377,-1.7047765683612501,-1.1040962720402414,0.15150261573160165,-0.6745579567021189,-0.3384042203801092,0.3335855699452035,0.45049478938292176,0.37280749511353206,1.0399125276628152,0.4306012207916676,0.7613276793072822,-0.8690143418408761,-0.015992515772146446
255,2010,Q4,-1.4463060409045885,-1.6040261122211203,-1.1341375899960062,0.32594419605753705,-0.7367437417356473,-0.498616687813798,0.08158322140483931,0.19290638489622486,0.24424444196991185,-0.06947643512242002,0.36113203224531526,-0.12610334133177306,-0.7066870652532398,-0.18134355180294234
256,2011,Q1,-1.6432887215573877,-1.5974573208044935,-1.3332628805324065,0.24397654687501835,-0.7768043384924496,-0.7354820008845032,0.04609984441624925,-0.4751574438857459,0.010428364264491341,-0.409542394552895,-0.1584716884045135,-0.08137011646841925,-1.1031543197518257,-0.02512125840867175
257,2011,Q2,-1.5083134713443622,-1.6941639792069263,-0.8673421601615374,0.27625632414009743,-0.8276351146666171,-0.8607763557247682,0.025544150773899578,0.35882631898061307,-0.24596400967418577,0.9280149523253627,0.07304645144810118,-0.1031455179551702,-0.5260820516084252,-0.014350669066317072
258,2011,Q3,-1.6299460264667938,-1.707392797068278,-0.8486600589747948,0.2655651427989665,-0.7778899696822147,-1.0910061716037962,0.009589013671985499,-0.2858539949265197,-0.038721322810069694,0.028517336992960177,-0.014032590185773844,0.10020123962961977,-1.0688339063091854,-0.011031285603122474
259,2011,Q4,-1.3458084068452507,-1.7676990267092172,-0.016651151422394653,0.1767410360332937,-0.7063441816267202,-1.0866890915465768,-0.07848887955926792,0.7335695697079432,-0.15559604362904944,1.6643007676511172,-0.17236604344592263,0.14427829138021328,0.14429997163394176,-0.06306913839583658
260,2012,Q1,-1.1914125706781051,-1.6208788670024943,0.12194178916950468,0.15680989658963163,-0.7492636840218221,-1.137999637604148,-0.27941558442041214,0.4076169995010116,0.35861741913713524,0.2696850480779454,-0.03275701994958393,-0.08715031897705475,-0.1434197081342742,-0.14449156541592797
261,2012,Q2,-1.1759400941440648,-1.6886997444330238,0.27188433009095136,0.11008055092945164,-0.8031403332679963,-1.1988445252395563,-0.09027030745297007,0.05859739356882602,-0.1742519622376022,0.29251165113388744,-0.08706258330055136,-0.10930373560878602,-0.19273365332969572,0.1369523152443793
262,2012,Q3,-1.2580044272408892,-1.7395643335791995,0.18763314301140874,0.02108203290883321,-0.8299358358670442,-1.1963233147280419,0.01500434118050926,-0.1864460530563642,-0.13215615908176062,-0.17850469411595893,-0.17271948133568454,-0.05455043781209869,0.1350112953648969,0.07643816346892122
263,2012,Q4,-1.3544155288187976,-1.7139349103835517,-0.04732924498406489,-0.12280480537768255,-1.046837710709634,-1.3224185671122126,-0.03672132025610469,-0.22248969247663442,0.05774842570364473,-0.481618870783138,-0.28394861097760066,-0.4389119623859894,-0.5302244894752536,-0.036840355854253506
264,2013,Q1,-1.1821591074175073,-1.6415258737406664,0.28489154772671543,-0.2028527355154073,-1.1286193810092822,-1.4236722238680164,0.03212113145990213,0.4524884627063533,0.17388383024252202,0.6591142784082633,-0.15458144950714814,-0.16572276201385225,-0.4017376846567946,0.050151684667324524
265,2013,Q2,-1.2759584411730933,-1.7153630887219966,0.2780781640480937,-0.22184616392755316,-1.0058234446390382,-1.403304156786151,-0.22416929189206156,-0.21592810212537378,-0.18918816507931152,-0.022759826593615272,-0.03085678358990121,0.24789704391555487,0.22731959999566428,-0.18443747413461242
266,2013,Q3,-1.1373616333923537,-1.7008850150725685,0.5993112878017302,-0.2436656413766653,-0.9886503829432864,-1.4409842397222126,-0.1512847125180267,0.36792482191404724,0.030064005177911694,0.6370156008766975,-0.03658366634354297,0.034346237276857955,-0.07291962106745287,0.05306815174826368
267,2013,Q4,-1.0394100459916025,-1.5311694853610887,0.4665702594415851,-0.014495282696999848,-0.9637927290841067,-1.5134679361374597,-0.03933591702139479,0.26581111808831764,0.4154576292549187,-0.2760286885315482,0.4720378561648882,0.049883126045004056,-0.25293241730550153,0.08125367927309894
268,2014,Q1,-1.316180443988195,-1.5315333029659584,0.1716800008769431,-0.28886594842232793,-0.8773030216701005,-1.521862033886338,-0.34553228701749494,-0.6756095330023935,-0.00678258071540749,-0.6021473188121829,-0.5483692106253276,0.17449225822393635,0.07855465292664289,-0.22044550328274098
269,2014,Q2,-1.0055333067007193,-1.3312268629248498,0.5431473176752678,-0.14308705609789416,-0.6713613864288595,-1.4478440920469282,-0.5893020548258502,0.8001698983614648,0.4914028430893808,0.7380478796505525,0.3030481662395699,0.41600296904928613,0.5048098663067305,-0.17540359821231485
270,2014,Q3,-0.7647193593844,-1.129636863141859,0.6207032845696563,-0.22976871216965422,-0.757440633116738,-1.2974029796187696,0.06841644452614841,0.6247267438834156,0.49458941772923887,0.14692594380342308,-0.1680244471859129,-0.17441170280557342,0.900089185314381,0.47503623878894957
271,2014,Q4,-0.794035287064079,-0.8980746047657274,0.4549449126989003,-0.2557079608002659,-0.5174950108302795,-1.2703163465812082,0.1965634807735143,-0.05392530405587622,0.5689987623165819,-0.3424340043483791,-0.04493222867196161,0.4847530280191512,0.26206966539097204,0.09294099840682712
272,2015,Q1,-0.6946133045269572,-0.8561112092911889,0.7146022825530189,-0.4818062082370727,-0.4541086683105185,-1.1584539078970044,-0.9667174142954168,0.2695052177157375,0.09829926267187583,0.513172888241659,-0.4505469590801527,0.1277813329206912,0.7005508546189804,-0.8388472496978336
273,2015,Q2,-0.6854819420509293,-0.8142750019091511,0.5611339486962121,-0.5496253529536207,-0.4913846429134323,-1.004983560834643,3.657234212925082,0.04266650091302346,0.09798350459936087,-0.3177159692510105,-0.12980027288549165,-0.07574010205175553,0.9157571273023628,3.336744064810957
274,2015,Q3,-0.7662463517569824,-0.7452906169007996,0.3647120805794636,-0.7439424906936813,-0.5078709424381813,-0.926979348952707,0.9247146225105494,-0.18318023260120658,0.1653817654824124,-0.4041052030506296,-0.38614372805579844,-0.03370704911335938,0.5254278293623265,-1.971080910854415
275,2015,Q4,-0.9000197777950522,-0.7796880162291678,0.07080770694676561,-0.8339004476449289,-0.6088655084983382,-0.8705272294407439,0.6182487821062543,-0.3163557189982715,-0.09127459529401098,-0.6001644821177723,-0.17466374847086882,-0.20456784552598184,0.41395513947569457,-0.22063993098054677
276,2016,Q1,-0.867393926556128,-0.7245291276057669,-0.09590429576367804,-0.9321269969056433,-0.7452951455013069,-0.712474370997718,0.3406266734312261,0.10169211929182137,0.13105848879634038,-0.3443519707971874,-0.19141974175852006,-0.2762113035028402,0.9394589963028154,-0.1998286649353556
277,2016,Q2,-0.9369547273269028,-0.7593175736142698,-0.25464426792951067,-0.8945328518906296,-0.8349343127040877,-0.7576652737848795,0.2975584684340128,-0.15503320832871442,-0.09224541059247943,-0.3283184214643591,0.08381581907601811,-0.1816092336422397,-0.11176741726670057,-0.030593846875243524
278,2016,Q3,-0.8966097072138481,-0.7614448645789882,-0.31257307198062595,-0.7656179796472917,-0.8334666737330708,-0.6936867809766225,0.24644260472177043,0.12108512336031069,-0.011160592352262324,-0.12556445204310523,0.2688738598152299,0.002592645057322826,0.45288338189533545,-0.03640037593782777
279,2016,Q4,-0.8960920836806325,-0.8009645915358702,-0.0937825102500234,-0.92025637834963,-0.735054391424872,-0.6831029406773345,0.05404763113827827,0.02102605268773658,-0.10399132267759827,0.43098053079183024,-0.3057362463351986,0.19859759992867218,0.17671318743990555,-0.13833576937982997
280,2017,Q1,-0.9044050250680142,-0.7468929473942764,-0.22841166066391003,-0.6915109782316408,-0.649807520815494,-0.7400491160650581,0.3153203598724096,-0.0011591312646601877,0.12835928783201994,-0.27982612733031575,0.47117669352190444,0.17197946160704294,-0.17256856059146602,0.18899355602305376
281,2017,Q2,-0.8814645903604541,-0.7942847758491337,-0.1087302319871572,-0.7209913668137182,-0.6230010598591774,-0.7110483551911424,0.166644450524265,0.07735927656477116,-0.12353465843152901,0.23164973730573035,-0.052108216438278385,0.05382326996609454,0.27197000244606695,-0.1067916860556384
282,2017,Q3,-0.8059637825482797,-0.8004754453704547,-0.029103515762535677,-0.7148888155410595,-0.7441594630611312,-0.7442542520690134,-0.23439831859558982,0.20940762867106164,-0.021248365159489403,0.151090687196768,0.019999281312969287,-0.24533556463826955,-0.04977803711365579,-0.2888788691218089
283,2017,Q4,-0.6614304208672097,-0.6244472947081888,0.0010985225117586396,-0.5077761428685601,-0.5114338386599007,-0.6507591292507359,-0.09684114690636435,0.3828393309524165,0.4311293873947548,0.05168652564204244,0.4273387798476248,0.47015546686517057,0.6055506072914951,0.09973057868860156
284,2018,Q1,-0.5924278084522855,-0.6354686670902937,0.13560989247321778,-0.5498149184523023,-0.5553203026882731,-0.6441128285357061,-0.14060799868680152,0.1930820977970004,-0.0332411027988676,0.26147609005998806,-0.07755731834437922,-0.08910534469861359,0.15634727022604375,-0.03109793296971151
285,2018,Q2,-0.5057572354207636,-0.5490038721242106,0.03436226663661457,-0.4933041805559433,-0.6318028048759239,-0.5598956711501359,-0.1943503466482537,0.23746962677928113,0.20877875687132763,-0.2126883613471314,0.12214958756792438,-0.15500877957095283,0.5575627021867446,-0.038295431091816316
286,2018,Q3,-0.5497954003233266,-0.5457502614930803,0.19702443047082058,-0.7837317127695446,-0.5561992578627528,-0.556923166196978,-0.600511350303953,-0.09091224021651527,0.0021980726209447185,0.31809367823795576,-0.5809078504600892,0.1524823636631135,0.13734550053056216,-0.29257176647666344
287,2018,Q4,-0.6791904164013249,-0.6295457269558979,0.13168453217034307,-0.8370873193867482,-0.55444396980495,-0.6253504737484386,-0.36610341172923755,-0.3053557624545377,-0.2139105892924016,-0.14046983212067082,-0.10049045348239556,0.0031742207311655137,-0.2319517825666469,0.16961013155830085
288,2019,Q1,-0.6656168613346068,-0.8074255693358312,0.19327937921605085,-0.8068982886056715,-0.6786900695627328,-0.5471451407877462,6.609084770089793,0.05382669968428958,-0.44748513959049907,0.1148245361295651,0.06880963183709994,-0.25157834199293694,0.5264680767432788,5.033203105971667
289,2019,Q2,-0.585898506123841,-0.6964704456139871,0.14021945895997542,-0.9380311258416305,-0.7338084917741152,-0.3892487029881044,0.8874870609540099,0.2200034473652268,0.2695786230469715,-0.1157720298883318,-0.2581031045122314,-0.11181438133017543,0.9386499505000929,-4.1277539981806495
290,2019,Q3,-0.5510997559547715,-0.6283968132153308,0.04976730810808135,-1.0153018418112534,-0.8726151198979808,-0.35979376401056606,0.593967430920073,0.10715113158703717,0.1631207245082045,-0.1909762291908323,-0.14895352879012283,-0.2810171599312404,0.2743191226163646,-0.21129900967315723
291,2019,Q4,-0.5951100164903292,-0.7021371206611811,-0.26010950439927916,-1.0250544789549316,-1.2482192045093914,-0.2956926607594308,0.5115413906466294,-0.09084213558327227,-0.18894758173527526,-0.6322886549027853,-0.012130665446459016,-0.7597798143159848,0.4535175530765471,-0.058991225847720145
292,2020,Q1,-1.2503171100927262,-1.592241714534493,-0.49658774753452023,-1.5863673672422498,-1.7373446171995897,-0.21249708981323434,0.19026695088185266,-1.626362716048372,-2.215659426250167,-0.48466759695508077,-1.1298469005687215,-0.9892998993982349,0.5522788074078155,-0.23132459910672154
293,2020,Q2,-4.472050647616796,-5.3153583023372635,-2.333214610744391,-3.9582079083034283,-3.9054231814225058,-0.12988402770686994,0.5154685430718805,-8.074292354647566,-9.248915362611811,-3.7029269470985366,-4.798813522886353,-4.383846780680781,0.5492659293009413,0.2351193693482902
294,2020,Q3,-1.914345436430665,-2.048384684806784,-0.6239467078561106,-2.6672547846357992,-1.9037395472656156,-0.2947288739353265,0.40374120790864476,6.445493518018252,8.104732817385136,3.428666232719904,2.6237009467145147,4.046676282621141,-0.7306468607089238,-0.08013263186077511
295,2020,Q4,-1.6064325739870786,-1.8336752673040941,-0.029784615697076848,-2.012202087015349,-1.034942684433069,-0.37696467642962367,0.23500376748636204,0.7933005314598512,0.5271597784465255,1.1859372407020732,1.335072499250491,1.756179223227544,-0.3033726937311017,-0.12126643794892855
296,2021,Q1,-1.184664169430428,-0.9429866445378844,-0.20250193752752976,-2.0436719554951184,-0.8190647160093941,-0.26445933647383657,0.17340199347152432,1.0793418174353997,2.205350611547199,-0.3564300204021445,-0.05613982309682263,0.4360924806506213,0.7038760971450742,-0.04396614693728193
297,2021,Q2,-0.7644291367526805,-0.0745229882362982,-0.4044159510748273,-1.7856422294847993,-0.6895318334397605,-0.4108764480913273,0.16479095015105197,1.0754895002272962,2.150174750076192,-0.4151511447603362,0.5305202854805346,0.2615179598354717,-0.6353341128634603,-0.005732391168067951
298,2021,Q3,-0.7515669859721564,-0.18325525809918955,-0.13130227394629088,-1.9088620434570647,-0.6476820803205855,-0.42434661052774836,0.04396980165084771,0.05203942615245396,-0.27581887911133784,0.5402365535543715,-0.24206765860692575,0.08423815107759922,0.052300005579860115,-0.08669398011131822
299,2021,Q4,-0.3569061711161565,-0.22882034629459763,0.7139425174973116,-1.291312688995578,-0.21018580020416297,-0.580265728539395,0.011893038240351376,1.0112389418637246,-0.11899957993504102,1.6909211118840723,1.2590733759757102,0.8841655838845919,-0.6844808125849349,-0.022663326052612096
300,2022,Q1,-0.7081735209036186,-0.2518081499604747,0.593676876975985,-1.4842774241896644,0.1838753739733604,-0.7234722691236504,-0.04950881625528881,-0.8627695385325382,-0.0629490511040629,-0.2509378731814896,-0.3834031348406024,0.7963474674181101,-0.6187282546941868,-0.04382190144433746
